Protocollo;Gruppo;DataOraIncidente;Localizzazione1;STRADA1;Localizzazione2;STRADA2;Strada02;Chilometrica;DaSpecificare;NaturaIncidente;particolaritastrade;TipoStrada;FondoStradale;Pavimentazione;Segnaletica;CondizioneAtmosferica;Traffico;Visibilita;Illuminazione;NUM_FERITI;NUM_RISERVATA;NUM_MORTI;NUM_ILLESI;Longitudine;Latitudine;Confermato;Progressivo;TipoVeicolo;StatoVeicolo;TipoPersona;Sesso;Tipolesione;Deceduto;DecedutoDopo;CinturaCascoUtilizzato;Airbag;
4635330;13;03/11/2019 02:15:00;Regionale entro l'abitato;VIA GUIDO CALZA;da specificare;;;;altezza sinagoga;Veicolo in marcia contro ostacolo fisso;Rettilineo;Una carreggiata a senso unico di marcia;Bagnato (pioggia);Asfaltata;Verticale ed orizzontale;Pioggia in atto;Normale;Insufficiente;Insufficiente;0;0;0;4;12.2915;41.7522;-1;1;Autovettura privata;In marcia / fermata / arresto;Passeggero;M;Illeso;0;;Non accertato;Esploso
4635330;13;03/11/2019 02:15:00;Regionale entro l'abitato;VIA GUIDO CALZA;da specificare;;;;altezza sinagoga;Veicolo in marcia contro ostacolo fisso;Rettilineo;Una carreggiata a senso unico di marcia;Bagnato (pioggia);Asfaltata;Verticale ed orizzontale;Pioggia in atto;Normale;Insufficiente;Insufficiente;0;0;0;4;12.2915;41.7522;-1;1;Autovettura privata;In marcia / fermata / arresto;Passeggero;M;Illeso;0;;Non accertato;Inesploso
4635330;13;03/11/2019 02:15:00;Regionale entro l'abitato;VIA GUIDO CALZA;da specificare;;;;altezza sinagoga;Veicolo in marcia contro ostacolo fisso;Rettilineo;Una carreggiata a senso unico di marcia;Bagnato (pioggia);Asfaltata;Verticale ed orizzontale;Pioggia in atto;Normale;Insufficiente;Insufficiente;0;0;0;4;12.2915;41.7522;-1;1;Autovettura privata;In marcia / fermata / arresto;Passeggero;M;Illeso;0;;Non accertato;Esploso
4635402;12;02/11/2019 17:30:00;Statale entro l'abitato;VIA OSTIENSE;in prossimit�;;del civico n.;537;;Scontro frontale fra veicoli in marcia;Rettilineo;Una carreggiata a doppio senso;Bagnato (umidit� in atto);Asfaltata;Verticale ed orizzontale;Nuvoloso;Intenso;Buona;Sufficiente;4;0;0;0;12.4693;41.8441;-1;1;Autovettura privata;In marcia / fermata / arresto;Conducente;F;Rimandato;0;NON DECEDUTO;;
4635402;12;02/11/2019 17:30:00;Statale entro l'abitato;VIA OSTIENSE;in prossimit�;;del civico n.;537;;Scontro frontale fra veicoli in marcia;Rettilineo;Una carreggiata a doppio senso;Bagnato (umidit� in atto);Asfaltata;Verticale ed orizzontale;Nuvoloso;Intenso;Buona;Sufficiente;4;0;0;0;12.4693;41.8441;-1;1;Autovettura privata;In marcia / fermata / arresto;Passeggero;F;Rimandato;0;NON DECEDUTO;Utilizzato;Inesploso
4635402;12;02/11/2019 17:30:00;Statale entro l'abitato;VIA OSTIENSE;in prossimit�;;del civico n.;537;;Scontro frontale fra veicoli in marcia;Rettilineo;Una carreggiata a doppio senso;Bagnato (umidit� in atto);Asfaltata;Verticale ed orizzontale;Nuvoloso;Intenso;Buona;Sufficiente;4;0;0;0;12.4693;41.8441;-1;1;Autovettura privata;In marcia / fermata / arresto;Passeggero;F;Rimandato;0;NON DECEDUTO;Utilizzato;Inesistente
4635402;12;02/11/2019 17:30:00;Statale entro l'abitato;VIA OSTIENSE;in prossimit�;;del civico n.;537;;Scontro frontale fra veicoli in marcia;Rettilineo;Una carreggiata a doppio senso;Bagnato (umidit� in atto);Asfaltata;Verticale ed orizzontale;Nuvoloso;Intenso;Buona;Sufficiente;4;0;0;0;12.4693;41.8441;-1;2;Autovettura privata;In marcia / fermata / arresto;Conducente;M;Rimandato;0;NON DECEDUTO;Non utilizzato;Esploso
4635433;20;02/11/2019 12:10:00;Strada Urbana;VIA DEI COLLI DELLA FARNESINA;da specificare;;;;entrata parcheggio autobus;Veicolo in marcia contro ostacolo fisso;Rettilineo;Una carreggiata a doppio senso;Asciutto;Asfaltata;Assente;Sereno;Scarso;Buona;Ore Diurne;0;0;0;1;12.4574;41.9414;-1;1;Autobus turistico;In marcia / fermata / arresto;Conducente;M;Illeso;0;;Non accertato;
4635453;20;02/11/2019 20:45:00;Strada Urbana;VIA DI VALLE MURICANA;in corrispondenza;;del civico n.;748;;Scontro frontale/laterale SX fra veicoli in marcia;Rettilineo;Una carreggiata a doppio senso;Bagnato (pioggia);Asfaltata;Verticale ed orizzontale;Nuvoloso;Scarso;Sufficiente;Sufficiente;0;0;0;2;12.4673;42.0413;-1;1;Autovettura privata;In marcia / fermata / arresto;Conducente;F;Illeso;0;;Non accertato;
4635453;20;02/11/2019 20:45:00;Strada Urbana;VIA DI VALLE MURICANA;in corrispondenza;;del civico n.;748;;Scontro frontale/laterale SX fra veicoli in marcia;Rettilineo;Una carreggiata a doppio senso;Bagnato (pioggia);Asfaltata;Verticale ed orizzontale;Nuvoloso;Scarso;Sufficiente;Sufficiente;0;0;0;2;12.4673;42.0413;-1;2;Autovettura privata;In marcia / fermata / arresto;Conducente;M;Illeso;0;;Non accertato;Inesploso
4635462;1;01/11/2019 14:45:00;Strada Urbana;LUNGOTEVERE DEI TEBALDI;da specificare;;;;corrispondenza palo Acea n. 7;Scontro laterale fra veicoli in marcia;Rettilineo;Una carreggiata a senso unico di marcia;Bagnato (pioggia);Asfaltata;Verticale ed orizzontale;Nuvoloso;Normale;Buona;Ore Diurne;1;0;0;1;12.4691;41.8944;-1;1;Autovettura privata;In marcia / fermata / arresto;Conducente;M;Illeso;0;;;
4635462;1;01/11/2019 14:45:00;Strada Urbana;LUNGOTEVERE DEI TEBALDI;da specificare;;;;corrispondenza palo Acea n. 7;Scontro laterale fra veicoli in marcia;Rettilineo;Una carreggiata a senso unico di marcia;Bagnato (pioggia);Asfaltata;Verticale ed orizzontale;Nuvoloso;Normale;Buona;Ore Diurne;1;0;0;1;12.4691;41.8944;-1;2;Motociclo a solo;In marcia / fermata / arresto;Conducente;M;Rimandato;0;NON DECEDUTO;;
4635464;20;02/11/2019 16:30:00;Strada Urbana;VIA GUSSAGO;in prossimit�;;del palo luce n.;9;;Veicolo in marcia contro veicolo fermo;Rettilineo;Una carreggiata a doppio senso;Bagnato (pioggia);Asfaltata;Verticale ed orizzontale;Pioggia in atto;Scarso;Sufficiente;Ore Diurne;0;0;0;3;12.4872;41.9978;-1;1;Autovettura privata;In marcia / fermata / arresto;Conducente;M;Illeso;0;;Non accertato;
4635464;20;02/11/2019 16:30:00;Strada Urbana;VIA GUSSAGO;in prossimit�;;del palo luce n.;9;;Veicolo in marcia contro veicolo fermo;Rettilineo;Una carreggiata a doppio senso;Bagnato (pioggia);Asfaltata;Verticale ed orizzontale;Pioggia in atto;Scarso;Sufficiente;Ore Diurne;0;0;0;3;12.4872;41.9978;-1;2;Autovettura privata;In marcia / fermata / arresto;Conducente;M;Illeso;0;;Non accertato;
4635464;20;02/11/2019 16:30:00;Strada Urbana;VIA GUSSAGO;in prossimit�;;del palo luce n.;9;;Veicolo in marcia contro veicolo fermo;Rettilineo;Una carreggiata a doppio senso;Bagnato (pioggia);Asfaltata;Verticale ed orizzontale;Pioggia in atto;Scarso;Sufficiente;Ore Diurne;0;0;0;3;12.4872;41.9978;-1;2;Autovettura privata;In marcia / fermata / arresto;Passeggero;M;Illeso;0;;Non accertato;
4635469;13;02/11/2019 05:00:00;Provinciale entro l'abitato;VIA LITORANEA;in prossimit�;;della chilometrica;3;;Fuoriuscita dalla sede stradale;Curva a visuale libera;Una carreggiata a doppio senso;Bagnato (pioggia);Asfaltata;Verticale ed orizzontale;Nuvoloso;Normale;Sufficiente;Sufficiente;0;0;0;0;12.3735;41.6876;-1;1;Autovettura privata;In marcia / fermata / arresto;;;;;;;
4635473;8;02/11/2019 10:45:00;Strada Urbana;VIA DI TOR BELLA MONACA;da specificare;;;; inversione di marcia direzione GRA;Tamponamento;Curva a visuale libera;Una carreggiata a doppio senso;Asciutto;Asfaltata;Verticale ed orizzontale;Nuvoloso;Normale;Buona;Ore Diurne;0;0;0;3;12.6281;41.8764;-1;1;Autovettura privata;In marcia / fermata / arresto;Conducente;F;Illeso;0;;Non accertato;Inesploso
4635473;8;02/11/2019 10:45:00;Strada Urbana;VIA DI TOR BELLA MONACA;da specificare;;;; inversione di marcia direzione GRA;Tamponamento;Curva a visuale libera;Una carreggiata a doppio senso;Asciutto;Asfaltata;Verticale ed orizzontale;Nuvoloso;Normale;Buona;Ore Diurne;0;0;0;3;12.6281;41.8764;-1;2;Autovettura privata;In marcia / fermata / arresto;Conducente;M;Illeso;0;;Non accertato;Inesploso
4635473;8;02/11/2019 10:45:00;Strada Urbana;VIA DI TOR BELLA MONACA;da specificare;;;; inversione di marcia direzione GRA;Tamponamento;Curva a visuale libera;Una carreggiata a doppio senso;Asciutto;Asfaltata;Verticale ed orizzontale;Nuvoloso;Normale;Buona;Ore Diurne;0;0;0;3;12.6281;41.8764;-1;2;Autovettura privata;In marcia / fermata / arresto;Passeggero;M;Illeso;0;;Non accertato;Inesploso
4635478;8;02/11/2019 14:00:00;Strada Urbana;VIA DELL'AQUILA REALE;all'intersezione con;VIA DEL PELLICANO;VIA DEL PELLICANO;;;Scontro frontale/laterale DX fra veicoli in marcia;Incrocio;Una carreggiata a doppio senso;Asciutto;Asfaltata;Verticale ed orizzontale;Nuvoloso;Normale;Sufficiente;Ore Diurne;0;0;0;3;12.5962;41.8644;-1;1;Autovettura privata;In marcia / fermata / arresto;Conducente;M;Illeso;0;;Non accertato;Inesploso
4635478;8;02/11/2019 14:00:00;Strada Urbana;VIA DELL'AQUILA REALE;all'intersezione con;VIA DEL PELLICANO;VIA DEL PELLICANO;;;Scontro frontale/laterale DX fra veicoli in marcia;Incrocio;Una carreggiata a doppio senso;Asciutto;Asfaltata;Verticale ed orizzontale;Nuvoloso;Normale;Sufficiente;Ore Diurne;0;0;0;3;12.5962;41.8644;-1;1;Autovettura privata;In marcia / fermata / arresto;Passeggero;M;Illeso;0;;Non accertato;Inesploso
4635478;8;02/11/2019 14:00:00;Strada Urbana;VIA DELL'AQUILA REALE;all'intersezione con;VIA DEL PELLICANO;VIA DEL PELLICANO;;;Scontro frontale/laterale DX fra veicoli in marcia;Incrocio;Una carreggiata a doppio senso;Asciutto;Asfaltata;Verticale ed orizzontale;Nuvoloso;Normale;Sufficiente;Ore Diurne;0;0;0;3;12.5962;41.8644;-1;2;Autovettura privata;In marcia / fermata / arresto;Conducente;M;Illeso;0;;Non accertato;Inesploso
4635479;8;02/11/2019 18:10:00;Strada Urbana;VIA VILLABATE;in corrispondenza;;del civico n.;71;;Scontro frontale/laterale DX fra veicoli in marcia;Rettilineo;Una carreggiata a doppio senso;Asciutto;Asfaltata;Verticale ed orizzontale;Nuvoloso;Normale;Sufficiente;Sufficiente;0;0;0;5;12.6516;41.8693;-1;1;Autovettura privata;In marcia / fermata / arresto;Conducente;F;Illeso;0;;Non accertato;Inesploso
4635479;8;02/11/2019 18:10:00;Strada Urbana;VIA VILLABATE;in corrispondenza;;del civico n.;71;;Scontro frontale/laterale DX fra veicoli in marcia;Rettilineo;Una carreggiata a doppio senso;Asciutto;Asfaltata;Verticale ed orizzontale;Nuvoloso;Normale;Sufficiente;Sufficiente;0;0;0;5;12.6516;41.8693;-1;1;Autovettura privata;In marcia / fermata / arresto;Passeggero;M;Illeso;0;;;
4635479;8;02/11/2019 18:10:00;Strada Urbana;VIA VILLABATE;in corrispondenza;;del civico n.;71;;Scontro frontale/laterale DX fra veicoli in marcia;Rettilineo;Una carreggiata a doppio senso;Asciutto;Asfaltata;Verticale ed orizzontale;Nuvoloso;Normale;Sufficiente;Sufficiente;0;0;0;5;12.6516;41.8693;-1;1;Autovettura privata;In marcia / fermata / arresto;Passeggero;F;Illeso;0;;;
4635479;8;02/11/2019 18:10:00;Strada Urbana;VIA VILLABATE;in corrispondenza;;del civico n.;71;;Scontro frontale/laterale DX fra veicoli in marcia;Rettilineo;Una carreggiata a doppio senso;Asciutto;Asfaltata;Verticale ed orizzontale;Nuvoloso;Normale;Sufficiente;Sufficiente;0;0;0;5;12.6516;41.8693;-1;2;Autovettura privata;In marcia / fermata / arresto;Conducente;M;Illeso;0;;;
4635479;8;02/11/2019 18:10:00;Strada Urbana;VIA VILLABATE;in corrispondenza;;del civico n.;71;;Scontro frontale/laterale DX fra veicoli in marcia;Rettilineo;Una carreggiata a doppio senso;Asciutto;Asfaltata;Verticale ed orizzontale;Nuvoloso;Normale;Sufficiente;Sufficiente;0;0;0;5;12.6516;41.8693;-1;2;Autovettura privata;In marcia / fermata / arresto;Passeggero;F;Illeso;0;;;
4635480;8;02/11/2019 18:40:00;Strada Urbana;VIA DEI CENTAURI;da specificare;;;;in prossimit� via di torrenova;Veicolo in marcia contro veicolo in sosta;Rettilineo;Una carreggiata a doppio senso;Asciutto;Strada pavimentata dissestata;Verticale;Nuvoloso;Scarso;Insufficiente;Insufficiente;0;0;0;0;12.6186;41.8794;-1;1;Autovettura privata;Sosta;;;;;;;
4635481;8;02/11/2019 18:55:00;Strada Urbana;VIA DEL FOSSO DI S. MAURA;in prossimit�;;del palo luce n.;22;;Tamponamento;Rettilineo;Due carreggiate;Bagnato (pioggia);Asfaltata;Verticale ed orizzontale;Pioggia in atto;Intenso;Buona;Sufficiente;0;0;0;1;12.5947;41.858;-1;1;Autovettura privata;In marcia / fermata / arresto;Conducente;M;Illeso;0;;;
4635481;8;02/11/2019 18:55:00;Strada Urbana;VIA DEL FOSSO DI S. MAURA;in prossimit�;;del palo luce n.;22;;Tamponamento;Rettilineo;Due carreggiate;Bagnato (pioggia);Asfaltata;Verticale ed orizzontale;Pioggia in atto;Intenso;Buona;Sufficiente;0;0;0;1;12.5947;41.858;-1;2;Autovettura privata;Allontanatosi;;;;;;;
4635483;8;02/11/2019 19:00:00;Strada Urbana;VIALE S. RITA DA CASCIA;all'intersezione semaforizzata con;VIA FRANCESCO MERLINI;VIA FRANCESCO MERLINI;;;Investimento di pedone;Intersezione semaforizzata;Una carreggiata a doppio senso;Asciutto;Strada pavimentata dissestata;Verticale ed orizzontale;Nuvoloso;Normale;Sufficiente;Sufficiente;1;0;0;1;12.6446;41.869;-1;;;;Pedone;F;Rimandato;0;NON DECEDUTO;;
4635483;8;02/11/2019 19:00:00;Strada Urbana;VIALE S. RITA DA CASCIA;all'intersezione semaforizzata con;VIA FRANCESCO MERLINI;VIA FRANCESCO MERLINI;;;Investimento di pedone;Intersezione semaforizzata;Una carreggiata a doppio senso;Asciutto;Strada pavimentata dissestata;Verticale ed orizzontale;Nuvoloso;Normale;Sufficiente;Sufficiente;1;0;0;1;12.6446;41.869;-1;1;Autovettura privata;In marcia / fermata / arresto;Conducente;M;Illeso;0;;Non accertato;Inesploso
4635484;8;03/11/2019 00:30:00;Provinciale entro l'abitato;VIA PRENESTINA;da specificare;;;;INTERSEZIONE CON VIA AVOLA;Veicolo in marcia contro ostacolo fisso;Curva a visuale libera;Una carreggiata a doppio senso;Bagnato (pioggia);Asfaltata;Verticale ed orizzontale;Nuvoloso;Scarso;Sufficiente;Sufficiente;1;0;0;1;12.6155;41.8933;-1;1;Autovettura privata;In marcia / fermata / arresto;Conducente;F;Rimandato;0;NON DECEDUTO;;
4635484;8;03/11/2019 00:30:00;Provinciale entro l'abitato;VIA PRENESTINA;da specificare;;;;INTERSEZIONE CON VIA AVOLA;Veicolo in marcia contro ostacolo fisso;Curva a visuale libera;Una carreggiata a doppio senso;Bagnato (pioggia);Asfaltata;Verticale ed orizzontale;Nuvoloso;Scarso;Sufficiente;Sufficiente;1;0;0;1;12.6155;41.8933;-1;1;Autovettura privata;In marcia / fermata / arresto;Passeggero;M;Illeso;0;;;
4635487;1;01/11/2019 11:55:00;Strada Urbana;VIA DELL'AMBA ARADAM;in corrispondenza;;del civico n.;26;;Scontro laterale fra veicoli in marcia;Rettilineo;Una carreggiata a doppio senso;Asciutto;Asfaltata;Verticale ed orizzontale;Nuvoloso;Normale;Buona;Ore Diurne;0;0;0;7;12.5006;41.884;-1;1;Autovettura privata;In marcia / fermata / arresto;Conducente;M;Illeso;0;;Non accertato;Inesploso
4635487;1;01/11/2019 11:55:00;Strada Urbana;VIA DELL'AMBA ARADAM;in corrispondenza;;del civico n.;26;;Scontro laterale fra veicoli in marcia;Rettilineo;Una carreggiata a doppio senso;Asciutto;Asfaltata;Verticale ed orizzontale;Nuvoloso;Normale;Buona;Ore Diurne;0;0;0;7;12.5006;41.884;-1;1;Autovettura privata;In marcia / fermata / arresto;Passeggero;M;Illeso;0;;Non accertato;Inesploso
4635487;1;01/11/2019 11:55:00;Strada Urbana;VIA DELL'AMBA ARADAM;in corrispondenza;;del civico n.;26;;Scontro laterale fra veicoli in marcia;Rettilineo;Una carreggiata a doppio senso;Asciutto;Asfaltata;Verticale ed orizzontale;Nuvoloso;Normale;Buona;Ore Diurne;0;0;0;7;12.5006;41.884;-1;2;Autovettura privata;In marcia / fermata / arresto;Conducente;F;Illeso;0;;Non accertato;Inesploso
4635487;1;01/11/2019 11:55:00;Strada Urbana;VIA DELL'AMBA ARADAM;in corrispondenza;;del civico n.;26;;Scontro laterale fra veicoli in marcia;Rettilineo;Una carreggiata a doppio senso;Asciutto;Asfaltata;Verticale ed orizzontale;Nuvoloso;Normale;Buona;Ore Diurne;0;0;0;7;12.5006;41.884;-1;2;Autovettura privata;In marcia / fermata / arresto;Passeggero;F;Illeso;0;;Non accertato;Inesploso
4635488;12;03/11/2019 08:15:00;Strada Urbana;VIA CRISTOFORO COLOMBO;in prossimit�;;della chilometrica;11.5;;Fuoriuscita dalla sede stradale;Curva a visuale libera;Pi� di due carreggiate;Bagnato (umidit� in atto);Asfaltata;Verticale ed orizzontale;Nuvoloso;Scarso;Buona;Ore Diurne;0;0;0;1;12.46;41.8119;-1;1;Autovettura privata;In marcia / fermata / arresto;Conducente;F;Illeso;0;;Utilizzato;Inesploso
4635496;12;03/11/2019 08:30:00;Strada Urbana;VIA CRISTOFORO COLOMBO;in prossimit�;;della chilometrica;11.5;;Veicolo in marcia contro ostacolo accidentale;Curva a visuale libera;Pi� di due carreggiate;Bagnato (umidit� in atto);Asfaltata;Verticale ed orizzontale;Nuvoloso;Scarso;Buona;Ore Diurne;0;0;0;1;12.4593;41.8111;-1;1;Motociclo a solo;In marcia / fermata / arresto;Conducente;M;Illeso;0;;Utilizzato;
4635498;20;02/11/2019 11:50:00;Strada Urbana;VIA ANTONIO LABRANCA;in prossimit�;;del palo luce n.;90;;Infortunio per caduta del veicolo;Rettilineo;Una carreggiata a doppio senso;Bagnato (pioggia);Asfaltata;Assente;Nuvoloso;Scarso;Buona;Ore Diurne;1;0;0;1;12.403;41.99;-1;1;Motociclo a solo;In marcia / fermata / arresto;Conducente;M;Illeso;0;;Non accertato;
4635498;20;02/11/2019 11:50:00;Strada Urbana;VIA ANTONIO LABRANCA;in prossimit�;;del palo luce n.;90;;Infortunio per caduta del veicolo;Rettilineo;Una carreggiata a doppio senso;Bagnato (pioggia);Asfaltata;Assente;Nuvoloso;Scarso;Buona;Ore Diurne;1;0;0;1;12.403;41.99;-1;1;Motociclo a solo;In marcia / fermata / arresto;Passeggero;M;Rimandato;0;NON DECEDUTO;Non accertato;
4635503;1;01/11/2019 18:15:00;Strada Urbana;VIA BENIAMINO FRANKLIN;all'intersezione con;VIA GIOVANNI BRANCA;VIA GIOVANNI BRANCA;;;Scontro frontale/laterale DX fra veicoli in marcia;Intersezione stradale segnalata;Una carreggiata a doppio senso;Asciutto;Asfaltata;Verticale ed orizzontale;Sereno;Normale;Buona;Sufficiente;1;0;0;2;12.4727;41.8782;-1;1;Autovettura privata;In marcia / fermata / arresto;Conducente;F;Rifiuta cure immediate;0;NON DECEDUTO;Non accertato;
4635503;1;01/11/2019 18:15:00;Strada Urbana;VIA BENIAMINO FRANKLIN;all'intersezione con;VIA GIOVANNI BRANCA;VIA GIOVANNI BRANCA;;;Scontro frontale/laterale DX fra veicoli in marcia;Intersezione stradale segnalata;Una carreggiata a doppio senso;Asciutto;Asfaltata;Verticale ed orizzontale;Sereno;Normale;Buona;Sufficiente;1;0;0;2;12.4727;41.8782;-1;1;Autovettura privata;In marcia / fermata / arresto;Passeggero;F;Illeso;0;;Non accertato;
4635503;1;01/11/2019 18:15:00;Strada Urbana;VIA BENIAMINO FRANKLIN;all'intersezione con;VIA GIOVANNI BRANCA;VIA GIOVANNI BRANCA;;;Scontro frontale/laterale DX fra veicoli in marcia;Intersezione stradale segnalata;Una carreggiata a doppio senso;Asciutto;Asfaltata;Verticale ed orizzontale;Sereno;Normale;Buona;Sufficiente;1;0;0;2;12.4727;41.8782;-1;2;Autovettura privata;In marcia / fermata / arresto;Conducente;M;Illeso;0;;Non accertato;
4635505;16;02/11/2019 02:20:00;Strada Urbana;VIA DELLA CASETTA MATTEI;in corrispondenza;;del civico n.;90;;Veicolo in marcia contro veicolo in sosta;Rettilineo;Una carreggiata a doppio senso;Bagnato (umidit� in atto);Asfaltata;Verticale ed orizzontale;Pioggia in atto;Scarso;Sufficiente;Sufficiente;0;0;0;3;12.4207;41.8538;-1;1;Autovettura privata;Sosta;;;;;;;
4635505;16;02/11/2019 02:20:00;Strada Urbana;VIA DELLA CASETTA MATTEI;in corrispondenza;;del civico n.;90;;Veicolo in marcia contro veicolo in sosta;Rettilineo;Una carreggiata a doppio senso;Bagnato (umidit� in atto);Asfaltata;Verticale ed orizzontale;Pioggia in atto;Scarso;Sufficiente;Sufficiente;0;0;0;3;12.4207;41.8538;-1;2;Autovettura privata;In marcia / fermata / arresto;Conducente;M;Illeso;0;;Non accertato;
4635505;16;02/11/2019 02:20:00;Strada Urbana;VIA DELLA CASETTA MATTEI;in corrispondenza;;del civico n.;90;;Veicolo in marcia contro veicolo in sosta;Rettilineo;Una carreggiata a doppio senso;Bagnato (umidit� in atto);Asfaltata;Verticale ed orizzontale;Pioggia in atto;Scarso;Sufficiente;Sufficiente;0;0;0;3;12.4207;41.8538;-1;2;Autovettura privata;In marcia / fermata / arresto;Passeggero;M;Illeso;0;;Non accertato;
4635505;16;02/11/2019 02:20:00;Strada Urbana;VIA DELLA CASETTA MATTEI;in corrispondenza;;del civico n.;90;;Veicolo in marcia contro veicolo in sosta;Rettilineo;Una carreggiata a doppio senso;Bagnato (umidit� in atto);Asfaltata;Verticale ed orizzontale;Pioggia in atto;Scarso;Sufficiente;Sufficiente;0;0;0;3;12.4207;41.8538;-1;2;Autovettura privata;In marcia / fermata / arresto;Passeggero;M;Illeso;0;;Non accertato;
4635511;16;02/11/2019 10:30:00;Strada Urbana;VIALE DEI COLLI PORTUENSI;all'intersezione con;LARGO NOSTRA SIGNORA DI COROMOTO;LARGO NOSTRA SIGNORA DI COROMOTO;;;Scontro laterale fra veicoli in marcia;Intersezione semaforizzata;Due carreggiate;Asciutto;Asfaltata;Verticale ed orizzontale;Nuvoloso;Normale;Buona;Ore Diurne;1;0;0;1;12.4441;41.8666;-1;1;Motociclo a solo;In marcia / fermata / arresto;Conducente;M;Rimandato;0;NON DECEDUTO;Non accertato;
4635511;16;02/11/2019 10:30:00;Strada Urbana;VIALE DEI COLLI PORTUENSI;all'intersezione con;LARGO NOSTRA SIGNORA DI COROMOTO;LARGO NOSTRA SIGNORA DI COROMOTO;;;Scontro laterale fra veicoli in marcia;Intersezione semaforizzata;Due carreggiate;Asciutto;Asfaltata;Verticale ed orizzontale;Nuvoloso;Normale;Buona;Ore Diurne;1;0;0;1;12.4441;41.8666;-1;2;Autovettura privata;In marcia / fermata / arresto;Conducente;M;Illeso;0;;Non accertato;Inesploso
4635520;16;01/11/2019 16:00:00;Strada Urbana;VIALE DEI QUATTRO VENTI;da specificare;;;;prossimit� fronte civico 114;Veicolo in marcia contro veicolo in sosta;Rettilineo;Una carreggiata a doppio senso;Asciutto;Asfaltata;Assente;Nuvoloso;Normale;Buona;Ore Diurne;0;0;0;1;12.4585;41.8796;-1;1;Autovettura privata;Sosta;;;;;;;
4635520;16;01/11/2019 16:00:00;Strada Urbana;VIALE DEI QUATTRO VENTI;da specificare;;;;prossimit� fronte civico 114;Veicolo in marcia contro veicolo in sosta;Rettilineo;Una carreggiata a doppio senso;Asciutto;Asfaltata;Assente;Nuvoloso;Normale;Buona;Ore Diurne;0;0;0;1;12.4585;41.8796;-1;2;Autovettura privata;In marcia / fermata / arresto;Conducente;F;Illeso;0;;;
4635523;16;02/11/2019 17:35:00;Strada Urbana;VIA ILDEBRANDO DELLA GIOVANNA;in prossimit�;;del civico n.;7;;Investimento di pedone;Curva senza visuale libera;Una carreggiata a senso unico di marcia;Bagnato (umidit� in atto);Asfaltata;Verticale;Nuvoloso;Normale;Sufficiente;Sufficiente;0;0;0;2;12.3475;41.8814;0;;;;Pedone;F;Illeso;0;;;
4635523;16;02/11/2019 17:35:00;Strada Urbana;VIA ILDEBRANDO DELLA GIOVANNA;in prossimit�;;del civico n.;7;;Investimento di pedone;Curva senza visuale libera;Una carreggiata a senso unico di marcia;Bagnato (umidit� in atto);Asfaltata;Verticale;Nuvoloso;Normale;Sufficiente;Sufficiente;0;0;0;2;12.3475;41.8814;0;1;Quadriciclo leggero;In marcia / fermata / arresto;Conducente;M;Illeso;0;;Non accertato;Inesploso
4635527;1;02/11/2019 00:35:00;Strada Urbana;VIA DI S. FRANCESCO A RIPA;all'intersezione con;VIALE DI TRASTEVERE;VIALE DI TRASTEVERE;;;Scontro laterale fra veicoli in marcia;Incrocio;Una carreggiata a senso unico di marcia;Bagnato (pioggia);Asfaltata;Verticale ed orizzontale;Pioggia in atto;Scarso;Sufficiente;Sufficiente;0;0;0;1;12.4718;41.8873;-1;1;Autovettura pubblica;In marcia / fermata / arresto;Conducente;M;Illeso;0;;Non accertato;Inesploso
4635527;1;02/11/2019 00:35:00;Strada Urbana;VIA DI S. FRANCESCO A RIPA;all'intersezione con;VIALE DI TRASTEVERE;VIALE DI TRASTEVERE;;;Scontro laterale fra veicoli in marcia;Incrocio;Una carreggiata a senso unico di marcia;Bagnato (pioggia);Asfaltata;Verticale ed orizzontale;Pioggia in atto;Scarso;Sufficiente;Sufficiente;0;0;0;1;12.4718;41.8873;-1;2;Autovettura privata;In marcia / fermata / arresto;;;;;;;
4635530;15;02/11/2019 11:00:00;Strada Urbana;VIA ANTONIO PACINOTTI;in corrispondenza;;del civico n.;17;;Scontro frontale/laterale SX fra veicoli in marcia;Rettilineo;Due carreggiate;Asciutto;Asfaltata;Verticale ed orizzontale;Sereno;Normale;Buona;Ore Diurne;1;0;0;1;12.4679;41.8712;-1;1;Autovettura privata;In marcia / fermata / arresto;Conducente;M;Illeso;0;;;
4635530;15;02/11/2019 11:00:00;Strada Urbana;VIA ANTONIO PACINOTTI;in corrispondenza;;del civico n.;17;;Scontro frontale/laterale SX fra veicoli in marcia;Rettilineo;Due carreggiate;Asciutto;Asfaltata;Verticale ed orizzontale;Sereno;Normale;Buona;Ore Diurne;1;0;0;1;12.4679;41.8712;-1;2;Ciclomotore;In marcia / fermata / arresto;Conducente;F;Rimandato;0;NON DECEDUTO;;
4635533;23;03/11/2019 01:20:00;Strada Urbana;VIALE DEL MURO TORTO;in prossimit�;;del palo luce n.;12;;Scontro frontale fra veicoli in marcia;Rettilineo;Due carreggiate;Bagnato (pioggia);Asfaltata;Orizzontale;Pioggia in atto;Scarso;Buona;Sufficiente;2;0;0;0;12.4817;41.9107;-1;1;Autovettura privata;In marcia / fermata / arresto;Conducente;F;Rifiuta cure immediate;0;NON DECEDUTO;Non accertato;Esploso