Protocollo;Gruppo;DataOraIncidente;Localizzazione1;STRADA1;Localizzazione2;STRADA2;Strada02;Chilometrica;DaSpecificare;NaturaIncidente;particolaritastrade;TipoStrada;FondoStradale;Pavimentazione;Segnaletica;CondizioneAtmosferica;Traffico;Visibilita;Illuminazione;NUM_FERITI;NUM_RISERVATA;NUM_MORTI;NUM_ILLESI;Longitudine;Latitudine;Confermato;Progressivo;TipoVeicolo;StatoVeicolo;TipoPersona;Sesso;Tipolesione;Deceduto;DecedutoDopo;CinturaCascoUtilizzato;Airbag;
4640533;11;05/11/2019 20:30:00;Strada Urbana;VIA CRISTOFORO COLOMBO;in corrispondenza;;del palo luce n.;211;;Tamponamento;Rettilineo;Pi� di due carreggiate;Bagnato (pioggia);Asfaltata;Verticale ed orizzontale;Pioggia in atto;Normale;Buona;Sufficiente;0;0;0;6;12.493;41.8559;-1;1;Autovettura privata;In marcia / fermata / arresto;Passeggero;F;Illeso;0;;Non accertato;
4640533;11;05/11/2019 20:30:00;Strada Urbana;VIA CRISTOFORO COLOMBO;in corrispondenza;;del palo luce n.;211;;Tamponamento;Rettilineo;Pi� di due carreggiate;Bagnato (pioggia);Asfaltata;Verticale ed orizzontale;Pioggia in atto;Normale;Buona;Sufficiente;0;0;0;6;12.493;41.8559;-1;1;Autovettura privata;In marcia / fermata / arresto;Passeggero;F;Illeso;0;;Non accertato;
4640533;11;05/11/2019 20:30:00;Strada Urbana;VIA CRISTOFORO COLOMBO;in corrispondenza;;del palo luce n.;211;;Tamponamento;Rettilineo;Pi� di due carreggiate;Bagnato (pioggia);Asfaltata;Verticale ed orizzontale;Pioggia in atto;Normale;Buona;Sufficiente;0;0;0;6;12.493;41.8559;-1;1;Autovettura privata;In marcia / fermata / arresto;Passeggero;F;Illeso;0;;Non accertato;
4640533;11;05/11/2019 20:30:00;Strada Urbana;VIA CRISTOFORO COLOMBO;in corrispondenza;;del palo luce n.;211;;Tamponamento;Rettilineo;Pi� di due carreggiate;Bagnato (pioggia);Asfaltata;Verticale ed orizzontale;Pioggia in atto;Normale;Buona;Sufficiente;0;0;0;6;12.493;41.8559;-1;1;Autovettura privata;In marcia / fermata / arresto;Passeggero;F;Illeso;0;;Non accertato;
4640533;11;05/11/2019 20:30:00;Strada Urbana;VIA CRISTOFORO COLOMBO;in corrispondenza;;del palo luce n.;211;;Tamponamento;Rettilineo;Pi� di due carreggiate;Bagnato (pioggia);Asfaltata;Verticale ed orizzontale;Pioggia in atto;Normale;Buona;Sufficiente;0;0;0;6;12.493;41.8559;-1;2;Autovettura privata;In marcia / fermata / arresto;Conducente;M;Illeso;0;;Non accertato;
4640545;7;05/11/2019 12:30:00;Strada Urbana;VIA PRENESTINA;in corrispondenza;;del civico n.;1082;;Scontro frontale/laterale DX fra veicoli in marcia;Rettilineo;Una carreggiata a doppio senso;Asciutto;Asfaltata;Verticale ed orizzontale;Nuvoloso;Intenso;Buona;Ore Diurne;1;0;0;1;12.6147;41.893;-1;1;Autovettura privata;In marcia / fermata / arresto;Conducente;M;Illeso;0;;Non accertato;Inesploso
4640545;7;05/11/2019 12:30:00;Strada Urbana;VIA PRENESTINA;in corrispondenza;;del civico n.;1082;;Scontro frontale/laterale DX fra veicoli in marcia;Rettilineo;Una carreggiata a doppio senso;Asciutto;Asfaltata;Verticale ed orizzontale;Nuvoloso;Intenso;Buona;Ore Diurne;1;0;0;1;12.6147;41.893;-1;2;Motociclo a solo;In marcia / fermata / arresto;Conducente;M;Rimandato;0;NON DECEDUTO;Non accertato;
4640546;8;05/11/2019 07:12:00;Strada Urbana;VIA DI PASSO LOMBARDO;all'intersezione con;VIA ANTONIO CARPENE';VIA ANTONIO CARPENE';;;Scontro laterale fra veicoli in marcia;Incrocio;Una carreggiata a doppio senso;Bagnato (pioggia);Asfaltata;Verticale ed orizzontale;Nuvoloso;Normale;Buona;Ore Diurne;0;0;0;2;12.635;41.8359;-1;1;Autovettura privata;In marcia / fermata / arresto;Conducente;F;Illeso;0;;Non accertato;Inesploso
4640546;8;05/11/2019 07:12:00;Strada Urbana;VIA DI PASSO LOMBARDO;all'intersezione con;VIA ANTONIO CARPENE';VIA ANTONIO CARPENE';;;Scontro laterale fra veicoli in marcia;Incrocio;Una carreggiata a doppio senso;Bagnato (pioggia);Asfaltata;Verticale ed orizzontale;Nuvoloso;Normale;Buona;Ore Diurne;0;0;0;2;12.635;41.8359;-1;2;Autovettura privata;In marcia / fermata / arresto;Conducente;M;Illeso;0;;Non accertato;Inesploso
4640551;20;05/11/2019 16:20:00;Provinciale entro l'abitato;VIA CASSIA;in corrispondenza;;del civico n.;1669;;Scontro frontale/laterale DX fra veicoli in marcia;Rettilineo;Una carreggiata a doppio senso;Bagnato (pioggia);Asfaltata;Verticale ed orizzontale;Pioggia in atto;Normale;Sufficiente;Ore Diurne;1;0;0;2;12.3822;42.0031;-1;1;Motociclo a solo;In marcia / fermata / arresto;Conducente;F;Rimandato;0;NON DECEDUTO;Non accertato;
4640551;20;05/11/2019 16:20:00;Provinciale entro l'abitato;VIA CASSIA;in corrispondenza;;del civico n.;1669;;Scontro frontale/laterale DX fra veicoli in marcia;Rettilineo;Una carreggiata a doppio senso;Bagnato (pioggia);Asfaltata;Verticale ed orizzontale;Pioggia in atto;Normale;Sufficiente;Ore Diurne;1;0;0;2;12.3822;42.0031;-1;2;Autovettura privata;In marcia / fermata / arresto;Conducente;M;Illeso;0;;Non accertato;
4640551;20;05/11/2019 16:20:00;Provinciale entro l'abitato;VIA CASSIA;in corrispondenza;;del civico n.;1669;;Scontro frontale/laterale DX fra veicoli in marcia;Rettilineo;Una carreggiata a doppio senso;Bagnato (pioggia);Asfaltata;Verticale ed orizzontale;Pioggia in atto;Normale;Sufficiente;Ore Diurne;1;0;0;2;12.3822;42.0031;-1;2;Autovettura privata;In marcia / fermata / arresto;Passeggero;F;Illeso;0;;Non accertato;
4640554;11;05/11/2019 17:45:00;Strada Urbana;VIA DEL SERAFICO;in prossimit�;;del civico n.;74;;Investimento di pedone;Rettilineo;Una carreggiata a doppio senso;Bagnato (umidit� in atto);Asfaltata;Verticale;Pioggia in atto;Normale;Buona;Sufficiente;1;0;0;1;12.4856;41.8299;-1;;;;Pedone;M;Rimandato;0;NON DECEDUTO;;
4640554;11;05/11/2019 17:45:00;Strada Urbana;VIA DEL SERAFICO;in prossimit�;;del civico n.;74;;Investimento di pedone;Rettilineo;Una carreggiata a doppio senso;Bagnato (umidit� in atto);Asfaltata;Verticale;Pioggia in atto;Normale;Buona;Sufficiente;1;0;0;1;12.4856;41.8299;-1;1;Autovettura privata;In marcia / fermata / arresto;Conducente;F;Illeso;0;;;
4640560;8;05/11/2019 07:35:00;Strada Urbana;VIA DI TOR VERGATA;da specificare;;;;20 m prima del sottopasso per lo vincolo per TV;Veicolo in marcia contro ostacolo accidentale;Rettilineo;Due carreggiate;Bagnato (umidit� in atto);Asfaltata;Verticale ed orizzontale;Nuvoloso;Scarso;Buona;Ore Diurne;1;0;0;0;12.6226;41.8468;-1;1;Autovettura privata;In marcia / fermata / arresto;Conducente;M;Rifiuta cure immediate;0;NON DECEDUTO;Non accertato;Inesploso
4640564;15;05/11/2019 21:45:00;Strada Urbana;VIA PIETRO FRATTINI;all'intersezione con;VIA LUIGI ANGELONI;VIA LUIGI ANGELONI;;;Scontro frontale/laterale SX fra veicoli in marcia;Incrocio;Una carreggiata a doppio senso;Bagnato (pioggia);Asfaltata;Verticale ed orizzontale;Nuvoloso;Scarso;Sufficiente;Sufficiente;0;0;0;2;12.4491;41.8499;-1;1;Autovettura privata;In marcia / fermata / arresto;Conducente;M;Illeso;0;;Utilizzato;Inesploso
4640564;15;05/11/2019 21:45:00;Strada Urbana;VIA PIETRO FRATTINI;all'intersezione con;VIA LUIGI ANGELONI;VIA LUIGI ANGELONI;;;Scontro frontale/laterale SX fra veicoli in marcia;Incrocio;Una carreggiata a doppio senso;Bagnato (pioggia);Asfaltata;Verticale ed orizzontale;Nuvoloso;Scarso;Sufficiente;Sufficiente;0;0;0;2;12.4491;41.8499;-1;2;Autovettura privata;In marcia / fermata / arresto;Conducente;F;Illeso;0;;Utilizzato;Inesploso
4640567;20;05/11/2019 11:55:00;Strada Urbana;VIA CASSIA;in corrispondenza;;del civico n.;735;;Veicolo in marcia contro ostacolo accidentale;Rettilineo;Una carreggiata a doppio senso;Bagnato (umidit� in atto);Asfaltata;Verticale ed orizzontale;Nuvoloso;Normale;Buona;Ore Diurne;0;0;0;1;12.4433;41.9652;-1;1;Autovettura privata;In marcia / fermata / arresto;Conducente;M;Illeso;0;;;
4640571;8;05/11/2019 16:50:00;Strada Urbana;VIA COLLATINA;all'intersezione con;VIA CELESTINO ROSATELLI;VIA CELESTINO ROSATELLI;;;Scontro frontale/laterale DX fra veicoli in marcia;Incrocio;Una carreggiata a doppio senso;Bagnato (pioggia);Asfaltata;Verticale ed orizzontale;Nuvoloso;Intenso;Buona;Sufficiente;1;0;0;2;12.6639;41.9174;-1;1;Autovettura privata;In marcia / fermata / arresto;Conducente;F;Illeso;0;;Non accertato;Inesploso
4640571;8;05/11/2019 16:50:00;Strada Urbana;VIA COLLATINA;all'intersezione con;VIA CELESTINO ROSATELLI;VIA CELESTINO ROSATELLI;;;Scontro frontale/laterale DX fra veicoli in marcia;Incrocio;Una carreggiata a doppio senso;Bagnato (pioggia);Asfaltata;Verticale ed orizzontale;Nuvoloso;Intenso;Buona;Sufficiente;1;0;0;2;12.6639;41.9174;-1;1;Autovettura privata;In marcia / fermata / arresto;Passeggero;F;Illeso;0;;Non accertato;Inesploso
4640571;8;05/11/2019 16:50:00;Strada Urbana;VIA COLLATINA;all'intersezione con;VIA CELESTINO ROSATELLI;VIA CELESTINO ROSATELLI;;;Scontro frontale/laterale DX fra veicoli in marcia;Incrocio;Una carreggiata a doppio senso;Bagnato (pioggia);Asfaltata;Verticale ed orizzontale;Nuvoloso;Intenso;Buona;Sufficiente;1;0;0;2;12.6639;41.9174;-1;2;Motociclo a solo;In marcia / fermata / arresto;Conducente;M;Rimandato;0;NON DECEDUTO;Non accertato;
4640572;19;05/11/2019 19:25:00;Strada Urbana;VIA TRIONFALE;in prossimit�;;del civico n.;8110;;Veicolo in marcia contro ostacolo fisso;Rettilineo;Pi� di due carreggiate;Bagnato (pioggia);Asfaltata;Verticale ed orizzontale;Pioggia in atto;Intenso;Sufficiente;Sufficiente;1;0;0;0;12.4292;41.9373;-1;1;Motociclo a solo;In marcia / fermata / arresto;Conducente;M;Rimandato;0;NON DECEDUTO;Non accertato;
4640588;8;05/11/2019 12:30:00;Strada Urbana;VIA SANT'ALFIO;all'intersezione con;VIA SAN MICHELE DI GANZARIA;VIA SAN MICHELE DI GANZARIA;;;Scontro laterale fra veicoli in marcia;Intersezione stradale segnalata;Una carreggiata a doppio senso;Asciutto;Asfaltata;Verticale ed orizzontale;Nuvoloso;Scarso;Buona;Ore Diurne;1;0;0;1;12.6488;41.8756;-1;1;Autovettura privata;In marcia / fermata / arresto;Conducente;M;Illeso;0;;Esente;Esploso
4640588;8;05/11/2019 12:30:00;Strada Urbana;VIA SANT'ALFIO;all'intersezione con;VIA SAN MICHELE DI GANZARIA;VIA SAN MICHELE DI GANZARIA;;;Scontro laterale fra veicoli in marcia;Intersezione stradale segnalata;Una carreggiata a doppio senso;Asciutto;Asfaltata;Verticale ed orizzontale;Nuvoloso;Scarso;Buona;Ore Diurne;1;0;0;1;12.6488;41.8756;-1;2;Autovettura privata;In marcia / fermata / arresto;Conducente;F;Rifiuta cure immediate;0;NON DECEDUTO;Non accertato;Inesploso
4640593;18;06/11/2019 06:30:00;Strada Urbana;VIA AURELIA;da specificare;;;;fronte civico 565;Scontro frontale/laterale SX fra veicoli in marcia;Rettilineo;Una carreggiata a doppio senso;Asciutto;Asfaltata;Verticale;Sereno;Intenso;Buona;Ore Diurne;1;0;0;1;12.419;41.896;-1;1;Autovettura privata;In marcia / fermata / arresto;Conducente;M;Illeso;0;;Non accertato;Inesploso
4640593;18;06/11/2019 06:30:00;Strada Urbana;VIA AURELIA;da specificare;;;;fronte civico 565;Scontro frontale/laterale SX fra veicoli in marcia;Rettilineo;Una carreggiata a doppio senso;Asciutto;Asfaltata;Verticale;Sereno;Intenso;Buona;Ore Diurne;1;0;0;1;12.419;41.896;-1;2;Motociclo a solo;In marcia / fermata / arresto;Conducente;M;Rifiuta cure immediate;0;NON DECEDUTO;Non accertato;
4640598;20;05/11/2019 21:15:00;Statale;VIA FLAMINIA;in corrispondenza;;del civico n.;1852;;Veicolo in marcia contro ostacolo accidentale;Rettilineo;Una carreggiata a doppio senso;Bagnato (umidit� in atto);Asfaltata;Verticale ed orizzontale;Pioggia in atto;Scarso;Insufficiente;Inesistente;0;0;0;1;12.4862;42.0447;-1;1;Autovettura privata;In marcia / fermata / arresto;Conducente;M;Illeso;0;;;
4640609;8;05/11/2019 15:20:00;;VIA DI VALLE S. MARIA;all'intersezione con;VICOLO DI VALLE S. MARIA;VICOLO DI VALLE S. MARIA;;;Scontro laterale fra veicoli in marcia;;;;;;;;;;1;0;0;0;;;0;1;Autovettura privata;In marcia / fermata / arresto;Conducente;M;Ricoverato;0;NON DECEDUTO;;
4640609;8;05/11/2019 15:20:00;;VIA DI VALLE S. MARIA;all'intersezione con;VICOLO DI VALLE S. MARIA;VICOLO DI VALLE S. MARIA;;;Scontro laterale fra veicoli in marcia;;;;;;;;;;1;0;0;0;;;0;2;Autovettura privata;Allontanatosi;;;;;;;
4640613;15;05/11/2019 17:30:00;Strada Urbana;VIA DEL PONTE PISANO;da specificare;;;;pross.t� civ. 188;Tamponamento;Rettilineo;Una carreggiata a senso unico di marcia;Bagnato (pioggia);Asfaltata;Orizzontale;Pioggia in atto;Intenso;Sufficiente;Sufficiente;0;0;0;3;12.4046;41.8478;-1;1;Autocarro inferiore 35 q.;In marcia / fermata / arresto;Conducente;M;Illeso;0;;Non utilizzato;Inesploso
4640613;15;05/11/2019 17:30:00;Strada Urbana;VIA DEL PONTE PISANO;da specificare;;;;pross.t� civ. 188;Tamponamento;Rettilineo;Una carreggiata a senso unico di marcia;Bagnato (pioggia);Asfaltata;Orizzontale;Pioggia in atto;Intenso;Sufficiente;Sufficiente;0;0;0;3;12.4046;41.8478;-1;2;Autovettura privata;In marcia / fermata / arresto;Conducente;M;Illeso;0;;Non accertato;Inesploso
4640613;15;05/11/2019 17:30:00;Strada Urbana;VIA DEL PONTE PISANO;da specificare;;;;pross.t� civ. 188;Tamponamento;Rettilineo;Una carreggiata a senso unico di marcia;Bagnato (pioggia);Asfaltata;Orizzontale;Pioggia in atto;Intenso;Sufficiente;Sufficiente;0;0;0;3;12.4046;41.8478;-1;2;Autovettura privata;In marcia / fermata / arresto;Passeggero;F;Illeso;0;;Non accertato;Inesploso
4640625;13;05/11/2019 17:20:00;Strada Urbana;CORSO DUCA DI GENOVA;all'intersezione con;VIA FRANCO MEZZADRA;VIA FRANCO MEZZADRA;;;Scontro frontale/laterale DX fra veicoli in marcia;Incrocio;Una carreggiata a doppio senso;Bagnato (pioggia);Asfaltata;Verticale ed orizzontale;Pioggia in atto;Normale;Sufficiente;Sufficiente;0;0;0;2;12.2715;41.7339;-1;1;Autovettura privata;In marcia / fermata / arresto;Conducente;M;Illeso;0;;Non accertato;Inesploso
4640625;13;05/11/2019 17:20:00;Strada Urbana;CORSO DUCA DI GENOVA;all'intersezione con;VIA FRANCO MEZZADRA;VIA FRANCO MEZZADRA;;;Scontro frontale/laterale DX fra veicoli in marcia;Incrocio;Una carreggiata a doppio senso;Bagnato (pioggia);Asfaltata;Verticale ed orizzontale;Pioggia in atto;Normale;Sufficiente;Sufficiente;0;0;0;2;12.2715;41.7339;-1;2;Autovettura privata;In marcia / fermata / arresto;Conducente;F;Illeso;0;;Non accertato;Inesploso
4640628;8;05/11/2019 19:20:00;Strada Urbana;VIALE PAOLO FERDINANDO QUAGLIA;in prossimit�;;del civico n.;164;;Scontro frontale fra veicoli in marcia;Rettilineo;Una carreggiata a doppio senso;Bagnato (pioggia);Asfaltata;Verticale ed orizzontale;Pioggia in atto;Scarso;Buona;Sufficiente;0;0;0;3;12.6409;41.8683;-1;1;Autovettura privata;In marcia / fermata / arresto;Conducente;M;Illeso;0;;Non accertato;Inesploso
4640628;8;05/11/2019 19:20:00;Strada Urbana;VIALE PAOLO FERDINANDO QUAGLIA;in prossimit�;;del civico n.;164;;Scontro frontale fra veicoli in marcia;Rettilineo;Una carreggiata a doppio senso;Bagnato (pioggia);Asfaltata;Verticale ed orizzontale;Pioggia in atto;Scarso;Buona;Sufficiente;0;0;0;3;12.6409;41.8683;-1;2;Autovettura privata;In marcia / fermata / arresto;Conducente;F;Illeso;0;;Non accertato;Inesploso
4640628;8;05/11/2019 19:20:00;Strada Urbana;VIALE PAOLO FERDINANDO QUAGLIA;in prossimit�;;del civico n.;164;;Scontro frontale fra veicoli in marcia;Rettilineo;Una carreggiata a doppio senso;Bagnato (pioggia);Asfaltata;Verticale ed orizzontale;Pioggia in atto;Scarso;Buona;Sufficiente;0;0;0;3;12.6409;41.8683;-1;2;Autovettura privata;In marcia / fermata / arresto;Passeggero;F;Illeso;0;;Non accertato;Inesploso
4640633;19;05/11/2019 17:30:00;Strada Urbana;VIA TRIONFALE;in corrispondenza;;del civico n.;8265;;Scontro laterale fra veicoli in marcia;Rettilineo;Una carreggiata a senso unico di marcia;Bagnato (pioggia);Asfaltata;Verticale ed orizzontale;Pioggia in atto;Intenso;Sufficiente;Sufficiente;0;0;0;3;12.4272;41.9374;-1;1;Autocarro inferiore 35 q.;In marcia / fermata / arresto;Conducente;M;Illeso;0;;Non accertato;Inesploso
4640633;19;05/11/2019 17:30:00;Strada Urbana;VIA TRIONFALE;in corrispondenza;;del civico n.;8265;;Scontro laterale fra veicoli in marcia;Rettilineo;Una carreggiata a senso unico di marcia;Bagnato (pioggia);Asfaltata;Verticale ed orizzontale;Pioggia in atto;Intenso;Sufficiente;Sufficiente;0;0;0;3;12.4272;41.9374;-1;1;Autocarro inferiore 35 q.;In marcia / fermata / arresto;Passeggero;M;Illeso;0;;Non accertato;Inesploso
4640633;19;05/11/2019 17:30:00;Strada Urbana;VIA TRIONFALE;in corrispondenza;;del civico n.;8265;;Scontro laterale fra veicoli in marcia;Rettilineo;Una carreggiata a senso unico di marcia;Bagnato (pioggia);Asfaltata;Verticale ed orizzontale;Pioggia in atto;Intenso;Sufficiente;Sufficiente;0;0;0;3;12.4272;41.9374;-1;2;Motociclo a solo;In marcia / fermata / arresto;Conducente;M;Illeso;0;;Non accertato;
4640637;20;05/11/2019 18:10:00;Strada Urbana;PIAZZA DELLA VISIONE;in corrispondenza;;del civico n.;16;;Investimento di pedone;Rettilineo;Una carreggiata a doppio senso;Bagnato (pioggia);Asfaltata;Verticale ed orizzontale;Pioggia in atto;Intenso;Sufficiente;Sufficiente;1;0;0;1;12.3826;42.0029;-1;;;;Pedone;F;Rimandato;0;NON DECEDUTO;;
4640637;20;05/11/2019 18:10:00;Strada Urbana;PIAZZA DELLA VISIONE;in corrispondenza;;del civico n.;16;;Investimento di pedone;Rettilineo;Una carreggiata a doppio senso;Bagnato (pioggia);Asfaltata;Verticale ed orizzontale;Pioggia in atto;Intenso;Sufficiente;Sufficiente;1;0;0;1;12.3826;42.0029;-1;1;Motociclo a solo;In marcia / fermata / arresto;Conducente;M;Illeso;0;;;
4640640;10;05/11/2019 16:20:00;Strada Urbana;VIALE PALMIRO TOGLIATTI;da specificare;;;;altezza palo acea n. 64;Tamponamento;Rettilineo;Due carreggiate;Asciutto;Asfaltata;Verticale ed orizzontale;Nuvoloso;Normale;Buona;Ore Diurne;0;0;0;3;12.5701;41.8608;-1;1;Autovettura privata;In marcia / fermata / arresto;Conducente;M;Illeso;0;;Non accertato;Inesploso
4640640;10;05/11/2019 16:20:00;Strada Urbana;VIALE PALMIRO TOGLIATTI;da specificare;;;;altezza palo acea n. 64;Tamponamento;Rettilineo;Due carreggiate;Asciutto;Asfaltata;Verticale ed orizzontale;Nuvoloso;Normale;Buona;Ore Diurne;0;0;0;3;12.5701;41.8608;-1;1;Autovettura privata;In marcia / fermata / arresto;Passeggero;F;Illeso;0;;Non accertato;Inesploso
4640640;10;05/11/2019 16:20:00;Strada Urbana;VIALE PALMIRO TOGLIATTI;da specificare;;;;altezza palo acea n. 64;Tamponamento;Rettilineo;Due carreggiate;Asciutto;Asfaltata;Verticale ed orizzontale;Nuvoloso;Normale;Buona;Ore Diurne;0;0;0;3;12.5701;41.8608;-1;2;Autovettura privata;In marcia / fermata / arresto;Conducente;M;Illeso;0;;Non accertato;Inesploso
4640672;20;05/11/2019 20:00:00;Statale entro l'abitato;VIA FLAMINIA;in corrispondenza;;del civico n.;844;;Tamponamento Multiplo;Rettilineo;Due carreggiate;Bagnato (pioggia);Asfaltata;Orizzontale;Nuvoloso;Intenso;Sufficiente;Sufficiente;1;0;0;4;12.4849;41.9525;-1;1;Autovettura privata;In marcia / fermata / arresto;Conducente;F;Rimandato;0;NON DECEDUTO;Non accertato;
4640672;20;05/11/2019 20:00:00;Statale entro l'abitato;VIA FLAMINIA;in corrispondenza;;del civico n.;844;;Tamponamento Multiplo;Rettilineo;Due carreggiate;Bagnato (pioggia);Asfaltata;Orizzontale;Nuvoloso;Intenso;Sufficiente;Sufficiente;1;0;0;4;12.4849;41.9525;-1;1;Autovettura privata;In marcia / fermata / arresto;Passeggero;M;Illeso;0;;Non accertato;
4640672;20;05/11/2019 20:00:00;Statale entro l'abitato;VIA FLAMINIA;in corrispondenza;;del civico n.;844;;Tamponamento Multiplo;Rettilineo;Due carreggiate;Bagnato (pioggia);Asfaltata;Orizzontale;Nuvoloso;Intenso;Sufficiente;Sufficiente;1;0;0;4;12.4849;41.9525;-1;2;Autovettura pubblica;In marcia / fermata / arresto;Conducente;M;Illeso;0;;Non accertato;
4640672;20;05/11/2019 20:00:00;Statale entro l'abitato;VIA FLAMINIA;in corrispondenza;;del civico n.;844;;Tamponamento Multiplo;Rettilineo;Due carreggiate;Bagnato (pioggia);Asfaltata;Orizzontale;Nuvoloso;Intenso;Sufficiente;Sufficiente;1;0;0;4;12.4849;41.9525;-1;3;Autovettura privata;In marcia / fermata / arresto;Conducente;M;Illeso;0;;Non accertato;
4640672;20;05/11/2019 20:00:00;Statale entro l'abitato;VIA FLAMINIA;in corrispondenza;;del civico n.;844;;Tamponamento Multiplo;Rettilineo;Due carreggiate;Bagnato (pioggia);Asfaltata;Orizzontale;Nuvoloso;Intenso;Sufficiente;Sufficiente;1;0;0;4;12.4849;41.9525;-1;3;Autovettura privata;In marcia / fermata / arresto;Passeggero;F;Illeso;0;;Non accertato;Inesploso
4640675;3;05/11/2019 18:25:00;Strada Urbana;VIA TIBURTINA;da specificare;;;;dir. GRA altezza Via Masaniello;Scontro frontale fra veicoli in marcia;Rettilineo;Una carreggiata a senso unico di marcia;Bagnato (pioggia);Asfaltata;Verticale ed orizzontale;Pioggia in atto;Intenso;Sufficiente;Sufficiente;0;0;0;3;12.532;41.9083;-1;1;Autovettura privata;In marcia / fermata / arresto;Conducente;M;Illeso;0;;Non accertato;
4640675;3;05/11/2019 18:25:00;Strada Urbana;VIA TIBURTINA;da specificare;;;;dir. GRA altezza Via Masaniello;Scontro frontale fra veicoli in marcia;Rettilineo;Una carreggiata a senso unico di marcia;Bagnato (pioggia);Asfaltata;Verticale ed orizzontale;Pioggia in atto;Intenso;Sufficiente;Sufficiente;0;0;0;3;12.532;41.9083;-1;1;Autovettura privata;In marcia / fermata / arresto;Passeggero;F;Illeso;0;;Non accertato;Inesploso
4640675;3;05/11/2019 18:25:00;Strada Urbana;VIA TIBURTINA;da specificare;;;;dir. GRA altezza Via Masaniello;Scontro frontale fra veicoli in marcia;Rettilineo;Una carreggiata a senso unico di marcia;Bagnato (pioggia);Asfaltata;Verticale ed orizzontale;Pioggia in atto;Intenso;Sufficiente;Sufficiente;0;0;0;3;12.532;41.9083;-1;2;Autobus in extraurbana;In marcia / fermata / arresto;Conducente;M;Illeso;0;;Non accertato;
4640678;19;05/11/2019 22:00:00;Strada Urbana;VIA DI CASAL DEL MARMO;in corrispondenza;;del civico n.;ft. 333;;Scontro frontale fra veicoli in marcia;Rettilineo;Una carreggiata a doppio senso;Asciutto;Asfaltata;Orizzontale;Nuvoloso;Normale;Buona;Sufficiente;1;0;0;1;12.389;41.9421;-1;1;Motociclo a solo;In marcia / fermata / arresto;Conducente;M;Rimandato;0;NON DECEDUTO;Non accertato;
4640678;19;05/11/2019 22:00:00;Strada Urbana;VIA DI CASAL DEL MARMO;in corrispondenza;;del civico n.;ft. 333;;Scontro frontale fra veicoli in marcia;Rettilineo;Una carreggiata a doppio senso;Asciutto;Asfaltata;Orizzontale;Nuvoloso;Normale;Buona;Sufficiente;1;0;0;1;12.389;41.9421;-1;2;Autovettura privata;In marcia / fermata / arresto;Conducente;M;Illeso;0;;Non accertato;Inesploso
4640679;13;05/11/2019 17:00:00;Strada Urbana;VIALE DEI ROMAGNOLI;in prossimit�;;del civico n.;1847;;Tamponamento Multiplo;Rettilineo;Una carreggiata a doppio senso;Bagnato (pioggia);Asfaltata;Verticale;Sereno;Intenso;Sufficiente;Ore Diurne;0;0;0;4;12.3487;41.7791;-1;1;Autovettura privata;In marcia / fermata / arresto;Conducente;F;Illeso;0;;Non accertato;Inesploso
4640679;13;05/11/2019 17:00:00;Strada Urbana;VIALE DEI ROMAGNOLI;in prossimit�;;del civico n.;1847;;Tamponamento Multiplo;Rettilineo;Una carreggiata a doppio senso;Bagnato (pioggia);Asfaltata;Verticale;Sereno;Intenso;Sufficiente;Ore Diurne;0;0;0;4;12.3487;41.7791;-1;2;Autovettura privata;In marcia / fermata / arresto;Conducente;M;Illeso;0;;Non accertato;Inesploso
4640679;13;05/11/2019 17:00:00;Strada Urbana;VIALE DEI ROMAGNOLI;in prossimit�;;del civico n.;1847;;Tamponamento Multiplo;Rettilineo;Una carreggiata a doppio senso;Bagnato (pioggia);Asfaltata;Verticale;Sereno;Intenso;Sufficiente;Ore Diurne;0;0;0;4;12.3487;41.7791;-1;3;Autovettura privata;In marcia / fermata / arresto;Conducente;F;Illeso;0;;Non accertato;Inesploso
4640679;13;05/11/2019 17:00:00;Strada Urbana;VIALE DEI ROMAGNOLI;in prossimit�;;del civico n.;1847;;Tamponamento Multiplo;Rettilineo;Una carreggiata a doppio senso;Bagnato (pioggia);Asfaltata;Verticale;Sereno;Intenso;Sufficiente;Ore Diurne;0;0;0;4;12.3487;41.7791;-1;4;Autovettura privata;In marcia / fermata / arresto;Conducente;F;Illeso;0;;Non accertato;Inesploso
4640680;18;02/11/2019 18:00:00;Strada Urbana;VIA DELLA PINETA SACCHETTI;in corrispondenza;;del civico n.;75;;Scontro frontale/laterale DX fra veicoli in marcia;Rettilineo;Una carreggiata a doppio senso;Asciutto;Asfaltata;Verticale ed orizzontale;Nuvoloso;Normale;Sufficiente;Sufficiente;0;0;0;2;12.4233;41.9128;-1;1;Autovettura privata;In marcia / fermata / arresto;Conducente;F;Illeso;0;;Non accertato;Inesploso
4640680;18;02/11/2019 18:00:00;Strada Urbana;VIA DELLA PINETA SACCHETTI;in corrispondenza;;del civico n.;75;;Scontro frontale/laterale DX fra veicoli in marcia;Rettilineo;Una carreggiata a doppio senso;Asciutto;Asfaltata;Verticale ed orizzontale;Nuvoloso;Normale;Sufficiente;Sufficiente;0;0;0;2;12.4233;41.9128;-1;2;Motociclo a solo;In marcia / fermata / arresto;Conducente;M;Illeso;0;;Non accertato;