Protocollo;Gruppo;DataOraIncidente;Localizzazione1;STRADA1;Localizzazione2;STRADA2;Strada02;Chilometrica;DaSpecificare;NaturaIncidente;particolaritastrade;TipoStrada;FondoStradale;Pavimentazione;Segnaletica;CondizioneAtmosferica;Traffico;Visibilita;Illuminazione;NUM_FERITI;NUM_RISERVATA;NUM_MORTI;NUM_ILLESI;Longitudine;Latitudine;Confermato;Progressivo;TipoVeicolo;StatoVeicolo;TipoPersona;Sesso;Tipolesione;Deceduto;DecedutoDopo;CinturaCascoUtilizzato;Airbag;
4642674;19;06/11/2019 20:10:00;Strada Urbana;VIA DI CASAL DEL MARMO;all'intersezione con;VIA DELLA PALMAROLA;VIA DELLA PALMAROLA;;;Scontro frontale/laterale DX fra veicoli in marcia;Incrocio;Una carreggiata a doppio senso;Asciutto;Asfaltata;Verticale;Sereno;Normale;Buona;Sufficiente;1;0;0;1;12.389;41.9421;-1;1;Autovettura privata;In marcia / fermata / arresto;Conducente;F;Rimandato;0;NON DECEDUTO;Non accertato;Inesploso
4642674;19;06/11/2019 20:10:00;Strada Urbana;VIA DI CASAL DEL MARMO;all'intersezione con;VIA DELLA PALMAROLA;VIA DELLA PALMAROLA;;;Scontro frontale/laterale DX fra veicoli in marcia;Incrocio;Una carreggiata a doppio senso;Asciutto;Asfaltata;Verticale;Sereno;Normale;Buona;Sufficiente;1;0;0;1;12.389;41.9421;-1;2;Autovettura privata;In marcia / fermata / arresto;Conducente;F;Illeso;0;;Non accertato;Inesploso
4642676;17;06/11/2019 23:50:00;Strada Urbana;VIA FABIO MASSIMO;all'intersezione con;VIA DEGLI SCIPIONI;VIA DEGLI SCIPIONI;;;Scontro frontale/laterale SX fra veicoli in marcia;Incrocio;Una carreggiata a senso unico di marcia;Bagnato (pioggia);Asfaltata;Verticale ed orizzontale;Nuvoloso;Scarso;Sufficiente;Sufficiente;1;0;0;4;12.4622;41.9088;-1;1;Autovettura privata;In marcia / fermata / arresto;Conducente;M;Illeso;0;;;
4642676;17;06/11/2019 23:50:00;Strada Urbana;VIA FABIO MASSIMO;all'intersezione con;VIA DEGLI SCIPIONI;VIA DEGLI SCIPIONI;;;Scontro frontale/laterale SX fra veicoli in marcia;Incrocio;Una carreggiata a senso unico di marcia;Bagnato (pioggia);Asfaltata;Verticale ed orizzontale;Nuvoloso;Scarso;Sufficiente;Sufficiente;1;0;0;4;12.4622;41.9088;-1;1;Autovettura privata;In marcia / fermata / arresto;Passeggero;F;Illeso;0;;;
4642676;17;06/11/2019 23:50:00;Strada Urbana;VIA FABIO MASSIMO;all'intersezione con;VIA DEGLI SCIPIONI;VIA DEGLI SCIPIONI;;;Scontro frontale/laterale SX fra veicoli in marcia;Incrocio;Una carreggiata a senso unico di marcia;Bagnato (pioggia);Asfaltata;Verticale ed orizzontale;Nuvoloso;Scarso;Sufficiente;Sufficiente;1;0;0;4;12.4622;41.9088;-1;1;Autovettura privata;In marcia / fermata / arresto;Passeggero;M;Illeso;0;;;
4642676;17;06/11/2019 23:50:00;Strada Urbana;VIA FABIO MASSIMO;all'intersezione con;VIA DEGLI SCIPIONI;VIA DEGLI SCIPIONI;;;Scontro frontale/laterale SX fra veicoli in marcia;Incrocio;Una carreggiata a senso unico di marcia;Bagnato (pioggia);Asfaltata;Verticale ed orizzontale;Nuvoloso;Scarso;Sufficiente;Sufficiente;1;0;0;4;12.4622;41.9088;-1;1;Autovettura privata;In marcia / fermata / arresto;Passeggero;F;Illeso;0;;;
4642676;17;06/11/2019 23:50:00;Strada Urbana;VIA FABIO MASSIMO;all'intersezione con;VIA DEGLI SCIPIONI;VIA DEGLI SCIPIONI;;;Scontro frontale/laterale SX fra veicoli in marcia;Incrocio;Una carreggiata a senso unico di marcia;Bagnato (pioggia);Asfaltata;Verticale ed orizzontale;Nuvoloso;Scarso;Sufficiente;Sufficiente;1;0;0;4;12.4622;41.9088;-1;2;Motociclo a solo;In marcia / fermata / arresto;Conducente;M;Rimandato;0;NON DECEDUTO;;
4642679;8;06/11/2019 09:55:00;Strada Urbana;VIA BORGHESIANA;all'intersezione con;VIA MESORACA;VIA MESORACA;;;Scontro frontale/laterale DX fra veicoli in marcia;Incrocio;Una carreggiata a doppio senso;Asciutto;Asfaltata;Verticale;Nuvoloso;Intenso;Buona;Ore Diurne;0;0;0;4;12.6724;41.8765;-1;1;Autovettura privata;In marcia / fermata / arresto;Conducente;M;Illeso;0;;Non accertato;Inesploso
4642679;8;06/11/2019 09:55:00;Strada Urbana;VIA BORGHESIANA;all'intersezione con;VIA MESORACA;VIA MESORACA;;;Scontro frontale/laterale DX fra veicoli in marcia;Incrocio;Una carreggiata a doppio senso;Asciutto;Asfaltata;Verticale;Nuvoloso;Intenso;Buona;Ore Diurne;0;0;0;4;12.6724;41.8765;-1;1;Autovettura privata;In marcia / fermata / arresto;Passeggero;F;Illeso;0;;;
4642679;8;06/11/2019 09:55:00;Strada Urbana;VIA BORGHESIANA;all'intersezione con;VIA MESORACA;VIA MESORACA;;;Scontro frontale/laterale DX fra veicoli in marcia;Incrocio;Una carreggiata a doppio senso;Asciutto;Asfaltata;Verticale;Nuvoloso;Intenso;Buona;Ore Diurne;0;0;0;4;12.6724;41.8765;-1;2;Autovettura privata;In marcia / fermata / arresto;Conducente;M;Illeso;0;;Non accertato;Inesploso
4642679;8;06/11/2019 09:55:00;Strada Urbana;VIA BORGHESIANA;all'intersezione con;VIA MESORACA;VIA MESORACA;;;Scontro frontale/laterale DX fra veicoli in marcia;Incrocio;Una carreggiata a doppio senso;Asciutto;Asfaltata;Verticale;Nuvoloso;Intenso;Buona;Ore Diurne;0;0;0;4;12.6724;41.8765;-1;3;Autovettura privata;In marcia / fermata / arresto;Conducente;M;Illeso;0;;Non accertato;Inesploso
4642686;19;06/11/2019 13:00:00;Strada Urbana;VIA TRIONFALE;in corrispondenza;;del civico n.;7585;;Tamponamento;Curva a visuale libera;Una carreggiata a senso unico di marcia;Asciutto;Asfaltata;Verticale ed orizzontale;Sereno;Normale;Buona;Ore Diurne;0;0;0;6;12.4337;41.9344;-1;1;Autovettura privata;In marcia / fermata / arresto;Conducente;F;Illeso;0;;;
4642686;19;06/11/2019 13:00:00;Strada Urbana;VIA TRIONFALE;in corrispondenza;;del civico n.;7585;;Tamponamento;Curva a visuale libera;Una carreggiata a senso unico di marcia;Asciutto;Asfaltata;Verticale ed orizzontale;Sereno;Normale;Buona;Ore Diurne;0;0;0;6;12.4337;41.9344;-1;1;Autovettura privata;In marcia / fermata / arresto;Passeggero;F;Illeso;0;;;
4642686;19;06/11/2019 13:00:00;Strada Urbana;VIA TRIONFALE;in corrispondenza;;del civico n.;7585;;Tamponamento;Curva a visuale libera;Una carreggiata a senso unico di marcia;Asciutto;Asfaltata;Verticale ed orizzontale;Sereno;Normale;Buona;Ore Diurne;0;0;0;6;12.4337;41.9344;-1;1;Autovettura privata;In marcia / fermata / arresto;Passeggero;F;Illeso;0;;;
4642686;19;06/11/2019 13:00:00;Strada Urbana;VIA TRIONFALE;in corrispondenza;;del civico n.;7585;;Tamponamento;Curva a visuale libera;Una carreggiata a senso unico di marcia;Asciutto;Asfaltata;Verticale ed orizzontale;Sereno;Normale;Buona;Ore Diurne;0;0;0;6;12.4337;41.9344;-1;1;Autovettura privata;In marcia / fermata / arresto;Passeggero;F;Illeso;0;;;
4642686;19;06/11/2019 13:00:00;Strada Urbana;VIA TRIONFALE;in corrispondenza;;del civico n.;7585;;Tamponamento;Curva a visuale libera;Una carreggiata a senso unico di marcia;Asciutto;Asfaltata;Verticale ed orizzontale;Sereno;Normale;Buona;Ore Diurne;0;0;0;6;12.4337;41.9344;-1;2;Autovettura privata;In marcia / fermata / arresto;Conducente;F;Illeso;0;;;
4642686;19;06/11/2019 13:00:00;Strada Urbana;VIA TRIONFALE;in corrispondenza;;del civico n.;7585;;Tamponamento;Curva a visuale libera;Una carreggiata a senso unico di marcia;Asciutto;Asfaltata;Verticale ed orizzontale;Sereno;Normale;Buona;Ore Diurne;0;0;0;6;12.4337;41.9344;-1;2;Autovettura privata;In marcia / fermata / arresto;Passeggero;M;Illeso;0;;;
4642689;7;06/11/2019 09:40:00;Strada Urbana;VIALE GIORGIO DE CHIRICO;in corrispondenza;;del civico n.;86;;Investimento di pedone;Rettilineo;Due carreggiate;Asciutto;Asfaltata;Verticale ed orizzontale;Nuvoloso;Normale;Buona;Ore Diurne;1;0;0;1;12.5859;41.8998;-1;;;;Pedone;F;Rimandato;0;NON DECEDUTO;;
4642689;7;06/11/2019 09:40:00;Strada Urbana;VIALE GIORGIO DE CHIRICO;in corrispondenza;;del civico n.;86;;Investimento di pedone;Rettilineo;Due carreggiate;Asciutto;Asfaltata;Verticale ed orizzontale;Nuvoloso;Normale;Buona;Ore Diurne;1;0;0;1;12.5859;41.8998;-1;1;Autovettura privata;In marcia / fermata / arresto;Conducente;F;Illeso;0;;Non accertato;Inesploso
4642712;17;06/11/2019 11:55:00;Strada Urbana;VIA TRIONFALE;all'intersezione semaforizzata con;LARGO CERVINIA;LARGO CERVINIA;;;Scontro laterale fra veicoli in marcia;Intersezione semaforizzata;Una carreggiata a doppio senso;Asciutto;Asfaltata;Verticale ed orizzontale;Nuvoloso;Normale;Buona;Ore Diurne;1;0;0;1;12.4399;41.934;-1;1;Autovettura privata;In marcia / fermata / arresto;Conducente;F;Illeso;0;;;
4642712;17;06/11/2019 11:55:00;Strada Urbana;VIA TRIONFALE;all'intersezione semaforizzata con;LARGO CERVINIA;LARGO CERVINIA;;;Scontro laterale fra veicoli in marcia;Intersezione semaforizzata;Una carreggiata a doppio senso;Asciutto;Asfaltata;Verticale ed orizzontale;Nuvoloso;Normale;Buona;Ore Diurne;1;0;0;1;12.4399;41.934;-1;2;Motociclo con passeggero;In marcia / fermata / arresto;Conducente;F;Rifiuta cure immediate;0;NON DECEDUTO;;
4642715;4;06/11/2019 15:30:00;Strada Urbana;VIA ELSA DE' GIORGI;in corrispondenza;;del civico n.;33;;Tamponamento;Rettilineo;Due carreggiate;Asciutto;Asfaltata;Verticale ed orizzontale;Sereno;Normale;Buona;Ore Diurne;1;0;0;1;12.5392;41.9665;-1;1;Autovettura privata;In marcia / fermata / arresto;Conducente;F;Rimandato;0;NON DECEDUTO;Non accertato;Inesploso
4642715;4;06/11/2019 15:30:00;Strada Urbana;VIA ELSA DE' GIORGI;in corrispondenza;;del civico n.;33;;Tamponamento;Rettilineo;Due carreggiate;Asciutto;Asfaltata;Verticale ed orizzontale;Sereno;Normale;Buona;Ore Diurne;1;0;0;1;12.5392;41.9665;-1;2;Autovettura privata;In marcia / fermata / arresto;Conducente;F;Illeso;0;;Non accertato;Inesploso
4642729;13;06/11/2019 18:05:00;Strada Urbana;VIALE DEI ROMAGNOLI;in corrispondenza;;del civico n.;937;;Scontro laterale fra veicoli in marcia;Rettilineo;Una carreggiata a senso unico di marcia;Asciutto;Asfaltata;Assente;Sereno;Scarso;Buona;Sufficiente;0;0;0;2;12.3104;41.7642;0;1;Autovettura privata;In marcia / fermata / arresto;Conducente;M;Illeso;0;;Non accertato;Inesploso
4642729;13;06/11/2019 18:05:00;Strada Urbana;VIALE DEI ROMAGNOLI;in corrispondenza;;del civico n.;937;;Scontro laterale fra veicoli in marcia;Rettilineo;Una carreggiata a senso unico di marcia;Asciutto;Asfaltata;Assente;Sereno;Scarso;Buona;Sufficiente;0;0;0;2;12.3104;41.7642;0;2;Autovettura privata;In marcia / fermata / arresto;Conducente;F;Illeso;0;;Non accertato;Inesploso
4642732;4;06/11/2019 12:15:00;Statale;RACCORDO SALARIO SETTEBAGNI;da specificare;;;;pross. km 14+900;Ribaltamento senza urto contro ostacolo fisso;Rettilineo;Due carreggiate;Bagnato (pioggia);Asfaltata;Verticale ed orizzontale;Nuvoloso;Normale;Buona;Ore Diurne;1;0;0;0;12.5439;42.0273;-1;1;Autovettura privata;In marcia / fermata / arresto;Conducente;F;Rimandato;0;NON DECEDUTO;Non accertato;Esploso
4642735;20;03/11/2019 18:10:00;Strada Urbana;VIA FLAMINIA;in prossimit�;;della chilometrica;15.2;;Veicolo in marcia contro ostacolo accidentale;Rettilineo;Una carreggiata a doppio senso;Bagnato (pioggia);Asfaltata;Verticale ed orizzontale;Pioggia in atto;Scarso;Sufficiente;Sufficiente;2;0;0;0;12.4887;42.0137;-1;1;Autovettura privata;In marcia / fermata / arresto;Conducente;M;Rifiuta cure immediate;0;NON DECEDUTO;Non accertato;Inesploso
4642735;20;03/11/2019 18:10:00;Strada Urbana;VIA FLAMINIA;in prossimit�;;della chilometrica;15.2;;Veicolo in marcia contro ostacolo accidentale;Rettilineo;Una carreggiata a doppio senso;Bagnato (pioggia);Asfaltata;Verticale ed orizzontale;Pioggia in atto;Scarso;Sufficiente;Sufficiente;2;0;0;0;12.4887;42.0137;-1;1;Autovettura privata;In marcia / fermata / arresto;Passeggero;F;Rifiuta cure immediate;0;NON DECEDUTO;Non accertato;Inesploso
4642743;1;06/11/2019 23:40:00;Strada Urbana;VIA CAVOUR;in prossimit�;;del civico n.;197;;Tamponamento Multiplo;Rettilineo;Una carreggiata a doppio senso;Bagnato (pioggia);Asfaltata;Verticale ed orizzontale;Pioggia in atto;Scarso;Sufficiente;Sufficiente;6;0;0;1;12.4935;41.8951;-1;1;Autobus urbano;In marcia / fermata / arresto;Conducente;M;Illeso;0;;Non accertato;Inesploso
4642743;1;06/11/2019 23:40:00;Strada Urbana;VIA CAVOUR;in prossimit�;;del civico n.;197;;Tamponamento Multiplo;Rettilineo;Una carreggiata a doppio senso;Bagnato (pioggia);Asfaltata;Verticale ed orizzontale;Pioggia in atto;Scarso;Sufficiente;Sufficiente;6;0;0;1;12.4935;41.8951;-1;2;Autovettura privata;In marcia / fermata / arresto;Conducente;M;Rimandato;0;NON DECEDUTO;Non accertato;Inesploso
4642743;1;06/11/2019 23:40:00;Strada Urbana;VIA CAVOUR;in prossimit�;;del civico n.;197;;Tamponamento Multiplo;Rettilineo;Una carreggiata a doppio senso;Bagnato (pioggia);Asfaltata;Verticale ed orizzontale;Pioggia in atto;Scarso;Sufficiente;Sufficiente;6;0;0;1;12.4935;41.8951;-1;2;Autovettura privata;In marcia / fermata / arresto;Passeggero;F;Rimandato;0;NON DECEDUTO;;
4642743;1;06/11/2019 23:40:00;Strada Urbana;VIA CAVOUR;in prossimit�;;del civico n.;197;;Tamponamento Multiplo;Rettilineo;Una carreggiata a doppio senso;Bagnato (pioggia);Asfaltata;Verticale ed orizzontale;Pioggia in atto;Scarso;Sufficiente;Sufficiente;6;0;0;1;12.4935;41.8951;-1;3;Autovettura privata;In marcia / fermata / arresto;Conducente;F;Rimandato;0;NON DECEDUTO;Non accertato;Inesploso
4642743;1;06/11/2019 23:40:00;Strada Urbana;VIA CAVOUR;in prossimit�;;del civico n.;197;;Tamponamento Multiplo;Rettilineo;Una carreggiata a doppio senso;Bagnato (pioggia);Asfaltata;Verticale ed orizzontale;Pioggia in atto;Scarso;Sufficiente;Sufficiente;6;0;0;1;12.4935;41.8951;-1;3;Autovettura privata;In marcia / fermata / arresto;Passeggero;F;Rimandato;0;NON DECEDUTO;;
4642743;1;06/11/2019 23:40:00;Strada Urbana;VIA CAVOUR;in prossimit�;;del civico n.;197;;Tamponamento Multiplo;Rettilineo;Una carreggiata a doppio senso;Bagnato (pioggia);Asfaltata;Verticale ed orizzontale;Pioggia in atto;Scarso;Sufficiente;Sufficiente;6;0;0;1;12.4935;41.8951;-1;3;Autovettura privata;In marcia / fermata / arresto;Passeggero;M;Rimandato;0;NON DECEDUTO;;
4642743;1;06/11/2019 23:40:00;Strada Urbana;VIA CAVOUR;in prossimit�;;del civico n.;197;;Tamponamento Multiplo;Rettilineo;Una carreggiata a doppio senso;Bagnato (pioggia);Asfaltata;Verticale ed orizzontale;Pioggia in atto;Scarso;Sufficiente;Sufficiente;6;0;0;1;12.4935;41.8951;-1;3;Autovettura privata;In marcia / fermata / arresto;Passeggero;F;Rimandato;0;NON DECEDUTO;;
4642753;8;06/11/2019 12:40:00;Strada Urbana;VIA BORGHESIANA;all'intersezione con;VIA IACURSO;VIA IACURSO;;;Scontro frontale/laterale SX fra veicoli in marcia;Incrocio;Una carreggiata a doppio senso;Asciutto;Asfaltata;Verticale ed orizzontale;Nuvoloso;Normale;Buona;Ore Diurne;0;0;0;2;12.6724;41.8765;-1;1;Autovettura privata;In marcia / fermata / arresto;Conducente;M;Illeso;0;;Non accertato;Inesploso
4642753;8;06/11/2019 12:40:00;Strada Urbana;VIA BORGHESIANA;all'intersezione con;VIA IACURSO;VIA IACURSO;;;Scontro frontale/laterale SX fra veicoli in marcia;Incrocio;Una carreggiata a doppio senso;Asciutto;Asfaltata;Verticale ed orizzontale;Nuvoloso;Normale;Buona;Ore Diurne;0;0;0;2;12.6724;41.8765;-1;2;Autovettura privata;In marcia / fermata / arresto;Conducente;F;Illeso;0;;Non accertato;Inesploso
4642761;7;07/11/2019 08:30:00;Strada Urbana;VIA SANTI ROMANO;all'intersezione con;LARGO SANTI ROMANO;LARGO SANTI ROMANO;;;Scontro laterale fra veicoli in marcia;Incrocio;Una carreggiata a doppio senso;Asciutto;Asfaltata;Orizzontale;Sereno;Normale;Buona;Ore Diurne;0;0;0;2;12.5681;41.8623;-1;1;Autovettura privata;In marcia / fermata / arresto;Conducente;M;Illeso;0;;;
4642761;7;07/11/2019 08:30:00;Strada Urbana;VIA SANTI ROMANO;all'intersezione con;LARGO SANTI ROMANO;LARGO SANTI ROMANO;;;Scontro laterale fra veicoli in marcia;Incrocio;Una carreggiata a doppio senso;Asciutto;Asfaltata;Orizzontale;Sereno;Normale;Buona;Ore Diurne;0;0;0;2;12.5681;41.8623;-1;2;Altro;In marcia / fermata / arresto;Conducente;M;Illeso;0;;;
4642767;8;06/11/2019 11:15:00;Strada Urbana;VIA DEL FOSSO DELL'OSA;all'intersezione con;VIA DEL FOSSO SCILICINO;VIA DEL FOSSO SCILICINO;;;Scontro frontale/laterale SX fra veicoli in marcia;Incrocio;Una carreggiata a doppio senso;Asciutto;Asfaltata;Verticale ed orizzontale;Nuvoloso;Normale;Buona;Ore Diurne;0;0;0;3;12.6842;41.9059;-1;1;Autovettura privata;In marcia / fermata / arresto;Conducente;F;Illeso;0;;Non accertato;Inesploso
4642767;8;06/11/2019 11:15:00;Strada Urbana;VIA DEL FOSSO DELL'OSA;all'intersezione con;VIA DEL FOSSO SCILICINO;VIA DEL FOSSO SCILICINO;;;Scontro frontale/laterale SX fra veicoli in marcia;Incrocio;Una carreggiata a doppio senso;Asciutto;Asfaltata;Verticale ed orizzontale;Nuvoloso;Normale;Buona;Ore Diurne;0;0;0;3;12.6842;41.9059;-1;1;Autovettura privata;In marcia / fermata / arresto;Passeggero;F;Illeso;0;;Non accertato;Inesploso
4642767;8;06/11/2019 11:15:00;Strada Urbana;VIA DEL FOSSO DELL'OSA;all'intersezione con;VIA DEL FOSSO SCILICINO;VIA DEL FOSSO SCILICINO;;;Scontro frontale/laterale SX fra veicoli in marcia;Incrocio;Una carreggiata a doppio senso;Asciutto;Asfaltata;Verticale ed orizzontale;Nuvoloso;Normale;Buona;Ore Diurne;0;0;0;3;12.6842;41.9059;-1;2;Autovettura privata;In marcia / fermata / arresto;Conducente;M;Illeso;0;;Non accertato;Inesploso
4642778;8;06/11/2019 06:50:00;Provinciale;VIA PRENESTINA;in corrispondenza;;del civico n.;1156;;Scontro frontale/laterale DX fra veicoli in marcia;Rettilineo;Una carreggiata a doppio senso;Asciutto;Asfaltata;Orizzontale;Sereno;Normale;Buona;Ore Diurne;0;0;0;2;12.621;41.8929;-1;1;Autovettura privata;In marcia / fermata / arresto;Conducente;M;Illeso;0;;;
4642778;8;06/11/2019 06:50:00;Provinciale;VIA PRENESTINA;in corrispondenza;;del civico n.;1156;;Scontro frontale/laterale DX fra veicoli in marcia;Rettilineo;Una carreggiata a doppio senso;Asciutto;Asfaltata;Orizzontale;Sereno;Normale;Buona;Ore Diurne;0;0;0;2;12.621;41.8929;-1;2;Autovettura privata;In marcia / fermata / arresto;Conducente;M;Illeso;0;;;
4642783;8;06/11/2019 19:50:00;Strada Urbana;VIA MICHELE BUONORI;in corrispondenza;;del civico n.;5;;Ribaltamento senza urto contro ostacolo fisso;Rettilineo;Una carreggiata a doppio senso;Asciutto;Asfaltata;Verticale ed orizzontale;Sereno;Normale;Buona;Sufficiente;1;0;0;0;12.6312;41.868;-1;1;Motociclo a solo;In marcia / fermata / arresto;Conducente;M;Rifiuta cure immediate;0;NON DECEDUTO;Non accertato;
4642783;8;06/11/2019 19:50:00;Strada Urbana;VIA MICHELE BUONORI;in corrispondenza;;del civico n.;5;;Ribaltamento senza urto contro ostacolo fisso;Rettilineo;Una carreggiata a doppio senso;Asciutto;Asfaltata;Verticale ed orizzontale;Sereno;Normale;Buona;Sufficiente;1;0;0;0;12.6312;41.868;-1;2;Autovettura privata;Allontanatosi;;;;;;;
4642785;7;06/11/2019 10:45:00;Strada Urbana;VIA PRENESTINA;in prossimit�;;del civico n.;940/e;;Scontro laterale fra veicoli in marcia;Rettilineo;Una carreggiata a doppio senso;Asciutto;Asfaltata;Assente;Sereno;Normale;Buona;Ore Diurne;0;0;0;2;12.5977;41.8933;-1;1;Autovettura privata;In marcia / fermata / arresto;Conducente;M;Illeso;0;;Non accertato;Inesploso
4642785;7;06/11/2019 10:45:00;Strada Urbana;VIA PRENESTINA;in prossimit�;;del civico n.;940/e;;Scontro laterale fra veicoli in marcia;Rettilineo;Una carreggiata a doppio senso;Asciutto;Asfaltata;Assente;Sereno;Normale;Buona;Ore Diurne;0;0;0;2;12.5977;41.8933;-1;2;Autovettura privata;In marcia / fermata / arresto;Conducente;M;Illeso;0;;Non accertato;Inesploso
4642800;8;06/11/2019 20:30:00;Strada Urbana;VIA DI CENTOCELLE;all'intersezione con;VIA SCRIBONIO CURIONE;VIA SCRIBONIO CURIONE;;;Investimento di pedone;Intersezione semaforizzata;Pi� di due carreggiate;Asciutto;Asfaltata;Verticale ed orizzontale;Sereno;Normale;Buona;Sufficiente;1;0;0;1;12.5548;41.8653;-1;;;;Pedone;M;Rifiuta cure immediate;0;NON DECEDUTO;;
4642800;8;06/11/2019 20:30:00;Strada Urbana;VIA DI CENTOCELLE;all'intersezione con;VIA SCRIBONIO CURIONE;VIA SCRIBONIO CURIONE;;;Investimento di pedone;Intersezione semaforizzata;Pi� di due carreggiate;Asciutto;Asfaltata;Verticale ed orizzontale;Sereno;Normale;Buona;Sufficiente;1;0;0;1;12.5548;41.8653;-1;1;Autovettura privata;In marcia / fermata / arresto;Conducente;M;Illeso;0;;;
4642800;8;06/11/2019 20:30:00;Strada Urbana;VIA DI CENTOCELLE;all'intersezione con;VIA SCRIBONIO CURIONE;VIA SCRIBONIO CURIONE;;;Investimento di pedone;Intersezione semaforizzata;Pi� di due carreggiate;Asciutto;Asfaltata;Verticale ed orizzontale;Sereno;Normale;Buona;Sufficiente;1;0;0;1;12.5548;41.8653;-1;2;Autovettura privata;Sosta;;;;;;;
4642825;8;06/11/2019 11:15:00;Strada Urbana;VIALE DUILIO CAMBELLOTTI;da specificare;;;;alt. viadotto Metropolitana St. Torre Angela;Veicolo in marcia contro ostacolo accidentale;Curva senza visuale libera;Due carreggiate;Asciutto;Asfaltata;Verticale ed orizzontale;Nuvoloso;Normale;Buona;Ore Diurne;0;0;0;2;12.6268;41.8643;-1;1;Autovettura privata;In marcia / fermata / arresto;Conducente;M;Illeso;0;;Non accertato;Inesploso
4642825;8;06/11/2019 11:15:00;Strada Urbana;VIALE DUILIO CAMBELLOTTI;da specificare;;;;alt. viadotto Metropolitana St. Torre Angela;Veicolo in marcia contro ostacolo accidentale;Curva senza visuale libera;Due carreggiate;Asciutto;Asfaltata;Verticale ed orizzontale;Nuvoloso;Normale;Buona;Ore Diurne;0;0;0;2;12.6268;41.8643;-1;1;Autovettura privata;In marcia / fermata / arresto;Passeggero;F;Illeso;0;;Non accertato;Inesploso
4642840;8;06/11/2019 16:40:00;Strada Urbana;VIA PULA;in corrispondenza;;del civico n.;4;;Veicolo in marcia contro ostacolo fisso;Rettilineo;Una carreggiata a doppio senso;Asciutto;Asfaltata;Verticale ed orizzontale;Nuvoloso;Scarso;Sufficiente;Sufficiente;0;0;0;1;12.6805;41.8867;-1;1;Autocarro superiore 35 q.;In marcia / fermata / arresto;Conducente;M;Illeso;0;;Non accertato;Inesistente
4642847;8;06/11/2019 19:15:00;Strada Urbana;VIA BRONTE;in prossimit�;;del civico n.;70;;Veicolo in marcia contro ostacolo accidentale;Rettilineo;Una carreggiata a senso unico di marcia;Asciutto;Asfaltata;Orizzontale;Sereno;Normale;Buona;Sufficiente;0;0;0;1;12.6693;41.8552;-1;1;Autovettura privata;In marcia / fermata / arresto;Conducente;M;Illeso;0;;Non accertato;Inesploso
4642851;1;06/11/2019 19:15:00;Strada Urbana;VIA EMANUELE FILIBERTO;all'intersezione con;VIA DOMENICO FONTANA;VIA DOMENICO FONTANA;;;Scontro laterale fra veicoli in marcia;Intersezione stradale segnalata;Pi� di due carreggiate;Asciutto;Asfaltata;Verticale ed orizzontale;Sereno;Intenso;Buona;Sufficiente;0;0;0;4;12.507;41.8899;-1;1;Autovettura privata;In marcia / fermata / arresto;Conducente;M;Illeso;0;;Non accertato;Inesploso
4642851;1;06/11/2019 19:15:00;Strada Urbana;VIA EMANUELE FILIBERTO;all'intersezione con;VIA DOMENICO FONTANA;VIA DOMENICO FONTANA;;;Scontro laterale fra veicoli in marcia;Intersezione stradale segnalata;Pi� di due carreggiate;Asciutto;Asfaltata;Verticale ed orizzontale;Sereno;Intenso;Buona;Sufficiente;0;0;0;4;12.507;41.8899;-1;1;Autovettura privata;In marcia / fermata / arresto;Passeggero;F;Illeso;0;;Non accertato;Inesploso
4642851;1;06/11/2019 19:15:00;Strada Urbana;VIA EMANUELE FILIBERTO;all'intersezione con;VIA DOMENICO FONTANA;VIA DOMENICO FONTANA;;;Scontro laterale fra veicoli in marcia;Intersezione stradale segnalata;Pi� di due carreggiate;Asciutto;Asfaltata;Verticale ed orizzontale;Sereno;Intenso;Buona;Sufficiente;0;0;0;4;12.507;41.8899;-1;1;Autovettura privata;In marcia / fermata / arresto;Passeggero;F;Illeso;0;;Non accertato;Inesploso
4642851;1;06/11/2019 19:15:00;Strada Urbana;VIA EMANUELE FILIBERTO;all'intersezione con;VIA DOMENICO FONTANA;VIA DOMENICO FONTANA;;;Scontro laterale fra veicoli in marcia;Intersezione stradale segnalata;Pi� di due carreggiate;Asciutto;Asfaltata;Verticale ed orizzontale;Sereno;Intenso;Buona;Sufficiente;0;0;0;4;12.507;41.8899;-1;2;Autovettura privata;In marcia / fermata / arresto;Conducente;M;Illeso;0;;Non accertato;Inesploso
4642873;2;06/11/2019 16:10:00;Strada Urbana;PIAZZA DI S. EMERENZIANA;in prossimit�;;del civico n.;fr. 22;;Scontro laterale fra veicoli in marcia;Rettilineo;Una carreggiata a senso unico di marcia;Asciutto;Asfaltata;Verticale ed orizzontale;Sereno;Normale;Buona;Ore Diurne;0;0;0;2;12.5166;41.9292;-1;1;Autovettura privata;In marcia / fermata / arresto;Conducente;F;Illeso;0;;Non accertato;Inesploso
4642873;2;06/11/2019 16:10:00;Strada Urbana;PIAZZA DI S. EMERENZIANA;in prossimit�;;del civico n.;fr. 22;;Scontro laterale fra veicoli in marcia;Rettilineo;Una carreggiata a senso unico di marcia;Asciutto;Asfaltata;Verticale ed orizzontale;Sereno;Normale;Buona;Ore Diurne;0;0;0;2;12.5166;41.9292;-1;2;Autovettura privata;In marcia / fermata / arresto;Conducente;M;Illeso;0;;Non accertato;Inesploso
4642877;2;06/11/2019 08:00:00;Strada Urbana;VIALE PARIOLI;in prossimit�;;del civico n.;45;;Scontro laterale fra veicoli in marcia;Rettilineo;Una carreggiata a doppio senso;Asciutto;Asfaltata;Verticale ed orizzontale;Nuvoloso;Normale;Buona;Ore Diurne;0;0;0;2;12.4896;41.9246;-1;1;Autovettura privata;In marcia / fermata / arresto;Conducente;F;Illeso;0;;Non accertato;Inesploso