Protocollo;Gruppo;DataOraIncidente;Localizzazione1;STRADA1;Localizzazione2;STRADA2;Strada02;Chilometrica;DaSpecificare;NaturaIncidente;particolaritastrade;TipoStrada;FondoStradale;Pavimentazione;Segnaletica;CondizioneAtmosferica;Traffico;Visibilita;Illuminazione;NUM_FERITI;NUM_RISERVATA;NUM_MORTI;NUM_ILLESI;Longitudine;Latitudine;Confermato;Progressivo;TipoVeicolo;StatoVeicolo;TipoPersona;Sesso;Tipolesione;Deceduto;DecedutoDopo;CinturaCascoUtilizzato;Airbag;
4648168;3;09/11/2019 14:00:00;Strada Urbana;PIAZZA MARIANO ARMELLINI;all'intersezione con;VIA ORESTE TOMMASINI;VIA ORESTE TOMMASINI;;;Scontro frontale/laterale SX fra veicoli in marcia;Incrocio;Una carreggiata a senso unico di marcia;Asciutto;Asfaltata;Verticale ed orizzontale;Nuvoloso;Normale;Buona;Ore Diurne;0;0;0;4;12.5226;41.9188;-1;1;Autovettura privata;In marcia / fermata / arresto;Conducente;M;Illeso;0;;Non accertato;
4648168;3;09/11/2019 14:00:00;Strada Urbana;PIAZZA MARIANO ARMELLINI;all'intersezione con;VIA ORESTE TOMMASINI;VIA ORESTE TOMMASINI;;;Scontro frontale/laterale SX fra veicoli in marcia;Incrocio;Una carreggiata a senso unico di marcia;Asciutto;Asfaltata;Verticale ed orizzontale;Nuvoloso;Normale;Buona;Ore Diurne;0;0;0;4;12.5226;41.9188;-1;1;Autovettura privata;In marcia / fermata / arresto;Passeggero;F;Illeso;0;;Non accertato;
4648168;3;09/11/2019 14:00:00;Strada Urbana;PIAZZA MARIANO ARMELLINI;all'intersezione con;VIA ORESTE TOMMASINI;VIA ORESTE TOMMASINI;;;Scontro frontale/laterale SX fra veicoli in marcia;Incrocio;Una carreggiata a senso unico di marcia;Asciutto;Asfaltata;Verticale ed orizzontale;Nuvoloso;Normale;Buona;Ore Diurne;0;0;0;4;12.5226;41.9188;-1;2;Autovettura privata;In marcia / fermata / arresto;Conducente;F;Illeso;0;;Non accertato;
4648168;3;09/11/2019 14:00:00;Strada Urbana;PIAZZA MARIANO ARMELLINI;all'intersezione con;VIA ORESTE TOMMASINI;VIA ORESTE TOMMASINI;;;Scontro frontale/laterale SX fra veicoli in marcia;Incrocio;Una carreggiata a senso unico di marcia;Asciutto;Asfaltata;Verticale ed orizzontale;Nuvoloso;Normale;Buona;Ore Diurne;0;0;0;4;12.5226;41.9188;-1;2;Autovettura privata;In marcia / fermata / arresto;Passeggero;M;Illeso;0;;Non accertato;
4648192;10;09/11/2019 18:45:00;Strada Urbana;VIA DEL QUADRARO;all'intersezione con;VIA SELINUNTE;VIA SELINUNTE;;;Scontro laterale fra veicoli in marcia;Incrocio;Una carreggiata a doppio senso;Bagnato (pioggia);Asfaltata;Verticale ed orizzontale;Pioggia in atto;Normale;Buona;Sufficiente;1;0;0;2;12.5523;41.8551;-1;1;Autovettura privata;In marcia / fermata / arresto;Conducente;M;Rifiuta cure immediate;0;NON DECEDUTO;Non accertato;Inesploso
4648192;10;09/11/2019 18:45:00;Strada Urbana;VIA DEL QUADRARO;all'intersezione con;VIA SELINUNTE;VIA SELINUNTE;;;Scontro laterale fra veicoli in marcia;Incrocio;Una carreggiata a doppio senso;Bagnato (pioggia);Asfaltata;Verticale ed orizzontale;Pioggia in atto;Normale;Buona;Sufficiente;1;0;0;2;12.5523;41.8551;-1;2;Autovettura privata;In marcia / fermata / arresto;Conducente;M;Illeso;0;;Non accertato;Inesploso
4648192;10;09/11/2019 18:45:00;Strada Urbana;VIA DEL QUADRARO;all'intersezione con;VIA SELINUNTE;VIA SELINUNTE;;;Scontro laterale fra veicoli in marcia;Incrocio;Una carreggiata a doppio senso;Bagnato (pioggia);Asfaltata;Verticale ed orizzontale;Pioggia in atto;Normale;Buona;Sufficiente;1;0;0;2;12.5523;41.8551;-1;3;Autovettura privata;In marcia / fermata / arresto;Conducente;M;Illeso;0;;Non accertato;Inesploso
4648193;10;09/11/2019 10:00:00;Strada Urbana;VIA TUSCOLANA;in corrispondenza;;del civico n.;1112;;Scontro laterale fra veicoli in marcia;Rettilineo;Due carreggiate;Asciutto;Asfaltata;Verticale ed orizzontale;Sereno;Normale;Buona;Ore Diurne;0;0;0;3;12.5596;41.8581;-1;1;Altro;In marcia / fermata / arresto;Conducente;M;Illeso;0;;;
4648193;10;09/11/2019 10:00:00;Strada Urbana;VIA TUSCOLANA;in corrispondenza;;del civico n.;1112;;Scontro laterale fra veicoli in marcia;Rettilineo;Due carreggiate;Asciutto;Asfaltata;Verticale ed orizzontale;Sereno;Normale;Buona;Ore Diurne;0;0;0;3;12.5596;41.8581;-1;2;Autovettura privata;In marcia / fermata / arresto;Conducente;M;Illeso;0;;Non accertato;Inesploso
4648193;10;09/11/2019 10:00:00;Strada Urbana;VIA TUSCOLANA;in corrispondenza;;del civico n.;1112;;Scontro laterale fra veicoli in marcia;Rettilineo;Due carreggiate;Asciutto;Asfaltata;Verticale ed orizzontale;Sereno;Normale;Buona;Ore Diurne;0;0;0;3;12.5596;41.8581;-1;2;Autovettura privata;In marcia / fermata / arresto;Passeggero;F;Illeso;0;;Non accertato;Inesploso
4648213;10;10/11/2019 12:00:00;Strada Urbana;VIA DI TOR VERGATA;all'intersezione con;VIA GIOACCHINO VOLPE;VIA GIOACCHINO VOLPE;;;Tamponamento;Intersezione stradale segnalata;Una carreggiata a doppio senso;Asciutto;Asfaltata;Verticale ed orizzontale;Sereno;Normale;Buona;Ore Diurne;3;0;0;1;12.6232;41.8386;-1;1;Autovettura privata;In marcia / fermata / arresto;Conducente;M;Illeso;0;;Non utilizzato;Inesploso
4648213;10;10/11/2019 12:00:00;Strada Urbana;VIA DI TOR VERGATA;all'intersezione con;VIA GIOACCHINO VOLPE;VIA GIOACCHINO VOLPE;;;Tamponamento;Intersezione stradale segnalata;Una carreggiata a doppio senso;Asciutto;Asfaltata;Verticale ed orizzontale;Sereno;Normale;Buona;Ore Diurne;3;0;0;1;12.6232;41.8386;-1;2;Autovettura privata;In marcia / fermata / arresto;Conducente;F;Rifiuta cure immediate;0;NON DECEDUTO;Non accertato;Inesploso
4648213;10;10/11/2019 12:00:00;Strada Urbana;VIA DI TOR VERGATA;all'intersezione con;VIA GIOACCHINO VOLPE;VIA GIOACCHINO VOLPE;;;Tamponamento;Intersezione stradale segnalata;Una carreggiata a doppio senso;Asciutto;Asfaltata;Verticale ed orizzontale;Sereno;Normale;Buona;Ore Diurne;3;0;0;1;12.6232;41.8386;-1;2;Autovettura privata;In marcia / fermata / arresto;Passeggero;M;Rifiuta cure immediate;0;NON DECEDUTO;Non accertato;Inesploso
4648213;10;10/11/2019 12:00:00;Strada Urbana;VIA DI TOR VERGATA;all'intersezione con;VIA GIOACCHINO VOLPE;VIA GIOACCHINO VOLPE;;;Tamponamento;Intersezione stradale segnalata;Una carreggiata a doppio senso;Asciutto;Asfaltata;Verticale ed orizzontale;Sereno;Normale;Buona;Ore Diurne;3;0;0;1;12.6232;41.8386;-1;2;Autovettura privata;In marcia / fermata / arresto;Passeggero;F;Rifiuta cure immediate;0;NON DECEDUTO;Non accertato;Inesistente
4648215;10;09/11/2019 16:40:00;Strada Urbana;VIA EMANUELE CARNEVALE;in prossimit�;;del civico n.;88;;Infortunio per caduta del veicolo;Curva a visuale libera;Una carreggiata a doppio senso;Bagnato (pioggia);Asfaltata;Verticale;Pioggia in atto;Normale;Sufficiente;Sufficiente;2;0;0;0;12.6056;41.849;-1;1;Motociclo con passeggero;In marcia / fermata / arresto;Conducente;M;Rimandato;0;NON DECEDUTO;;
4648215;10;09/11/2019 16:40:00;Strada Urbana;VIA EMANUELE CARNEVALE;in prossimit�;;del civico n.;88;;Infortunio per caduta del veicolo;Curva a visuale libera;Una carreggiata a doppio senso;Bagnato (pioggia);Asfaltata;Verticale;Pioggia in atto;Normale;Sufficiente;Sufficiente;2;0;0;0;12.6056;41.849;-1;1;Motociclo con passeggero;In marcia / fermata / arresto;Passeggero;F;Rimandato;0;NON DECEDUTO;Non accertato;
4648227;10;10/11/2019 13:10:00;Strada Urbana;VIA ANAGNINA;in prossimit�;;del civico n.;468;;Veicolo in marcia contro veicolo arresto;Rettilineo;Due carreggiate;Asciutto;Asfaltata;Orizzontale;Sereno;Scarso;Buona;Ore Diurne;0;0;0;3;12.6257;41.8105;-1;1;Autovettura privata;In marcia / fermata / arresto;Conducente;M;Illeso;0;;Non accertato;Inesploso
4648227;10;10/11/2019 13:10:00;Strada Urbana;VIA ANAGNINA;in prossimit�;;del civico n.;468;;Veicolo in marcia contro veicolo arresto;Rettilineo;Due carreggiate;Asciutto;Asfaltata;Orizzontale;Sereno;Scarso;Buona;Ore Diurne;0;0;0;3;12.6257;41.8105;-1;2;Autovettura privata;In marcia / fermata / arresto;Conducente;M;Illeso;0;;Non accertato;Inesploso
4648227;10;10/11/2019 13:10:00;Strada Urbana;VIA ANAGNINA;in prossimit�;;del civico n.;468;;Veicolo in marcia contro veicolo arresto;Rettilineo;Due carreggiate;Asciutto;Asfaltata;Orizzontale;Sereno;Scarso;Buona;Ore Diurne;0;0;0;3;12.6257;41.8105;-1;2;Autovettura privata;In marcia / fermata / arresto;Passeggero;M;Illeso;0;;Non accertato;Inesploso
4648228;10;10/11/2019 10:25:00;Strada Urbana;VIA TUSCOLANA;all'intersezione con;VIA DELL'AEROPORTO;VIA DELL'AEROPORTO;;;Investimento di pedone;Intersezione semaforizzata;Due carreggiate;Asciutto;Asfaltata;Verticale ed orizzontale;Sereno;Normale;Buona;Ore Diurne;1;0;0;0;12.5549;41.8611;-1;;;;Pedone;M;Rimandato;0;NON DECEDUTO;;
4648228;10;10/11/2019 10:25:00;Strada Urbana;VIA TUSCOLANA;all'intersezione con;VIA DELL'AEROPORTO;VIA DELL'AEROPORTO;;;Investimento di pedone;Intersezione semaforizzata;Due carreggiate;Asciutto;Asfaltata;Verticale ed orizzontale;Sereno;Normale;Buona;Ore Diurne;1;0;0;0;12.5549;41.8611;-1;1;Autovettura privata;Allontanatosi;;;;;;;
4648237;10;10/11/2019 03:40:00;Strada Urbana;VIA DI TORRENOVA;in corrispondenza;;del civico n.;166;;Veicolo in marcia contro veicoli in sosta;Rettilineo;Una carreggiata a doppio senso;Bagnato (pioggia);Asfaltata;Verticale ed orizzontale;Nuvoloso;Scarso;Sufficiente;Sufficiente;1;0;0;0;12.6195;41.8751;-1;1;Autovettura privata;In marcia / fermata / arresto;Conducente;M;Rimandato;0;NON DECEDUTO;Non accertato;Esploso
4648237;10;10/11/2019 03:40:00;Strada Urbana;VIA DI TORRENOVA;in corrispondenza;;del civico n.;166;;Veicolo in marcia contro veicoli in sosta;Rettilineo;Una carreggiata a doppio senso;Bagnato (pioggia);Asfaltata;Verticale ed orizzontale;Nuvoloso;Scarso;Sufficiente;Sufficiente;1;0;0;0;12.6195;41.8751;-1;2;Autovettura privata;Sosta;;;;;;;
4648237;10;10/11/2019 03:40:00;Strada Urbana;VIA DI TORRENOVA;in corrispondenza;;del civico n.;166;;Veicolo in marcia contro veicoli in sosta;Rettilineo;Una carreggiata a doppio senso;Bagnato (pioggia);Asfaltata;Verticale ed orizzontale;Nuvoloso;Scarso;Sufficiente;Sufficiente;1;0;0;0;12.6195;41.8751;-1;3;Autovettura privata;Sosta;;;;;;;
4648237;10;10/11/2019 03:40:00;Strada Urbana;VIA DI TORRENOVA;in corrispondenza;;del civico n.;166;;Veicolo in marcia contro veicoli in sosta;Rettilineo;Una carreggiata a doppio senso;Bagnato (pioggia);Asfaltata;Verticale ed orizzontale;Nuvoloso;Scarso;Sufficiente;Sufficiente;1;0;0;0;12.6195;41.8751;-1;4;Autovettura privata;Sosta;;;;;;;
4648269;2;09/11/2019 16:50:00;Strada Urbana;VIA VALNERINA;in prossimit�;;del civico n.;14;;Veicolo in marcia contro veicolo in sosta;Rettilineo;Una carreggiata a senso unico di marcia;Bagnato (pioggia);Asfaltata;Verticale ed orizzontale;Pioggia in atto;Scarso;Buona;Ore Diurne;0;0;0;1;12.5155;41.9323;-1;1;Autovettura privata;In marcia / fermata / arresto;Conducente;F;Illeso;0;;Non accertato;Inesploso
4648269;2;09/11/2019 16:50:00;Strada Urbana;VIA VALNERINA;in prossimit�;;del civico n.;14;;Veicolo in marcia contro veicolo in sosta;Rettilineo;Una carreggiata a senso unico di marcia;Bagnato (pioggia);Asfaltata;Verticale ed orizzontale;Pioggia in atto;Scarso;Buona;Ore Diurne;0;0;0;1;12.5155;41.9323;-1;2;Autovettura privata;Sosta;;;;;;;
4648292;2;10/11/2019 05:20:00;Strada Urbana;PIAZZALE DELLE PROVINCIE;in prossimit�;;del civico n.;2;;Scontro laterale fra veicoli in marcia;Rotatoria;Una carreggiata a senso unico di marcia;Asciutto;Asfaltata;Verticale ed orizzontale;Nuvoloso;Scarso;Buona;Sufficiente;0;0;0;1;12.521;41.9095;-1;1;Autovettura privata;In marcia / fermata / arresto;Conducente;M;Illeso;0;;;
4648292;2;10/11/2019 05:20:00;Strada Urbana;PIAZZALE DELLE PROVINCIE;in prossimit�;;del civico n.;2;;Scontro laterale fra veicoli in marcia;Rotatoria;Una carreggiata a senso unico di marcia;Asciutto;Asfaltata;Verticale ed orizzontale;Nuvoloso;Scarso;Buona;Sufficiente;0;0;0;1;12.521;41.9095;-1;2;Autovettura privata;In marcia / fermata / arresto;;;;;;;
4648333;20;10/11/2019 20:20:00;Strada Urbana;VIA DELLA CAMILLUCCIA;all'intersezione con;VIA STRESA;VIA STRESA;;;Scontro frontale/laterale SX fra veicoli in marcia;Incrocio;Una carreggiata a doppio senso;Bagnato (pioggia);Asfaltata;Verticale ed orizzontale;Pioggia in atto;Scarso;Sufficiente;Sufficiente;0;0;0;2;12.4488;41.9429;-1;1;Autovettura privata;In marcia / fermata / arresto;Conducente;M;Illeso;0;;Non accertato;Inesploso
4648333;20;10/11/2019 20:20:00;Strada Urbana;VIA DELLA CAMILLUCCIA;all'intersezione con;VIA STRESA;VIA STRESA;;;Scontro frontale/laterale SX fra veicoli in marcia;Incrocio;Una carreggiata a doppio senso;Bagnato (pioggia);Asfaltata;Verticale ed orizzontale;Pioggia in atto;Scarso;Sufficiente;Sufficiente;0;0;0;2;12.4488;41.9429;-1;2;Autovettura privata;In marcia / fermata / arresto;Conducente;F;Illeso;0;;Non accertato;Inesploso
4648577;19;10/11/2019 09:35:00;Strada Urbana;VIA DELLA PINETA SACCHETTI;da specificare;;;;fronte civ. 261;Scontro laterale fra veicoli in marcia;Rettilineo;Due carreggiate;Asciutto;Asfaltata;Orizzontale;Sereno;Normale;Buona;Ore Diurne;0;0;0;2;12.425;41.924;-1;1;Autovettura privata;In marcia / fermata / arresto;Conducente;F;Illeso;0;;Non accertato;Inesploso
4648577;19;10/11/2019 09:35:00;Strada Urbana;VIA DELLA PINETA SACCHETTI;da specificare;;;;fronte civ. 261;Scontro laterale fra veicoli in marcia;Rettilineo;Due carreggiate;Asciutto;Asfaltata;Orizzontale;Sereno;Normale;Buona;Ore Diurne;0;0;0;2;12.425;41.924;-1;2;Autovettura privata;In marcia / fermata / arresto;Conducente;F;Illeso;0;;Non accertato;Inesploso
4648597;10;11/11/2019 10:50:00;Strada Urbana;PIAZZA DEI CONSOLI;all'intersezione con;VIA PONZIO COMINIO;VIA PONZIO COMINIO;;;Investimento di pedone;Incrocio;Una carreggiata a senso unico di marcia;Bagnato (pioggia);Asfaltata;Verticale ed orizzontale;Pioggia in atto;Normale;Sufficiente;Ore Diurne;1;0;0;1;12.5585;41.8614;-1;;;;Pedone;M;Rimandato;0;NON DECEDUTO;;
4648597;10;11/11/2019 10:50:00;Strada Urbana;PIAZZA DEI CONSOLI;all'intersezione con;VIA PONZIO COMINIO;VIA PONZIO COMINIO;;;Investimento di pedone;Incrocio;Una carreggiata a senso unico di marcia;Bagnato (pioggia);Asfaltata;Verticale ed orizzontale;Pioggia in atto;Normale;Sufficiente;Ore Diurne;1;0;0;1;12.5585;41.8614;-1;1;Autovettura privata;In marcia / fermata / arresto;Conducente;F;Illeso;0;;Non accertato;Inesploso
4648602;15;09/11/2019 12:00:00;Strada Urbana;VIA ODERISI DA GUBBIO;in corrispondenza;;del civico n.;113;;Investimento di pedone;Rettilineo;Una carreggiata a doppio senso;Asciutto;Asfaltata;Verticale ed orizzontale;Sereno;Normale;Buona;Ore Diurne;5;1;0;3;12.4656;41.8657;-1;;;;Pedone;F;Ricoverato;0;NON DECEDUTO;;
4648602;15;09/11/2019 12:00:00;Strada Urbana;VIA ODERISI DA GUBBIO;in corrispondenza;;del civico n.;113;;Investimento di pedone;Rettilineo;Una carreggiata a doppio senso;Asciutto;Asfaltata;Verticale ed orizzontale;Sereno;Normale;Buona;Ore Diurne;5;1;0;3;12.4656;41.8657;-1;;;;Pedone;F;Prognosi riservata;0;NON DECEDUTO;;
4648602;15;09/11/2019 12:00:00;Strada Urbana;VIA ODERISI DA GUBBIO;in corrispondenza;;del civico n.;113;;Investimento di pedone;Rettilineo;Una carreggiata a doppio senso;Asciutto;Asfaltata;Verticale ed orizzontale;Sereno;Normale;Buona;Ore Diurne;5;1;0;3;12.4656;41.8657;-1;;;;Pedone;F;Rimandato;0;NON DECEDUTO;;
4648602;15;09/11/2019 12:00:00;Strada Urbana;VIA ODERISI DA GUBBIO;in corrispondenza;;del civico n.;113;;Investimento di pedone;Rettilineo;Una carreggiata a doppio senso;Asciutto;Asfaltata;Verticale ed orizzontale;Sereno;Normale;Buona;Ore Diurne;5;1;0;3;12.4656;41.8657;-1;;;;Pedone;M;Rimandato;0;NON DECEDUTO;;
4648602;15;09/11/2019 12:00:00;Strada Urbana;VIA ODERISI DA GUBBIO;in corrispondenza;;del civico n.;113;;Investimento di pedone;Rettilineo;Una carreggiata a doppio senso;Asciutto;Asfaltata;Verticale ed orizzontale;Sereno;Normale;Buona;Ore Diurne;5;1;0;3;12.4656;41.8657;-1;;;;Pedone;F;Ricoverato;0;NON DECEDUTO;;
4648602;15;09/11/2019 12:00:00;Strada Urbana;VIA ODERISI DA GUBBIO;in corrispondenza;;del civico n.;113;;Investimento di pedone;Rettilineo;Una carreggiata a doppio senso;Asciutto;Asfaltata;Verticale ed orizzontale;Sereno;Normale;Buona;Ore Diurne;5;1;0;3;12.4656;41.8657;-1;;;;Pedone;F;Ricoverato;0;NON DECEDUTO;;
4648602;15;09/11/2019 12:00:00;Strada Urbana;VIA ODERISI DA GUBBIO;in corrispondenza;;del civico n.;113;;Investimento di pedone;Rettilineo;Una carreggiata a doppio senso;Asciutto;Asfaltata;Verticale ed orizzontale;Sereno;Normale;Buona;Ore Diurne;5;1;0;3;12.4656;41.8657;-1;1;Autovettura privata;In marcia / fermata / arresto;Conducente;F;Illeso;0;;Non accertato;Inesploso
4648602;15;09/11/2019 12:00:00;Strada Urbana;VIA ODERISI DA GUBBIO;in corrispondenza;;del civico n.;113;;Investimento di pedone;Rettilineo;Una carreggiata a doppio senso;Asciutto;Asfaltata;Verticale ed orizzontale;Sereno;Normale;Buona;Ore Diurne;5;1;0;3;12.4656;41.8657;-1;1;Autovettura privata;In marcia / fermata / arresto;Passeggero;M;Illeso;0;;Non accertato;Inesploso
4648602;15;09/11/2019 12:00:00;Strada Urbana;VIA ODERISI DA GUBBIO;in corrispondenza;;del civico n.;113;;Investimento di pedone;Rettilineo;Una carreggiata a doppio senso;Asciutto;Asfaltata;Verticale ed orizzontale;Sereno;Normale;Buona;Ore Diurne;5;1;0;3;12.4656;41.8657;-1;1;Autovettura privata;In marcia / fermata / arresto;Passeggero;M;Illeso;0;;Non accertato;
4648641;12;05/11/2019 09:15:00;Strada Urbana;VIA DI DECIMA;da specificare;;;;altezza albero n�131;Veicolo in marcia contro ostacolo accidentale;Rettilineo;Una carreggiata a doppio senso;Bagnato (umidit� in atto);Asfaltata;Verticale ed orizzontale;Nuvoloso;Normale;Buona;Ore Diurne;0;0;0;1;12.4516;41.8151;-1;1;Autovettura privata;In marcia / fermata / arresto;Conducente;M;Illeso;0;;Utilizzato;Inesploso
4648649;8;09/11/2019 21:45:00;Strada Urbana;VIA PRENESTINA;da specificare;;;;prossimit� Via dell'Acqua Vergine direz GRA;Veicolo in marcia contro ostacolo accidentale;Rettilineo;Una carreggiata a doppio senso;Bagnato (pioggia);Asfaltata;Verticale ed orizzontale;Pioggia in atto;Normale;Sufficiente;Sufficiente;0;0;0;1;12.6247;41.8928;-1;1;Autovettura privata;In marcia / fermata / arresto;Conducente;M;Illeso;0;;Non accertato;Inesploso
4648650;19;10/11/2019 18:40:00;Strada Urbana;VIA DI TORREVECCHIA;in prossimit�;;del civico n.;619;;Scontro frontale/laterale SX fra veicoli in marcia;Rettilineo;Una carreggiata a doppio senso;Asciutto;Asfaltata;Orizzontale;Nuvoloso;Normale;Sufficiente;Sufficiente;0;0;0;3;12.4111;41.9217;-1;1;Autovettura privata;In marcia / fermata / arresto;Conducente;F;Illeso;0;;Non accertato;Inesploso
4648650;19;10/11/2019 18:40:00;Strada Urbana;VIA DI TORREVECCHIA;in prossimit�;;del civico n.;619;;Scontro frontale/laterale SX fra veicoli in marcia;Rettilineo;Una carreggiata a doppio senso;Asciutto;Asfaltata;Orizzontale;Nuvoloso;Normale;Sufficiente;Sufficiente;0;0;0;3;12.4111;41.9217;-1;2;Autovettura privata;In marcia / fermata / arresto;Conducente;M;Illeso;0;;Non accertato;Inesploso
4648650;19;10/11/2019 18:40:00;Strada Urbana;VIA DI TORREVECCHIA;in prossimit�;;del civico n.;619;;Scontro frontale/laterale SX fra veicoli in marcia;Rettilineo;Una carreggiata a doppio senso;Asciutto;Asfaltata;Orizzontale;Nuvoloso;Normale;Sufficiente;Sufficiente;0;0;0;3;12.4111;41.9217;-1;2;Autovettura privata;In marcia / fermata / arresto;Passeggero;M;Illeso;0;;Non accertato;Inesploso
4648656;15;09/11/2019 17:00:00;Strada Urbana;VIA DELLA MAGLIANA;all'intersezione con;VIA ERNESTO NATHAN;VIA ERNESTO NATHAN;;;Tamponamento;Incrocio;Una carreggiata a doppio senso;Bagnato (pioggia);Asfaltata;Orizzontale;Pioggia in atto;Normale;Buona;Sufficiente;0;0;0;3;12.4196;41.8317;-1;1;Autovettura privata;In marcia / fermata / arresto;Conducente;M;Illeso;0;;Utilizzato;Inesploso
4648656;15;09/11/2019 17:00:00;Strada Urbana;VIA DELLA MAGLIANA;all'intersezione con;VIA ERNESTO NATHAN;VIA ERNESTO NATHAN;;;Tamponamento;Incrocio;Una carreggiata a doppio senso;Bagnato (pioggia);Asfaltata;Orizzontale;Pioggia in atto;Normale;Buona;Sufficiente;0;0;0;3;12.4196;41.8317;-1;1;Autovettura privata;In marcia / fermata / arresto;Passeggero;F;Illeso;0;;Utilizzato;Inesploso
4648656;15;09/11/2019 17:00:00;Strada Urbana;VIA DELLA MAGLIANA;all'intersezione con;VIA ERNESTO NATHAN;VIA ERNESTO NATHAN;;;Tamponamento;Incrocio;Una carreggiata a doppio senso;Bagnato (pioggia);Asfaltata;Orizzontale;Pioggia in atto;Normale;Buona;Sufficiente;0;0;0;3;12.4196;41.8317;-1;2;Autocarro inferiore 35 q.;In marcia / fermata / arresto;Conducente;M;Illeso;0;;Utilizzato;Inesploso
4648678;13;09/11/2019 06:00:00;Strada Urbana;VIALE DEL SOMMERGIBILE;all'intersezione con;VIA DOMENICO BAFFIGO;VIA DOMENICO BAFFIGO;;;Scontro frontale/laterale SX fra veicoli in marcia;Incrocio;Due carreggiate;Asciutto;Asfaltata;Verticale ed orizzontale;Sereno;Scarso;Sufficiente;Sufficiente;1;0;0;5;12.2623;41.736;-1;1;Autovettura privata;In marcia / fermata / arresto;Conducente;F;Rimandato;0;NON DECEDUTO;Non accertato;Esploso
4648678;13;09/11/2019 06:00:00;Strada Urbana;VIALE DEL SOMMERGIBILE;all'intersezione con;VIA DOMENICO BAFFIGO;VIA DOMENICO BAFFIGO;;;Scontro frontale/laterale SX fra veicoli in marcia;Incrocio;Due carreggiate;Asciutto;Asfaltata;Verticale ed orizzontale;Sereno;Scarso;Sufficiente;Sufficiente;1;0;0;5;12.2623;41.736;-1;2;Autovettura privata;In marcia / fermata / arresto;Conducente;M;Illeso;0;;Non accertato;Esploso
4648678;13;09/11/2019 06:00:00;Strada Urbana;VIALE DEL SOMMERGIBILE;all'intersezione con;VIA DOMENICO BAFFIGO;VIA DOMENICO BAFFIGO;;;Scontro frontale/laterale SX fra veicoli in marcia;Incrocio;Due carreggiate;Asciutto;Asfaltata;Verticale ed orizzontale;Sereno;Scarso;Sufficiente;Sufficiente;1;0;0;5;12.2623;41.736;-1;2;Autovettura privata;In marcia / fermata / arresto;Passeggero;F;Illeso;0;;;
4648678;13;09/11/2019 06:00:00;Strada Urbana;VIALE DEL SOMMERGIBILE;all'intersezione con;VIA DOMENICO BAFFIGO;VIA DOMENICO BAFFIGO;;;Scontro frontale/laterale SX fra veicoli in marcia;Incrocio;Due carreggiate;Asciutto;Asfaltata;Verticale ed orizzontale;Sereno;Scarso;Sufficiente;Sufficiente;1;0;0;5;12.2623;41.736;-1;2;Autovettura privata;In marcia / fermata / arresto;Passeggero;F;Illeso;0;;Non accertato;
4648678;13;09/11/2019 06:00:00;Strada Urbana;VIALE DEL SOMMERGIBILE;all'intersezione con;VIA DOMENICO BAFFIGO;VIA DOMENICO BAFFIGO;;;Scontro frontale/laterale SX fra veicoli in marcia;Incrocio;Due carreggiate;Asciutto;Asfaltata;Verticale ed orizzontale;Sereno;Scarso;Sufficiente;Sufficiente;1;0;0;5;12.2623;41.736;-1;2;Autovettura privata;In marcia / fermata / arresto;Passeggero;F;Illeso;0;;;
4648678;13;09/11/2019 06:00:00;Strada Urbana;VIALE DEL SOMMERGIBILE;all'intersezione con;VIA DOMENICO BAFFIGO;VIA DOMENICO BAFFIGO;;;Scontro frontale/laterale SX fra veicoli in marcia;Incrocio;Due carreggiate;Asciutto;Asfaltata;Verticale ed orizzontale;Sereno;Scarso;Sufficiente;Sufficiente;1;0;0;5;12.2623;41.736;-1;2;Autovettura privata;In marcia / fermata / arresto;Passeggero;M;Illeso;0;;;
4648687;7;08/11/2019 20:00:00;Strada Urbana;VIA FRANCESCO MARATTI;all'intersezione con;VIA DEI MELI;VIA DEI MELI;;;Veicolo in marcia contro veicolo in sosta;Incrocio;Una carreggiata a senso unico di marcia;Bagnato (umidit� in atto);Asfaltata;Assente;Nuvoloso;Scarso;Sufficiente;Sufficiente;0;0;0;1;12.5792;41.8809;0;1;Autovettura privata;Sosta;;;;;;;
4648687;7;08/11/2019 20:00:00;Strada Urbana;VIA FRANCESCO MARATTI;all'intersezione con;VIA DEI MELI;VIA DEI MELI;;;Veicolo in marcia contro veicolo in sosta;Incrocio;Una carreggiata a senso unico di marcia;Bagnato (umidit� in atto);Asfaltata;Assente;Nuvoloso;Scarso;Sufficiente;Sufficiente;0;0;0;1;12.5792;41.8809;0;2;Autovettura privata;In marcia / fermata / arresto;Conducente;M;Illeso;0;;Non accertato;Inesploso
4648691;12;09/11/2019 18:05:00;Strada Urbana;VIALE DEGLI EROI DI RODI;all'intersezione con;VIA CALCEDONIO GIORDANO;VIA CALCEDONIO GIORDANO;;;Scontro frontale/laterale DX fra veicoli in marcia;Intersezione stradale segnalata;Una carreggiata a senso unico di marcia;Bagnato (pioggia);Asfaltata;Verticale ed orizzontale;Pioggia in atto;Normale;Sufficiente;Sufficiente;1;0;0;2;12.4387;41.78;-1;1;Autovettura privata;In marcia / fermata / arresto;Conducente;M;Rimandato;0;NON DECEDUTO;;Inesploso
4648691;12;09/11/2019 18:05:00;Strada Urbana;VIALE DEGLI EROI DI RODI;all'intersezione con;VIA CALCEDONIO GIORDANO;VIA CALCEDONIO GIORDANO;;;Scontro frontale/laterale DX fra veicoli in marcia;Intersezione stradale segnalata;Una carreggiata a senso unico di marcia;Bagnato (pioggia);Asfaltata;Verticale ed orizzontale;Pioggia in atto;Normale;Sufficiente;Sufficiente;1;0;0;2;12.4387;41.78;-1;1;Autovettura privata;In marcia / fermata / arresto;Passeggero;M;Illeso;0;;;