Protocollo;Gruppo;DataOraIncidente;Localizzazione1;STRADA1;Localizzazione2;STRADA2;Strada02;Chilometrica;DaSpecificare;NaturaIncidente;particolaritastrade;TipoStrada;FondoStradale;Pavimentazione;Segnaletica;CondizioneAtmosferica;Traffico;Visibilita;Illuminazione;NUM_FERITI;NUM_RISERVATA;NUM_MORTI;NUM_ILLESI;Longitudine;Latitudine;Confermato;Progressivo;TipoVeicolo;StatoVeicolo;TipoPersona;Sesso;Tipolesione;Deceduto;DecedutoDopo;CinturaCascoUtilizzato;Airbag;
4648980;7;09/11/2019 21:30:00;Strada Urbana;VIA DELLE PALME;in prossimit�;;del civico n.;1;;Veicolo in marcia contro ostacolo accidentale;Rettilineo;Una carreggiata a senso unico di marcia;Asciutto;Asfaltata;Verticale ed orizzontale;Sereno;Normale;Buona;Ore Diurne;0;0;0;2;12.5617;41.8887;-1;1;Autovettura privata;In marcia / fermata / arresto;Conducente;F;Illeso;0;;Non accertato;Inesploso
4648980;7;09/11/2019 21:30:00;Strada Urbana;VIA DELLE PALME;in prossimit�;;del civico n.;1;;Veicolo in marcia contro ostacolo accidentale;Rettilineo;Una carreggiata a senso unico di marcia;Asciutto;Asfaltata;Verticale ed orizzontale;Sereno;Normale;Buona;Ore Diurne;0;0;0;2;12.5617;41.8887;-1;1;Autovettura privata;In marcia / fermata / arresto;Passeggero;M;Illeso;0;;Non accertato;Inesploso
4648988;5;10/11/2019 10:15:00;Strada Urbana;VIA DI S. ALESSANDRO;da specificare;;;;SVOLTA SX PER S. ALESS. DIR. NOMENTANA;Tamponamento;Curva a visuale libera;Due carreggiate;Asciutto;Asfaltata;Verticale ed orizzontale;Sereno;Scarso;Buona;Ore Diurne;2;0;0;2;12.5981;41.9492;-1;1;Autovettura privata;In marcia / fermata / arresto;Conducente;F;Rimandato;0;NON DECEDUTO;Non accertato;
4648988;5;10/11/2019 10:15:00;Strada Urbana;VIA DI S. ALESSANDRO;da specificare;;;;SVOLTA SX PER S. ALESS. DIR. NOMENTANA;Tamponamento;Curva a visuale libera;Due carreggiate;Asciutto;Asfaltata;Verticale ed orizzontale;Sereno;Scarso;Buona;Ore Diurne;2;0;0;2;12.5981;41.9492;-1;1;Autovettura privata;In marcia / fermata / arresto;Passeggero;F;Rimandato;0;NON DECEDUTO;Non accertato;Inesploso
4648988;5;10/11/2019 10:15:00;Strada Urbana;VIA DI S. ALESSANDRO;da specificare;;;;SVOLTA SX PER S. ALESS. DIR. NOMENTANA;Tamponamento;Curva a visuale libera;Due carreggiate;Asciutto;Asfaltata;Verticale ed orizzontale;Sereno;Scarso;Buona;Ore Diurne;2;0;0;2;12.5981;41.9492;-1;2;Autovettura privata;In marcia / fermata / arresto;Conducente;M;Illeso;0;;Non accertato;Inesploso
4648988;5;10/11/2019 10:15:00;Strada Urbana;VIA DI S. ALESSANDRO;da specificare;;;;SVOLTA SX PER S. ALESS. DIR. NOMENTANA;Tamponamento;Curva a visuale libera;Due carreggiate;Asciutto;Asfaltata;Verticale ed orizzontale;Sereno;Scarso;Buona;Ore Diurne;2;0;0;2;12.5981;41.9492;-1;2;Autovettura privata;In marcia / fermata / arresto;Passeggero;M;Illeso;0;;Non accertato;Inesploso
4648989;12;10/11/2019 20:45:00;Strada Urbana;VIALE EUROPA;all'intersezione semaforizzata con;VIALE CRISTOFORO COLOMBO;VIALE CRISTOFORO COLOMBO;;;Tamponamento;Intersezione semaforizzata;Una carreggiata a doppio senso;Bagnato (pioggia);Asfaltata;Verticale ed orizzontale;Pioggia in atto;Normale;Buona;Sufficiente;0;0;0;4;12.4685;41.831;-1;1;Autovettura privata;In marcia / fermata / arresto;Conducente;F;Illeso;0;;;
4648989;12;10/11/2019 20:45:00;Strada Urbana;VIALE EUROPA;all'intersezione semaforizzata con;VIALE CRISTOFORO COLOMBO;VIALE CRISTOFORO COLOMBO;;;Tamponamento;Intersezione semaforizzata;Una carreggiata a doppio senso;Bagnato (pioggia);Asfaltata;Verticale ed orizzontale;Pioggia in atto;Normale;Buona;Sufficiente;0;0;0;4;12.4685;41.831;-1;2;Autovettura privata;In marcia / fermata / arresto;Conducente;F;Illeso;0;;Utilizzato;Inesploso
4648989;12;10/11/2019 20:45:00;Strada Urbana;VIALE EUROPA;all'intersezione semaforizzata con;VIALE CRISTOFORO COLOMBO;VIALE CRISTOFORO COLOMBO;;;Tamponamento;Intersezione semaforizzata;Una carreggiata a doppio senso;Bagnato (pioggia);Asfaltata;Verticale ed orizzontale;Pioggia in atto;Normale;Buona;Sufficiente;0;0;0;4;12.4685;41.831;-1;2;Autovettura privata;In marcia / fermata / arresto;Passeggero;M;Illeso;0;;Utilizzato;Inesploso
4648992;5;09/11/2019 22:30:00;Strada Urbana;VIALE PALMIRO TOGLIATTI;all'intersezione con;VIA FILIPPO SERAFINI;VIA FILIPPO SERAFINI;;;Scontro frontale/laterale SX fra veicoli in marcia;Incrocio;Pi� di due carreggiate;Bagnato (pioggia);Asfaltata;Verticale ed orizzontale;Pioggia in atto;Normale;Sufficiente;Sufficiente;1;0;0;4;12.5701;41.8608;-1;1;Autovettura privata;In marcia / fermata / arresto;Conducente;M;Illeso;0;;Non accertato;Esploso
4648992;5;09/11/2019 22:30:00;Strada Urbana;VIALE PALMIRO TOGLIATTI;all'intersezione con;VIA FILIPPO SERAFINI;VIA FILIPPO SERAFINI;;;Scontro frontale/laterale SX fra veicoli in marcia;Incrocio;Pi� di due carreggiate;Bagnato (pioggia);Asfaltata;Verticale ed orizzontale;Pioggia in atto;Normale;Sufficiente;Sufficiente;1;0;0;4;12.5701;41.8608;-1;2;Autovettura privata;In marcia / fermata / arresto;Conducente;M;Rimandato;0;NON DECEDUTO;Non accertato;Esploso
4648992;5;09/11/2019 22:30:00;Strada Urbana;VIALE PALMIRO TOGLIATTI;all'intersezione con;VIA FILIPPO SERAFINI;VIA FILIPPO SERAFINI;;;Scontro frontale/laterale SX fra veicoli in marcia;Incrocio;Pi� di due carreggiate;Bagnato (pioggia);Asfaltata;Verticale ed orizzontale;Pioggia in atto;Normale;Sufficiente;Sufficiente;1;0;0;4;12.5701;41.8608;-1;2;Autovettura privata;In marcia / fermata / arresto;Passeggero;M;Illeso;0;;Non accertato;Inesploso
4648992;5;09/11/2019 22:30:00;Strada Urbana;VIALE PALMIRO TOGLIATTI;all'intersezione con;VIA FILIPPO SERAFINI;VIA FILIPPO SERAFINI;;;Scontro frontale/laterale SX fra veicoli in marcia;Incrocio;Pi� di due carreggiate;Bagnato (pioggia);Asfaltata;Verticale ed orizzontale;Pioggia in atto;Normale;Sufficiente;Sufficiente;1;0;0;4;12.5701;41.8608;-1;3;Autovettura privata;In marcia / fermata / arresto;Conducente;M;Illeso;0;;Non accertato;Inesploso
4648992;5;09/11/2019 22:30:00;Strada Urbana;VIALE PALMIRO TOGLIATTI;all'intersezione con;VIA FILIPPO SERAFINI;VIA FILIPPO SERAFINI;;;Scontro frontale/laterale SX fra veicoli in marcia;Incrocio;Pi� di due carreggiate;Bagnato (pioggia);Asfaltata;Verticale ed orizzontale;Pioggia in atto;Normale;Sufficiente;Sufficiente;1;0;0;4;12.5701;41.8608;-1;3;Autovettura privata;In marcia / fermata / arresto;Passeggero;M;Illeso;0;;Non accertato;Inesploso
4648993;10;11/11/2019 01:00:00;Strada Urbana;VIA ENNA;all'intersezione con;VIA CHIOGGIA;VIA CHIOGGIA;;;Veicolo in marcia contro veicolo fermo;Incrocio;Una carreggiata a doppio senso;Bagnato (pioggia);Asfaltata;Verticale ed orizzontale;Pioggia in atto;Scarso;Sufficiente;Sufficiente;0;0;0;5;12.5232;41.8824;-1;1;Autovettura privata;In marcia / fermata / arresto;Conducente;M;Illeso;0;;Non accertato;Inesploso
4648993;10;11/11/2019 01:00:00;Strada Urbana;VIA ENNA;all'intersezione con;VIA CHIOGGIA;VIA CHIOGGIA;;;Veicolo in marcia contro veicolo fermo;Incrocio;Una carreggiata a doppio senso;Bagnato (pioggia);Asfaltata;Verticale ed orizzontale;Pioggia in atto;Scarso;Sufficiente;Sufficiente;0;0;0;5;12.5232;41.8824;-1;1;Autovettura privata;In marcia / fermata / arresto;Passeggero;F;Illeso;0;;Non accertato;Inesploso
4648993;10;11/11/2019 01:00:00;Strada Urbana;VIA ENNA;all'intersezione con;VIA CHIOGGIA;VIA CHIOGGIA;;;Veicolo in marcia contro veicolo fermo;Incrocio;Una carreggiata a doppio senso;Bagnato (pioggia);Asfaltata;Verticale ed orizzontale;Pioggia in atto;Scarso;Sufficiente;Sufficiente;0;0;0;5;12.5232;41.8824;-1;2;Autovettura privata;In marcia / fermata / arresto;Conducente;F;Illeso;0;;Non accertato;Inesploso
4648993;10;11/11/2019 01:00:00;Strada Urbana;VIA ENNA;all'intersezione con;VIA CHIOGGIA;VIA CHIOGGIA;;;Veicolo in marcia contro veicolo fermo;Incrocio;Una carreggiata a doppio senso;Bagnato (pioggia);Asfaltata;Verticale ed orizzontale;Pioggia in atto;Scarso;Sufficiente;Sufficiente;0;0;0;5;12.5232;41.8824;-1;2;Autovettura privata;In marcia / fermata / arresto;Passeggero;F;Illeso;0;;Non accertato;Inesploso
4648993;10;11/11/2019 01:00:00;Strada Urbana;VIA ENNA;all'intersezione con;VIA CHIOGGIA;VIA CHIOGGIA;;;Veicolo in marcia contro veicolo fermo;Incrocio;Una carreggiata a doppio senso;Bagnato (pioggia);Asfaltata;Verticale ed orizzontale;Pioggia in atto;Scarso;Sufficiente;Sufficiente;0;0;0;5;12.5232;41.8824;-1;2;Autovettura privata;In marcia / fermata / arresto;Passeggero;F;Illeso;0;;Non accertato;Inesploso
4648997;5;10/11/2019 18:00:00;Strada Urbana;VIA TIBURTINA;all'intersezione con;VIA OSTERIA DELLE CAPANNACCE;VIA OSTERIA DELLE CAPANNACCE;;;Scontro frontale/laterale DX fra veicoli in marcia;Incrocio;Una carreggiata a doppio senso;Asciutto;Asfaltata;Verticale ed orizzontale;Sereno;Normale;Buona;Sufficiente;0;0;0;5;12.6456;41.9417;-1;1;Autovettura privata;In marcia / fermata / arresto;Conducente;M;Illeso;0;;Non accertato;Inesploso
4648997;5;10/11/2019 18:00:00;Strada Urbana;VIA TIBURTINA;all'intersezione con;VIA OSTERIA DELLE CAPANNACCE;VIA OSTERIA DELLE CAPANNACCE;;;Scontro frontale/laterale DX fra veicoli in marcia;Incrocio;Una carreggiata a doppio senso;Asciutto;Asfaltata;Verticale ed orizzontale;Sereno;Normale;Buona;Sufficiente;0;0;0;5;12.6456;41.9417;-1;1;Autovettura privata;In marcia / fermata / arresto;Passeggero;F;Illeso;0;;Non accertato;Inesploso
4648997;5;10/11/2019 18:00:00;Strada Urbana;VIA TIBURTINA;all'intersezione con;VIA OSTERIA DELLE CAPANNACCE;VIA OSTERIA DELLE CAPANNACCE;;;Scontro frontale/laterale DX fra veicoli in marcia;Incrocio;Una carreggiata a doppio senso;Asciutto;Asfaltata;Verticale ed orizzontale;Sereno;Normale;Buona;Sufficiente;0;0;0;5;12.6456;41.9417;-1;1;Autovettura privata;In marcia / fermata / arresto;Passeggero;F;Illeso;0;;Non accertato;Inesploso
4648997;5;10/11/2019 18:00:00;Strada Urbana;VIA TIBURTINA;all'intersezione con;VIA OSTERIA DELLE CAPANNACCE;VIA OSTERIA DELLE CAPANNACCE;;;Scontro frontale/laterale DX fra veicoli in marcia;Incrocio;Una carreggiata a doppio senso;Asciutto;Asfaltata;Verticale ed orizzontale;Sereno;Normale;Buona;Sufficiente;0;0;0;5;12.6456;41.9417;-1;1;Autovettura privata;In marcia / fermata / arresto;Passeggero;F;Illeso;0;;Non accertato;Inesploso
4648997;5;10/11/2019 18:00:00;Strada Urbana;VIA TIBURTINA;all'intersezione con;VIA OSTERIA DELLE CAPANNACCE;VIA OSTERIA DELLE CAPANNACCE;;;Scontro frontale/laterale DX fra veicoli in marcia;Incrocio;Una carreggiata a doppio senso;Asciutto;Asfaltata;Verticale ed orizzontale;Sereno;Normale;Buona;Sufficiente;0;0;0;5;12.6456;41.9417;-1;2;Autovettura privata;In marcia / fermata / arresto;Conducente;F;Illeso;0;;Non accertato;Inesploso
4649013;7;08/11/2019 10:00:00;Strada Urbana;VIALE ENZO FERRARI;da specificare;;;;interno galleria;Veicolo in marcia contro ostacolo fisso;Galleria illuminata;Due carreggiate;Bagnato (umidit� in atto);Asfaltata;Verticale ed orizzontale;Pioggia in atto;Normale;Sufficiente;Sufficiente;0;0;0;1;12.5864;41.8908;-1;1;Autovettura privata;In marcia / fermata / arresto;Conducente;M;Illeso;0;;Non accertato;Inesploso
4649023;5;11/11/2019 06:00:00;Statale entro l'abitato;VIA TIBURTINA;da specificare;;;;100 MT PRIMA DEL CENTRO TECNOPOLO;Veicolo in marcia contro ostacolo fisso;Rettilineo;Due carreggiate;Bagnato (pioggia);Asfaltata;Verticale ed orizzontale;Pioggia in atto;Normale;Insufficiente;Insufficiente;0;0;0;2;12.6545;41.9425;-1;1;Autovettura privata;In marcia / fermata / arresto;Conducente;M;Illeso;0;;Non accertato;
4649023;5;11/11/2019 06:00:00;Statale entro l'abitato;VIA TIBURTINA;da specificare;;;;100 MT PRIMA DEL CENTRO TECNOPOLO;Veicolo in marcia contro ostacolo fisso;Rettilineo;Due carreggiate;Bagnato (pioggia);Asfaltata;Verticale ed orizzontale;Pioggia in atto;Normale;Insufficiente;Insufficiente;0;0;0;2;12.6545;41.9425;-1;2;Autovettura privata;In marcia / fermata / arresto;Conducente;M;Illeso;0;;Non accertato;
4649027;16;08/11/2019 09:45:00;Strada Urbana;PIAZZA DI S. PANCRAZIO;all'intersezione con;VIA DI PORTA S. PANCRAZIO;VIA DI PORTA S. PANCRAZIO;;;Scontro frontale/laterale DX fra veicoli in marcia;Incrocio;Due carreggiate;Bagnato (umidit� in atto);Asfaltata;Verticale ed orizzontale;Nuvoloso;Normale;Buona;Ore Diurne;1;0;0;1;12.4557;41.8849;-1;1;Autobus di linea;In marcia / fermata / arresto;Conducente;M;Illeso;0;;Non accertato;Inesploso
4649027;16;08/11/2019 09:45:00;Strada Urbana;PIAZZA DI S. PANCRAZIO;all'intersezione con;VIA DI PORTA S. PANCRAZIO;VIA DI PORTA S. PANCRAZIO;;;Scontro frontale/laterale DX fra veicoli in marcia;Incrocio;Due carreggiate;Bagnato (umidit� in atto);Asfaltata;Verticale ed orizzontale;Nuvoloso;Normale;Buona;Ore Diurne;1;0;0;1;12.4557;41.8849;-1;2;Motociclo a solo;In marcia / fermata / arresto;Conducente;M;Rimandato;0;NON DECEDUTO;Non accertato;
4649032;15;09/11/2019 16:00:00;Strada Urbana;VIA DEL TRULLO;in prossimit�;;del civico n.;384;;Veicolo in marcia contro ostacolo fisso;Rettilineo;Una carreggiata a doppio senso;Bagnato (pioggia);Asfaltata;Orizzontale;Pioggia in atto;Normale;Buona;Ore Diurne;0;0;0;2;12.4368;41.8415;-1;1;Autovettura privata;In marcia / fermata / arresto;Conducente;M;Illeso;0;;Utilizzato;Inesploso
4649032;15;09/11/2019 16:00:00;Strada Urbana;VIA DEL TRULLO;in prossimit�;;del civico n.;384;;Veicolo in marcia contro ostacolo fisso;Rettilineo;Una carreggiata a doppio senso;Bagnato (pioggia);Asfaltata;Orizzontale;Pioggia in atto;Normale;Buona;Ore Diurne;0;0;0;2;12.4368;41.8415;-1;1;Autovettura privata;In marcia / fermata / arresto;Passeggero;F;Illeso;0;;Utilizzato;Inesploso
4649063;16;11/11/2019 08:45:00;Strada Urbana;PIAZZA CARLO ALBERTO SCOTTI;in prossimit�;;del civico n.;18;;Tamponamento;Rettilineo;Una carreggiata a doppio senso;Asciutto;Asfaltata;Verticale ed orizzontale;Sereno;Normale;Buona;Ore Diurne;0;0;0;2;12.4458;41.8696;-1;1;Autovettura privata;In marcia / fermata / arresto;Conducente;M;Illeso;0;;Non accertato;Inesploso
4649063;16;11/11/2019 08:45:00;Strada Urbana;PIAZZA CARLO ALBERTO SCOTTI;in prossimit�;;del civico n.;18;;Tamponamento;Rettilineo;Una carreggiata a doppio senso;Asciutto;Asfaltata;Verticale ed orizzontale;Sereno;Normale;Buona;Ore Diurne;0;0;0;2;12.4458;41.8696;-1;2;Autovettura privata;In marcia / fermata / arresto;Conducente;M;Illeso;0;;Non accertato;Inesploso
4649064;1;09/11/2019 19:00:00;Strada Urbana;VIA DI S. PRISCA;da specificare;;;;altezza P.ZZA ALBANIA;Investimento di pedone;Rettilineo;Una carreggiata a doppio senso;Bagnato (pioggia);Asfaltata;Verticale;Pioggia in atto;Normale;Sufficiente;Sufficiente;3;0;0;1;12.484;41.882;-1;;;;Pedone;F;Rimandato;0;NON DECEDUTO;;
4649064;1;09/11/2019 19:00:00;Strada Urbana;VIA DI S. PRISCA;da specificare;;;;altezza P.ZZA ALBANIA;Investimento di pedone;Rettilineo;Una carreggiata a doppio senso;Bagnato (pioggia);Asfaltata;Verticale;Pioggia in atto;Normale;Sufficiente;Sufficiente;3;0;0;1;12.484;41.882;-1;;;;Pedone;M;Rimandato;0;NON DECEDUTO;;
4649064;1;09/11/2019 19:00:00;Strada Urbana;VIA DI S. PRISCA;da specificare;;;;altezza P.ZZA ALBANIA;Investimento di pedone;Rettilineo;Una carreggiata a doppio senso;Bagnato (pioggia);Asfaltata;Verticale;Pioggia in atto;Normale;Sufficiente;Sufficiente;3;0;0;1;12.484;41.882;-1;;;;Pedone;M;Rimandato;0;NON DECEDUTO;;
4649064;1;09/11/2019 19:00:00;Strada Urbana;VIA DI S. PRISCA;da specificare;;;;altezza P.ZZA ALBANIA;Investimento di pedone;Rettilineo;Una carreggiata a doppio senso;Bagnato (pioggia);Asfaltata;Verticale;Pioggia in atto;Normale;Sufficiente;Sufficiente;3;0;0;1;12.484;41.882;-1;1;Autovettura privata;In marcia / fermata / arresto;Conducente;M;Illeso;0;;Non accertato;Inesploso
4649071;5;10/11/2019 05:30:00;Strada Urbana;VIA DEI DURANTINI;da specificare;;;;altezza via Carlo Amoretti;Scontro laterale fra veicoli in marcia;Rettilineo;Una carreggiata a doppio senso;Bagnato (pioggia);Asfaltata;Verticale;Nuvoloso;Normale;Buona;Sufficiente;1;0;0;3;12.5417;41.9144;-1;1;Autovettura privata;In marcia / fermata / arresto;Conducente;M;Illeso;0;;Non accertato;Inesploso
4649071;5;10/11/2019 05:30:00;Strada Urbana;VIA DEI DURANTINI;da specificare;;;;altezza via Carlo Amoretti;Scontro laterale fra veicoli in marcia;Rettilineo;Una carreggiata a doppio senso;Bagnato (pioggia);Asfaltata;Verticale;Nuvoloso;Normale;Buona;Sufficiente;1;0;0;3;12.5417;41.9144;-1;1;Autovettura privata;In marcia / fermata / arresto;Passeggero;M;Illeso;0;;Non accertato;Inesploso
4649071;5;10/11/2019 05:30:00;Strada Urbana;VIA DEI DURANTINI;da specificare;;;;altezza via Carlo Amoretti;Scontro laterale fra veicoli in marcia;Rettilineo;Una carreggiata a doppio senso;Bagnato (pioggia);Asfaltata;Verticale;Nuvoloso;Normale;Buona;Sufficiente;1;0;0;3;12.5417;41.9144;-1;1;Autovettura privata;In marcia / fermata / arresto;Passeggero;M;Illeso;0;;Non accertato;Inesploso
4649071;5;10/11/2019 05:30:00;Strada Urbana;VIA DEI DURANTINI;da specificare;;;;altezza via Carlo Amoretti;Scontro laterale fra veicoli in marcia;Rettilineo;Una carreggiata a doppio senso;Bagnato (pioggia);Asfaltata;Verticale;Nuvoloso;Normale;Buona;Sufficiente;1;0;0;3;12.5417;41.9144;-1;2;Autovettura privata;In marcia / fermata / arresto;Conducente;M;Rimandato;0;NON DECEDUTO;Non accertato;Esploso
4649075;2;10/11/2019 16:40:00;Strada Urbana;VIALE LIEGI;all'intersezione semaforizzata con;VIA SALARIA;VIA SALARIA;;;Scontro frontale/laterale DX fra veicoli in marcia;Incrocio;Una carreggiata a doppio senso;Asciutto;Asfaltata;Verticale ed orizzontale;Nuvoloso;Normale;Buona;Ore Diurne;1;0;0;1;12.4957;41.9212;-1;1;Autocarro inferiore 35 q.;In marcia / fermata / arresto;Conducente;M;Illeso;0;;;
4649075;2;10/11/2019 16:40:00;Strada Urbana;VIALE LIEGI;all'intersezione semaforizzata con;VIA SALARIA;VIA SALARIA;;;Scontro frontale/laterale DX fra veicoli in marcia;Incrocio;Una carreggiata a doppio senso;Asciutto;Asfaltata;Verticale ed orizzontale;Nuvoloso;Normale;Buona;Ore Diurne;1;0;0;1;12.4957;41.9212;-1;2;Motociclo a solo;In marcia / fermata / arresto;Conducente;M;Rimandato;0;NON DECEDUTO;;
4649079;2;10/11/2019 22:00:00;Strada Urbana;LARGO GIUSEPPE TARTINI;in prossimit�;;del civico n.;6;;Tamponamento;Rettilineo;Una carreggiata a senso unico di marcia;Bagnato (pioggia);Asfaltata;Verticale ed orizzontale;Pioggia in atto;Scarso;Insufficiente;Insufficiente;1;0;0;1;12.4947;41.9162;-1;1;Autovettura privata;In marcia / fermata / arresto;Conducente;M;Illeso;0;;Non accertato;Inesploso
4649079;2;10/11/2019 22:00:00;Strada Urbana;LARGO GIUSEPPE TARTINI;in prossimit�;;del civico n.;6;;Tamponamento;Rettilineo;Una carreggiata a senso unico di marcia;Bagnato (pioggia);Asfaltata;Verticale ed orizzontale;Pioggia in atto;Scarso;Insufficiente;Insufficiente;1;0;0;1;12.4947;41.9162;-1;2;Ciclomotore;In marcia / fermata / arresto;Conducente;M;Rimandato;0;NON DECEDUTO;Non accertato;
4649079;2;10/11/2019 22:00:00;Strada Urbana;LARGO GIUSEPPE TARTINI;in prossimit�;;del civico n.;6;;Tamponamento;Rettilineo;Una carreggiata a senso unico di marcia;Bagnato (pioggia);Asfaltata;Verticale ed orizzontale;Pioggia in atto;Scarso;Insufficiente;Insufficiente;1;0;0;1;12.4947;41.9162;-1;3;Autovettura privata;Sosta;;;;;;;
4649090;7;08/11/2019 06:00:00;Strada Urbana;VIA DI TOR TRE TESTE;all'intersezione con;VIA DELLE NESPOLE;VIA DELLE NESPOLE;;;Scontro frontale/laterale SX fra veicoli in marcia;Intersezione stradale segnalata;Una carreggiata a doppio senso;Bagnato (pioggia);Asfaltata;Verticale;Nuvoloso;Scarso;Sufficiente;Sufficiente;0;0;0;3;12.5883;41.876;-1;1;Autovettura privata;In marcia / fermata / arresto;Conducente;M;Illeso;0;;;
4649090;7;08/11/2019 06:00:00;Strada Urbana;VIA DI TOR TRE TESTE;all'intersezione con;VIA DELLE NESPOLE;VIA DELLE NESPOLE;;;Scontro frontale/laterale SX fra veicoli in marcia;Intersezione stradale segnalata;Una carreggiata a doppio senso;Bagnato (pioggia);Asfaltata;Verticale;Nuvoloso;Scarso;Sufficiente;Sufficiente;0;0;0;3;12.5883;41.876;-1;2;Autovettura privata;In marcia / fermata / arresto;Conducente;M;Illeso;0;;;
4649090;7;08/11/2019 06:00:00;Strada Urbana;VIA DI TOR TRE TESTE;all'intersezione con;VIA DELLE NESPOLE;VIA DELLE NESPOLE;;;Scontro frontale/laterale SX fra veicoli in marcia;Intersezione stradale segnalata;Una carreggiata a doppio senso;Bagnato (pioggia);Asfaltata;Verticale;Nuvoloso;Scarso;Sufficiente;Sufficiente;0;0;0;3;12.5883;41.876;-1;3;Autovettura privata;In marcia / fermata / arresto;Conducente;F;Illeso;0;;;
4649108;11;10/11/2019 03:00:00;Strada Urbana;VIA ROSA RAIMONDI GARIBALDI;in corrispondenza;;del civico n.;93;;Veicolo in marcia contro veicoli in sosta;Rettilineo;Una carreggiata a senso unico di marcia;Bagnato (pioggia);Asfaltata;Verticale ed orizzontale;Nuvoloso;Scarso;Sufficiente;Ore Diurne;0;0;0;1;12.4902;41.8571;-1;1;Autovettura privata;In marcia / fermata / arresto;Conducente;M;Illeso;0;;Non accertato;
4649108;11;10/11/2019 03:00:00;Strada Urbana;VIA ROSA RAIMONDI GARIBALDI;in corrispondenza;;del civico n.;93;;Veicolo in marcia contro veicoli in sosta;Rettilineo;Una carreggiata a senso unico di marcia;Bagnato (pioggia);Asfaltata;Verticale ed orizzontale;Nuvoloso;Scarso;Sufficiente;Ore Diurne;0;0;0;1;12.4902;41.8571;-1;2;Autovettura privata;Sosta;;;;;;;
4649108;11;10/11/2019 03:00:00;Strada Urbana;VIA ROSA RAIMONDI GARIBALDI;in corrispondenza;;del civico n.;93;;Veicolo in marcia contro veicoli in sosta;Rettilineo;Una carreggiata a senso unico di marcia;Bagnato (pioggia);Asfaltata;Verticale ed orizzontale;Nuvoloso;Scarso;Sufficiente;Ore Diurne;0;0;0;1;12.4902;41.8571;-1;3;Autovettura privata;Sosta;;;;;;;
4649108;11;10/11/2019 03:00:00;Strada Urbana;VIA ROSA RAIMONDI GARIBALDI;in corrispondenza;;del civico n.;93;;Veicolo in marcia contro veicoli in sosta;Rettilineo;Una carreggiata a senso unico di marcia;Bagnato (pioggia);Asfaltata;Verticale ed orizzontale;Nuvoloso;Scarso;Sufficiente;Ore Diurne;0;0;0;1;12.4902;41.8571;-1;4;Ciclomotore;Sosta;;;;;;;
4649108;11;10/11/2019 03:00:00;Strada Urbana;VIA ROSA RAIMONDI GARIBALDI;in corrispondenza;;del civico n.;93;;Veicolo in marcia contro veicoli in sosta;Rettilineo;Una carreggiata a senso unico di marcia;Bagnato (pioggia);Asfaltata;Verticale ed orizzontale;Nuvoloso;Scarso;Sufficiente;Ore Diurne;0;0;0;1;12.4902;41.8571;-1;5;Motociclo a solo;Sosta;;;;;;;
4649115;1;10/11/2019 16:50:00;Strada Urbana;PORTO DI RIPA GRANDE;in prossimit�;;del civico n.;25;;Veicolo in marcia contro veicolo in sosta;Rettilineo;Una carreggiata a senso unico di marcia;Asciutto;Asfaltata;Verticale ed orizzontale;Sereno;Normale;Buona;Ore Diurne;3;0;0;0;12.4763;41.885;-1;1;Autovettura privata;Sosta;;;;;;;
4649115;1;10/11/2019 16:50:00;Strada Urbana;PORTO DI RIPA GRANDE;in prossimit�;;del civico n.;25;;Veicolo in marcia contro veicolo in sosta;Rettilineo;Una carreggiata a senso unico di marcia;Asciutto;Asfaltata;Verticale ed orizzontale;Sereno;Normale;Buona;Ore Diurne;3;0;0;0;12.4763;41.885;-1;2;Motociclo a solo;In marcia / fermata / arresto;Conducente;M;Rimandato;0;NON DECEDUTO;Non accertato;
4649115;1;10/11/2019 16:50:00;Strada Urbana;PORTO DI RIPA GRANDE;in prossimit�;;del civico n.;25;;Veicolo in marcia contro veicolo in sosta;Rettilineo;Una carreggiata a senso unico di marcia;Asciutto;Asfaltata;Verticale ed orizzontale;Sereno;Normale;Buona;Ore Diurne;3;0;0;0;12.4763;41.885;-1;3;Autovettura privata;In marcia / fermata / arresto;Conducente;F;Rifiuta cure immediate;0;NON DECEDUTO;Non accertato;Inesploso
4649115;1;10/11/2019 16:50:00;Strada Urbana;PORTO DI RIPA GRANDE;in prossimit�;;del civico n.;25;;Veicolo in marcia contro veicolo in sosta;Rettilineo;Una carreggiata a senso unico di marcia;Asciutto;Asfaltata;Verticale ed orizzontale;Sereno;Normale;Buona;Ore Diurne;3;0;0;0;12.4763;41.885;-1;3;Autovettura privata;In marcia / fermata / arresto;Passeggero;F;Rifiuta cure immediate;0;NON DECEDUTO;;
4649126;13;09/11/2019 22:00:00;Provinciale entro l'abitato;VIA OSTIENSE;da specificare;;;;altezza Via Albi;Veicolo in marcia contro ostacolo accidentale;Rettilineo;Una carreggiata a doppio senso;Bagnato (pioggia);Asfaltata;Verticale;Pioggia in atto;Scarso;Buona;Insufficiente;1;0;0;0;12.3783;41.7904;-1;1;Autovettura privata;In marcia / fermata / arresto;Conducente;M;Rimandato;0;NON DECEDUTO;Non accertato;Inesistente
4649128;4;09/11/2019 19:10:00;Strada Urbana;VIA TINA PICA;all'intersezione con;VIA ENRICO VIARISIO;VIA ENRICO VIARISIO;;;Scontro frontale fra veicoli in marcia;Intersezione stradale segnalata;Una carreggiata a doppio senso;Bagnato (pioggia);Asfaltata;Assente;Pioggia in atto;Normale;Sufficiente;Sufficiente;0;0;0;2;12.5152;41.969;-1;1;Autovettura privata;In marcia / fermata / arresto;Conducente;F;Illeso;0;;;