Protocollo;Gruppo;DataOraIncidente;Localizzazione1;STRADA1;Localizzazione2;STRADA2;Strada02;Chilometrica;DaSpecificare;NaturaIncidente;particolaritastrade;TipoStrada;FondoStradale;Pavimentazione;Segnaletica;CondizioneAtmosferica;Traffico;Visibilita;Illuminazione;NUM_FERITI;NUM_RISERVATA;NUM_MORTI;NUM_ILLESI;Longitudine;Latitudine;Confermato;Progressivo;TipoVeicolo;StatoVeicolo;TipoPersona;Sesso;Tipolesione;Deceduto;DecedutoDopo;CinturaCascoUtilizzato;Airbag;
4649128;4;09/11/2019 19:10:00;Strada Urbana;VIA TINA PICA;all'intersezione con;VIA ENRICO VIARISIO;VIA ENRICO VIARISIO;;;Scontro frontale fra veicoli in marcia;Intersezione stradale segnalata;Una carreggiata a doppio senso;Bagnato (pioggia);Asfaltata;Assente;Pioggia in atto;Normale;Sufficiente;Sufficiente;0;0;0;2;12.5152;41.969;-1;2;Autovettura privata;In marcia / fermata / arresto;Conducente;M;Illeso;0;;;
4649134;11;10/11/2019 02:20:00;Strada Urbana;VIA OSTIENSE;in corrispondenza;;del civico n.;131;;Tamponamento;Rettilineo;Pi� di due carreggiate;Bagnato (pioggia);Asfaltata;Verticale ed orizzontale;Nuvoloso;Scarso;Buona;Ore Diurne;1;0;0;1;12.4795;41.8653;-1;1;Autocarro inferiore 35 q.;In marcia / fermata / arresto;Conducente;M;Rifiuta cure immediate;0;NON DECEDUTO;;
4649134;11;10/11/2019 02:20:00;Strada Urbana;VIA OSTIENSE;in corrispondenza;;del civico n.;131;;Tamponamento;Rettilineo;Pi� di due carreggiate;Bagnato (pioggia);Asfaltata;Verticale ed orizzontale;Nuvoloso;Scarso;Buona;Ore Diurne;1;0;0;1;12.4795;41.8653;-1;2;Autovettura privata;In marcia / fermata / arresto;Conducente;M;Illeso;0;;;
4649140;7;10/11/2019 07:00:00;Strada Urbana;VIALE ENZO FERRARI;in corrispondenza;;del palo luce n.;1076;;Veicolo in marcia contro ostacolo fisso;Rettilineo;Due carreggiate;Bagnato (umidit� in atto);Asfaltata;Verticale ed orizzontale;Sereno;Scarso;Buona;Ore Diurne;1;0;0;0;12.5932;41.8906;-1;1;Autovettura privata;In marcia / fermata / arresto;Conducente;M;Rimandato;0;NON DECEDUTO;Non accertato;Inesploso
4649145;11;09/11/2019 21:30:00;Strada Urbana;VIA SILVIO D'AMICO;all'intersezione con;VIA GABRIELLO CHIABRERA;VIA GABRIELLO CHIABRERA;;;Scontro frontale/laterale DX fra veicoli in marcia;Intersezione stradale segnalata;Due carreggiate;Bagnato (pioggia);Asfaltata;Verticale ed orizzontale;Nuvoloso;Scarso;Sufficiente;Sufficiente;1;0;0;2;12.4787;41.8517;-1;1;Autovettura privata;In marcia / fermata / arresto;Conducente;M;Illeso;0;;Non accertato;
4649145;11;09/11/2019 21:30:00;Strada Urbana;VIA SILVIO D'AMICO;all'intersezione con;VIA GABRIELLO CHIABRERA;VIA GABRIELLO CHIABRERA;;;Scontro frontale/laterale DX fra veicoli in marcia;Intersezione stradale segnalata;Due carreggiate;Bagnato (pioggia);Asfaltata;Verticale ed orizzontale;Nuvoloso;Scarso;Sufficiente;Sufficiente;1;0;0;2;12.4787;41.8517;-1;2;Autovettura privata;In marcia / fermata / arresto;Conducente;M;Illeso;0;;Non accertato;
4649145;11;09/11/2019 21:30:00;Strada Urbana;VIA SILVIO D'AMICO;all'intersezione con;VIA GABRIELLO CHIABRERA;VIA GABRIELLO CHIABRERA;;;Scontro frontale/laterale DX fra veicoli in marcia;Intersezione stradale segnalata;Due carreggiate;Bagnato (pioggia);Asfaltata;Verticale ed orizzontale;Nuvoloso;Scarso;Sufficiente;Sufficiente;1;0;0;2;12.4787;41.8517;-1;2;Autovettura privata;In marcia / fermata / arresto;Passeggero;F;Rifiuta cure immediate;0;NON DECEDUTO;Non accertato;
4649147;11;09/11/2019 11:10:00;Strada Urbana;PIAZZALE DEL CARAVAGGIO;all'intersezione con;VIA ANDREA MANTEGNA;VIA ANDREA MANTEGNA;;;Scontro laterale fra veicoli in marcia;Rotatoria;Una carreggiata a senso unico di marcia;Asciutto;Asfaltata;Verticale ed orizzontale;Sereno;Normale;Buona;Ore Diurne;0;0;0;3;12.4933;41.8512;-1;1;Autovettura privata;In marcia / fermata / arresto;Conducente;M;Illeso;0;;;
4649147;11;09/11/2019 11:10:00;Strada Urbana;PIAZZALE DEL CARAVAGGIO;all'intersezione con;VIA ANDREA MANTEGNA;VIA ANDREA MANTEGNA;;;Scontro laterale fra veicoli in marcia;Rotatoria;Una carreggiata a senso unico di marcia;Asciutto;Asfaltata;Verticale ed orizzontale;Sereno;Normale;Buona;Ore Diurne;0;0;0;3;12.4933;41.8512;-1;1;Autovettura privata;In marcia / fermata / arresto;Passeggero;F;Illeso;0;;;
4649147;11;09/11/2019 11:10:00;Strada Urbana;PIAZZALE DEL CARAVAGGIO;all'intersezione con;VIA ANDREA MANTEGNA;VIA ANDREA MANTEGNA;;;Scontro laterale fra veicoli in marcia;Rotatoria;Una carreggiata a senso unico di marcia;Asciutto;Asfaltata;Verticale ed orizzontale;Sereno;Normale;Buona;Ore Diurne;0;0;0;3;12.4933;41.8512;-1;2;Autovettura privata;In marcia / fermata / arresto;Conducente;M;Illeso;0;;;
4649154;4;10/11/2019 10:35:00;Provinciale entro l'abitato;VIA NOMENTANA;all'intersezione con;VIA GIACOMO ANTONIO CORTUSO;VIA GIACOMO ANTONIO CORTUSO;;;Scontro frontale/laterale DX fra veicoli in marcia;Incrocio;Una carreggiata a doppio senso;Bagnato (umidit� in atto);Asfaltata;Assente;Nebbia;Intenso;Buona;Ore Diurne;1;0;0;1;12.5728;41.9579;-1;1;Motociclo con passeggero;In marcia / fermata / arresto;Conducente;M;Rifiuta cure immediate;0;NON DECEDUTO;;
4649154;4;10/11/2019 10:35:00;Provinciale entro l'abitato;VIA NOMENTANA;all'intersezione con;VIA GIACOMO ANTONIO CORTUSO;VIA GIACOMO ANTONIO CORTUSO;;;Scontro frontale/laterale DX fra veicoli in marcia;Incrocio;Una carreggiata a doppio senso;Bagnato (umidit� in atto);Asfaltata;Assente;Nebbia;Intenso;Buona;Ore Diurne;1;0;0;1;12.5728;41.9579;-1;2;Autovettura privata;Allontanatosi;Conducente;M;Illeso;0;;Non accertato;
4649166;11;10/11/2019 12:20:00;Strada Urbana;VIA CORINTO;all'intersezione con;VIA EFESO;VIA EFESO;;;Scontro frontale/laterale SX fra veicoli in marcia;Incrocio;Una carreggiata a senso unico di marcia;Asciutto;Asfaltata;Verticale ed orizzontale;Sereno;Scarso;Buona;Ore Diurne;2;0;0;3;12.4758;41.8543;-1;1;Autovettura privata;In marcia / fermata / arresto;Conducente;M;Illeso;0;;Non accertato;
4649166;11;10/11/2019 12:20:00;Strada Urbana;VIA CORINTO;all'intersezione con;VIA EFESO;VIA EFESO;;;Scontro frontale/laterale SX fra veicoli in marcia;Incrocio;Una carreggiata a senso unico di marcia;Asciutto;Asfaltata;Verticale ed orizzontale;Sereno;Scarso;Buona;Ore Diurne;2;0;0;3;12.4758;41.8543;-1;1;Autovettura privata;In marcia / fermata / arresto;Passeggero;F;Illeso;0;;Non accertato;
4649166;11;10/11/2019 12:20:00;Strada Urbana;VIA CORINTO;all'intersezione con;VIA EFESO;VIA EFESO;;;Scontro frontale/laterale SX fra veicoli in marcia;Incrocio;Una carreggiata a senso unico di marcia;Asciutto;Asfaltata;Verticale ed orizzontale;Sereno;Scarso;Buona;Ore Diurne;2;0;0;3;12.4758;41.8543;-1;1;Autovettura privata;In marcia / fermata / arresto;Passeggero;M;Illeso;0;;Non accertato;
4649166;11;10/11/2019 12:20:00;Strada Urbana;VIA CORINTO;all'intersezione con;VIA EFESO;VIA EFESO;;;Scontro frontale/laterale SX fra veicoli in marcia;Incrocio;Una carreggiata a senso unico di marcia;Asciutto;Asfaltata;Verticale ed orizzontale;Sereno;Scarso;Buona;Ore Diurne;2;0;0;3;12.4758;41.8543;-1;2;Autovettura privata;In marcia / fermata / arresto;Conducente;F;Rimandato;0;NON DECEDUTO;Non accertato;
4649166;11;10/11/2019 12:20:00;Strada Urbana;VIA CORINTO;all'intersezione con;VIA EFESO;VIA EFESO;;;Scontro frontale/laterale SX fra veicoli in marcia;Incrocio;Una carreggiata a senso unico di marcia;Asciutto;Asfaltata;Verticale ed orizzontale;Sereno;Scarso;Buona;Ore Diurne;2;0;0;3;12.4758;41.8543;-1;2;Autovettura privata;In marcia / fermata / arresto;Passeggero;F;Rifiuta cure immediate;0;NON DECEDUTO;Non accertato;
4649166;11;10/11/2019 12:20:00;Strada Urbana;VIA CORINTO;all'intersezione con;VIA EFESO;VIA EFESO;;;Scontro frontale/laterale SX fra veicoli in marcia;Incrocio;Una carreggiata a senso unico di marcia;Asciutto;Asfaltata;Verticale ed orizzontale;Sereno;Scarso;Buona;Ore Diurne;2;0;0;3;12.4758;41.8543;-1;3;Autovettura privata;Sosta;;;;;;;
4649179;11;10/11/2019 17:15:00;Strada Urbana;VIALE FERDINANDO BALDELLI;all'intersezione semaforizzata con;VIA TULLIO LEVI CIVITA;VIA TULLIO LEVI CIVITA;;;Scontro laterale fra veicoli in marcia;Intersezione semaforizzata;Due carreggiate;Asciutto;Asfaltata;Verticale ed orizzontale;Sereno;Normale;Buona;Ore Diurne;0;0;0;3;12.4739;41.857;-1;1;Autovettura privata;In marcia / fermata / arresto;Conducente;M;Illeso;0;;;
4649179;11;10/11/2019 17:15:00;Strada Urbana;VIALE FERDINANDO BALDELLI;all'intersezione semaforizzata con;VIA TULLIO LEVI CIVITA;VIA TULLIO LEVI CIVITA;;;Scontro laterale fra veicoli in marcia;Intersezione semaforizzata;Due carreggiate;Asciutto;Asfaltata;Verticale ed orizzontale;Sereno;Normale;Buona;Ore Diurne;0;0;0;3;12.4739;41.857;-1;2;Autovettura privata;In marcia / fermata / arresto;Conducente;M;Illeso;0;;;
4649179;11;10/11/2019 17:15:00;Strada Urbana;VIALE FERDINANDO BALDELLI;all'intersezione semaforizzata con;VIA TULLIO LEVI CIVITA;VIA TULLIO LEVI CIVITA;;;Scontro laterale fra veicoli in marcia;Intersezione semaforizzata;Due carreggiate;Asciutto;Asfaltata;Verticale ed orizzontale;Sereno;Normale;Buona;Ore Diurne;0;0;0;3;12.4739;41.857;-1;2;Autovettura privata;In marcia / fermata / arresto;Passeggero;F;Illeso;0;;;
4649181;4;10/11/2019 18:00:00;Strada Urbana;VIA AMALIA BETTINI;da specificare;;;;prossimita' palo della luce nr 149;Veicolo in marcia contro ostacolo accidentale;Curva a visuale libera;Una carreggiata a senso unico di marcia;Asciutto;Asfaltata;Verticale ed orizzontale;Sereno;Normale;Buona;Sufficiente;0;0;0;1;12.5311;41.9651;-1;1;Autovettura privata;In marcia / fermata / arresto;Conducente;M;Illeso;0;;Non accertato;Inesploso
4649183;1;09/11/2019 12:10:00;Strada Urbana;PIAZZALE UGO LA MALFA;all'intersezione con;VIA DEL CIRCO MASSIMO;VIA DEL CIRCO MASSIMO;;;Scontro frontale/laterale DX fra veicoli in marcia;Incrocio;Due carreggiate;Asciutto;Asfaltata;Verticale ed orizzontale;Nuvoloso;Normale;Buona;Ore Diurne;1;0;0;2;12.4849;41.8853;-1;1;Autovettura privata;In marcia / fermata / arresto;Conducente;F;Illeso;0;;Non accertato;Inesploso
4649183;1;09/11/2019 12:10:00;Strada Urbana;PIAZZALE UGO LA MALFA;all'intersezione con;VIA DEL CIRCO MASSIMO;VIA DEL CIRCO MASSIMO;;;Scontro frontale/laterale DX fra veicoli in marcia;Incrocio;Due carreggiate;Asciutto;Asfaltata;Verticale ed orizzontale;Nuvoloso;Normale;Buona;Ore Diurne;1;0;0;2;12.4849;41.8853;-1;1;Autovettura privata;In marcia / fermata / arresto;Passeggero;M;Illeso;0;;Non utilizzato;Inesploso
4649183;1;09/11/2019 12:10:00;Strada Urbana;PIAZZALE UGO LA MALFA;all'intersezione con;VIA DEL CIRCO MASSIMO;VIA DEL CIRCO MASSIMO;;;Scontro frontale/laterale DX fra veicoli in marcia;Incrocio;Due carreggiate;Asciutto;Asfaltata;Verticale ed orizzontale;Nuvoloso;Normale;Buona;Ore Diurne;1;0;0;2;12.4849;41.8853;-1;2;Motociclo a solo;In marcia / fermata / arresto;Conducente;M;Rimandato;0;NON DECEDUTO;Non accertato;
4649197;7;09/11/2019 09:50:00;Strada Urbana;VIA DAVIDE CAMPARI;all'intersezione con;VIA ROBERTO LEPETIT;VIA ROBERTO LEPETIT;;;Tamponamento;Incrocio;Una carreggiata a doppio senso;Asciutto;Asfaltata;Verticale ed orizzontale;Nuvoloso;Normale;Buona;Ore Diurne;0;0;0;2;12.587;41.8862;-1;1;Autovettura privata;In marcia / fermata / arresto;Conducente;M;Illeso;0;;;
4649197;7;09/11/2019 09:50:00;Strada Urbana;VIA DAVIDE CAMPARI;all'intersezione con;VIA ROBERTO LEPETIT;VIA ROBERTO LEPETIT;;;Tamponamento;Incrocio;Una carreggiata a doppio senso;Asciutto;Asfaltata;Verticale ed orizzontale;Nuvoloso;Normale;Buona;Ore Diurne;0;0;0;2;12.587;41.8862;-1;2;Autovettura privata;In marcia / fermata / arresto;Conducente;F;Illeso;0;;;
4649203;13;09/11/2019 06:35:00;Strada Urbana;VIA DELLE BALENIERE;all'intersezione con;VIA DELLE GONDOLE;VIA DELLE GONDOLE;;;Scontro laterale fra veicoli in marcia;Incrocio;Una carreggiata a senso unico di marcia;Bagnato (umidit� in atto);Asfaltata;Verticale ed orizzontale;Nuvoloso;Normale;Sufficiente;Ore Diurne;0;0;0;2;12.2795;41.7382;-1;1;Autobus di linea;In marcia / fermata / arresto;Conducente;M;Illeso;0;;Non accertato;
4649203;13;09/11/2019 06:35:00;Strada Urbana;VIA DELLE BALENIERE;all'intersezione con;VIA DELLE GONDOLE;VIA DELLE GONDOLE;;;Scontro laterale fra veicoli in marcia;Incrocio;Una carreggiata a senso unico di marcia;Bagnato (umidit� in atto);Asfaltata;Verticale ed orizzontale;Nuvoloso;Normale;Sufficiente;Ore Diurne;0;0;0;2;12.2795;41.7382;-1;2;Autovettura privata;In marcia / fermata / arresto;Conducente;F;Illeso;0;;Utilizzato;
4649207;11;11/11/2019 09:30:00;Strada Urbana;VIA DELLE SETTE CHIESE;in prossimit�;;del civico n.;242;;Scontro frontale/laterale DX fra veicoli in marcia;Rettilineo;Due carreggiate;Bagnato (pioggia);Asfaltata;Orizzontale;Pioggia in atto;Normale;Buona;Ore Diurne;1;0;0;2;12.5014;41.8595;-1;1;Autovettura privata;In marcia / fermata / arresto;Conducente;F;Illeso;0;;Utilizzato;Inesploso
4649207;11;11/11/2019 09:30:00;Strada Urbana;VIA DELLE SETTE CHIESE;in prossimit�;;del civico n.;242;;Scontro frontale/laterale DX fra veicoli in marcia;Rettilineo;Due carreggiate;Bagnato (pioggia);Asfaltata;Orizzontale;Pioggia in atto;Normale;Buona;Ore Diurne;1;0;0;2;12.5014;41.8595;-1;1;Autovettura privata;In marcia / fermata / arresto;Passeggero;F;Illeso;0;;Non accertato;Inesistente
4649207;11;11/11/2019 09:30:00;Strada Urbana;VIA DELLE SETTE CHIESE;in prossimit�;;del civico n.;242;;Scontro frontale/laterale DX fra veicoli in marcia;Rettilineo;Due carreggiate;Bagnato (pioggia);Asfaltata;Orizzontale;Pioggia in atto;Normale;Buona;Ore Diurne;1;0;0;2;12.5014;41.8595;-1;2;Motociclo a solo;In marcia / fermata / arresto;Conducente;M;Rimandato;0;NON DECEDUTO;Non accertato;
4649207;11;11/11/2019 09:30:00;Strada Urbana;VIA DELLE SETTE CHIESE;in prossimit�;;del civico n.;242;;Scontro frontale/laterale DX fra veicoli in marcia;Rettilineo;Due carreggiate;Bagnato (pioggia);Asfaltata;Orizzontale;Pioggia in atto;Normale;Buona;Ore Diurne;1;0;0;2;12.5014;41.8595;-1;3;Autovettura privata;Sosta;;;;;;;
4649211;8;10/11/2019 01:45:00;Strada Urbana;VIA DI LUNGHEZZINA;in prossimit�;;del palo luce n.;216;;Veicolo in marcia contro ostacolo fisso;Rettilineo;Una carreggiata a doppio senso;Bagnato (pioggia);Asfaltata;Orizzontale;Nuvoloso;Normale;Insufficiente;Insufficiente;2;0;0;0;12.708;41.9293;-1;1;Autovettura privata;In marcia / fermata / arresto;Conducente;M;Rimandato;0;NON DECEDUTO;;
4649211;8;10/11/2019 01:45:00;Strada Urbana;VIA DI LUNGHEZZINA;in prossimit�;;del palo luce n.;216;;Veicolo in marcia contro ostacolo fisso;Rettilineo;Una carreggiata a doppio senso;Bagnato (pioggia);Asfaltata;Orizzontale;Nuvoloso;Normale;Insufficiente;Insufficiente;2;0;0;0;12.708;41.9293;-1;1;Autovettura privata;In marcia / fermata / arresto;Passeggero;M;Rimandato;0;NON DECEDUTO;Non accertato;Inesploso
4649215;18;11/11/2019 08:15:00;Strada Urbana;VIA DEL QUARTACCIO;all'intersezione con;VIA DEL MONTE DELLA CAPANNA;VIA DEL MONTE DELLA CAPANNA;;;Scontro laterale fra veicoli in marcia;Intersezione stradale segnalata;Una carreggiata a doppio senso;Bagnato (pioggia);Asfaltata;Orizzontale;Pioggia in atto;Intenso;Buona;Ore Diurne;1;0;0;3;12.3932;41.9185;-1;1;Autovettura privata;In marcia / fermata / arresto;Conducente;F;Illeso;0;;Non accertato;Inesploso
4649215;18;11/11/2019 08:15:00;Strada Urbana;VIA DEL QUARTACCIO;all'intersezione con;VIA DEL MONTE DELLA CAPANNA;VIA DEL MONTE DELLA CAPANNA;;;Scontro laterale fra veicoli in marcia;Intersezione stradale segnalata;Una carreggiata a doppio senso;Bagnato (pioggia);Asfaltata;Orizzontale;Pioggia in atto;Intenso;Buona;Ore Diurne;1;0;0;3;12.3932;41.9185;-1;1;Autovettura privata;In marcia / fermata / arresto;Passeggero;M;Illeso;0;;;
4649215;18;11/11/2019 08:15:00;Strada Urbana;VIA DEL QUARTACCIO;all'intersezione con;VIA DEL MONTE DELLA CAPANNA;VIA DEL MONTE DELLA CAPANNA;;;Scontro laterale fra veicoli in marcia;Intersezione stradale segnalata;Una carreggiata a doppio senso;Bagnato (pioggia);Asfaltata;Orizzontale;Pioggia in atto;Intenso;Buona;Ore Diurne;1;0;0;3;12.3932;41.9185;-1;1;Autovettura privata;In marcia / fermata / arresto;Passeggero;M;Illeso;0;;;
4649215;18;11/11/2019 08:15:00;Strada Urbana;VIA DEL QUARTACCIO;all'intersezione con;VIA DEL MONTE DELLA CAPANNA;VIA DEL MONTE DELLA CAPANNA;;;Scontro laterale fra veicoli in marcia;Intersezione stradale segnalata;Una carreggiata a doppio senso;Bagnato (pioggia);Asfaltata;Orizzontale;Pioggia in atto;Intenso;Buona;Ore Diurne;1;0;0;3;12.3932;41.9185;-1;2;Motociclo a solo;In marcia / fermata / arresto;Conducente;M;Rimandato;0;NON DECEDUTO;;
4649216;16;08/11/2019 15:40:00;Strada Urbana;LUNGOTEVERE DEGLI ARTIGIANI;da specificare;;;;IN PROSSIMITA' DEL FRONTE CIVICO 30;Tamponamento Multiplo;Rettilineo;Una carreggiata a senso unico di marcia;Bagnato (pioggia);Asfaltata;Verticale ed orizzontale;Nuvoloso;Normale;Buona;Ore Diurne;3;0;0;1;12.4702;41.874;-1;1;Autovettura privata;In marcia / fermata / arresto;Conducente;F;Rifiuta cure immediate;0;NON DECEDUTO;Non accertato;Inesploso
4649216;16;08/11/2019 15:40:00;Strada Urbana;LUNGOTEVERE DEGLI ARTIGIANI;da specificare;;;;IN PROSSIMITA' DEL FRONTE CIVICO 30;Tamponamento Multiplo;Rettilineo;Una carreggiata a senso unico di marcia;Bagnato (pioggia);Asfaltata;Verticale ed orizzontale;Nuvoloso;Normale;Buona;Ore Diurne;3;0;0;1;12.4702;41.874;-1;1;Autovettura privata;In marcia / fermata / arresto;Passeggero;M;Rifiuta cure immediate;0;NON DECEDUTO;Non accertato;Inesploso
4649216;16;08/11/2019 15:40:00;Strada Urbana;LUNGOTEVERE DEGLI ARTIGIANI;da specificare;;;;IN PROSSIMITA' DEL FRONTE CIVICO 30;Tamponamento Multiplo;Rettilineo;Una carreggiata a senso unico di marcia;Bagnato (pioggia);Asfaltata;Verticale ed orizzontale;Nuvoloso;Normale;Buona;Ore Diurne;3;0;0;1;12.4702;41.874;-1;2;Autovettura privata;In marcia / fermata / arresto;Conducente;M;Rifiuta cure immediate;0;NON DECEDUTO;Non accertato;Inesploso
4649216;16;08/11/2019 15:40:00;Strada Urbana;LUNGOTEVERE DEGLI ARTIGIANI;da specificare;;;;IN PROSSIMITA' DEL FRONTE CIVICO 30;Tamponamento Multiplo;Rettilineo;Una carreggiata a senso unico di marcia;Bagnato (pioggia);Asfaltata;Verticale ed orizzontale;Nuvoloso;Normale;Buona;Ore Diurne;3;0;0;1;12.4702;41.874;-1;3;Autovettura privata;In marcia / fermata / arresto;Conducente;F;Illeso;0;;Non accertato;Inesploso
4649221;1;09/11/2019 20:00:00;Strada Urbana;VIA DELL'ARCO DE' CENCI;in prossimit�;;del civico n.;7;;Tamponamento Multiplo;Rettilineo;Una carreggiata a senso unico di marcia;Bagnato (pioggia);Asfaltata;Verticale ed orizzontale;Pioggia in atto;Normale;Buona;Sufficiente;0;0;0;3;12.4758;41.8928;-1;1;Autovettura privata;In marcia / fermata / arresto;Conducente;M;Illeso;0;;Non accertato;Inesploso
4649221;1;09/11/2019 20:00:00;Strada Urbana;VIA DELL'ARCO DE' CENCI;in prossimit�;;del civico n.;7;;Tamponamento Multiplo;Rettilineo;Una carreggiata a senso unico di marcia;Bagnato (pioggia);Asfaltata;Verticale ed orizzontale;Pioggia in atto;Normale;Buona;Sufficiente;0;0;0;3;12.4758;41.8928;-1;2;Autovettura privata;In marcia / fermata / arresto;Conducente;M;Illeso;0;;Non accertato;Inesploso
4649221;1;09/11/2019 20:00:00;Strada Urbana;VIA DELL'ARCO DE' CENCI;in prossimit�;;del civico n.;7;;Tamponamento Multiplo;Rettilineo;Una carreggiata a senso unico di marcia;Bagnato (pioggia);Asfaltata;Verticale ed orizzontale;Pioggia in atto;Normale;Buona;Sufficiente;0;0;0;3;12.4758;41.8928;-1;3;Autovettura privata;In marcia / fermata / arresto;Conducente;M;Illeso;0;;Non accertato;Inesploso
4649226;12;10/11/2019 13:15:00;Strada Urbana;VIALE UGO MONACO;all'intersezione con;VIA LUIGI DE MARCHI;VIA LUIGI DE MARCHI;;;Tamponamento;Incrocio;Una carreggiata a doppio senso;Asciutto;Asfaltata;Verticale ed orizzontale;Sereno;Scarso;Buona;Ore Diurne;0;0;0;3;12.4919;41.7906;-1;1;Autovettura privata;In marcia / fermata / arresto;Conducente;F;Illeso;0;;Non accertato;Inesploso
4649226;12;10/11/2019 13:15:00;Strada Urbana;VIALE UGO MONACO;all'intersezione con;VIA LUIGI DE MARCHI;VIA LUIGI DE MARCHI;;;Tamponamento;Incrocio;Una carreggiata a doppio senso;Asciutto;Asfaltata;Verticale ed orizzontale;Sereno;Scarso;Buona;Ore Diurne;0;0;0;3;12.4919;41.7906;-1;1;Autovettura privata;In marcia / fermata / arresto;Passeggero;M;Illeso;0;;;
4649226;12;10/11/2019 13:15:00;Strada Urbana;VIALE UGO MONACO;all'intersezione con;VIA LUIGI DE MARCHI;VIA LUIGI DE MARCHI;;;Tamponamento;Incrocio;Una carreggiata a doppio senso;Asciutto;Asfaltata;Verticale ed orizzontale;Sereno;Scarso;Buona;Ore Diurne;0;0;0;3;12.4919;41.7906;-1;2;Autovettura privata;In marcia / fermata / arresto;Conducente;F;Illeso;0;;;
4649231;18;11/11/2019 07:15:00;Strada Urbana;VIA AURELIA;in corrispondenza;;del civico n.;382;;Investimento di pedone;Rettilineo;Una carreggiata a doppio senso;Bagnato (pioggia);Asfaltata;Verticale ed orizzontale;Pioggia in atto;Normale;Buona;Ore Diurne;1;0;0;1;12.4313;41.8976;-1;;;;Pedone;F;Rimandato;0;NON DECEDUTO;;
4649231;18;11/11/2019 07:15:00;Strada Urbana;VIA AURELIA;in corrispondenza;;del civico n.;382;;Investimento di pedone;Rettilineo;Una carreggiata a doppio senso;Bagnato (pioggia);Asfaltata;Verticale ed orizzontale;Pioggia in atto;Normale;Buona;Ore Diurne;1;0;0;1;12.4313;41.8976;-1;1;Motociclo a solo;In marcia / fermata / arresto;Conducente;M;Illeso;0;;;
4649231;18;11/11/2019 07:15:00;Strada Urbana;VIA AURELIA;in corrispondenza;;del civico n.;382;;Investimento di pedone;Rettilineo;Una carreggiata a doppio senso;Bagnato (pioggia);Asfaltata;Verticale ed orizzontale;Pioggia in atto;Normale;Buona;Ore Diurne;1;0;0;1;12.4313;41.8976;-1;2;Autovettura privata;Sosta;;;;;;;
4649242;11;09/11/2019 19:00:00;Strada Urbana;PIAZZA RICOLDO DA MONTECROCE;all'intersezione con;VIA ROBERTO DE NOBILI;VIA ROBERTO DE NOBILI;;;Scontro frontale/laterale SX fra veicoli in marcia;Incrocio;Una carreggiata a senso unico di marcia;Bagnato (pioggia);Asfaltata;Verticale ed orizzontale;Pioggia in atto;Scarso;Sufficiente;Sufficiente;1;0;0;1;12.4908;41.8641;-1;1;Autovettura privata;In marcia / fermata / arresto;Conducente;M;Illeso;0;;Non accertato;
4649242;11;09/11/2019 19:00:00;Strada Urbana;PIAZZA RICOLDO DA MONTECROCE;all'intersezione con;VIA ROBERTO DE NOBILI;VIA ROBERTO DE NOBILI;;;Scontro frontale/laterale SX fra veicoli in marcia;Incrocio;Una carreggiata a senso unico di marcia;Bagnato (pioggia);Asfaltata;Verticale ed orizzontale;Pioggia in atto;Scarso;Sufficiente;Sufficiente;1;0;0;1;12.4908;41.8641;-1;2;Autovettura privata;In marcia / fermata / arresto;Conducente;F;Rifiuta cure immediate;0;NON DECEDUTO;Non accertato;
4649245;13;10/11/2019 19:35:00;Strada Urbana;VIA OSTIENSE;da specificare;;;;altezza via di castel fusano;Tamponamento Multiplo;Rettilineo;Una carreggiata a doppio senso;Bagnato (pioggia);Asfaltata;Verticale ed orizzontale;Pioggia in atto;Normale;Buona;Sufficiente;1;0;0;4;12.4229;41.8109;-1;1;Autovettura privata;In marcia / fermata / arresto;Conducente;M;Illeso;0;;Non accertato;Inesploso
4649245;13;10/11/2019 19:35:00;Strada Urbana;VIA OSTIENSE;da specificare;;;;altezza via di castel fusano;Tamponamento Multiplo;Rettilineo;Una carreggiata a doppio senso;Bagnato (pioggia);Asfaltata;Verticale ed orizzontale;Pioggia in atto;Normale;Buona;Sufficiente;1;0;0;4;12.4229;41.8109;-1;1;Autovettura privata;In marcia / fermata / arresto;Passeggero;M;Illeso;0;;Non accertato;Inesploso
4649245;13;10/11/2019 19:35:00;Strada Urbana;VIA OSTIENSE;da specificare;;;;altezza via di castel fusano;Tamponamento Multiplo;Rettilineo;Una carreggiata a doppio senso;Bagnato (pioggia);Asfaltata;Verticale ed orizzontale;Pioggia in atto;Normale;Buona;Sufficiente;1;0;0;4;12.4229;41.8109;-1;2;Autovettura privata;In marcia / fermata / arresto;Conducente;F;Rifiuta cure immediate;0;NON DECEDUTO;Non accertato;Inesploso
4649245;13;10/11/2019 19:35:00;Strada Urbana;VIA OSTIENSE;da specificare;;;;altezza via di castel fusano;Tamponamento Multiplo;Rettilineo;Una carreggiata a doppio senso;Bagnato (pioggia);Asfaltata;Verticale ed orizzontale;Pioggia in atto;Normale;Buona;Sufficiente;1;0;0;4;12.4229;41.8109;-1;3;Autovettura privata;In marcia / fermata / arresto;Conducente;M;Illeso;0;;Non accertato;Inesploso
4649245;13;10/11/2019 19:35:00;Strada Urbana;VIA OSTIENSE;da specificare;;;;altezza via di castel fusano;Tamponamento Multiplo;Rettilineo;Una carreggiata a doppio senso;Bagnato (pioggia);Asfaltata;Verticale ed orizzontale;Pioggia in atto;Normale;Buona;Sufficiente;1;0;0;4;12.4229;41.8109;-1;4;Autovettura privata;In marcia / fermata / arresto;Conducente;M;Illeso;0;;Non accertato;Inesploso