Protocollo;Gruppo;DataOraIncidente;Localizzazione1;STRADA1;Localizzazione2;STRADA2;Strada02;Chilometrica;DaSpecificare;NaturaIncidente;particolaritastrade;TipoStrada;FondoStradale;Pavimentazione;Segnaletica;CondizioneAtmosferica;Traffico;Visibilita;Illuminazione;NUM_FERITI;NUM_RISERVATA;NUM_MORTI;NUM_ILLESI;Longitudine;Latitudine;Confermato;Progressivo;TipoVeicolo;StatoVeicolo;TipoPersona;Sesso;Tipolesione;Deceduto;DecedutoDopo;CinturaCascoUtilizzato;Airbag;
4649352;12;10/11/2019 16:40:00;Strada Urbana;VIA ROMOLO GIGLIOZZI;da specificare;;;;FRONTE CIVICO 117;Veicolo in marcia contro veicolo in sosta;Rettilineo;Una carreggiata a doppio senso;Asciutto;Asfaltata;Verticale ed orizzontale;Sereno;Normale;Buona;Sufficiente;1;0;0;4;12.4337;41.7784;-1;1;Autovettura privata;In marcia / fermata / arresto;Passeggero;F;Illeso;0;;Non accertato;Esploso
4649352;12;10/11/2019 16:40:00;Strada Urbana;VIA ROMOLO GIGLIOZZI;da specificare;;;;FRONTE CIVICO 117;Veicolo in marcia contro veicolo in sosta;Rettilineo;Una carreggiata a doppio senso;Asciutto;Asfaltata;Verticale ed orizzontale;Sereno;Normale;Buona;Sufficiente;1;0;0;4;12.4337;41.7784;-1;1;Autovettura privata;In marcia / fermata / arresto;Passeggero;F;Illeso;0;;Non accertato;Esploso
4649352;12;10/11/2019 16:40:00;Strada Urbana;VIA ROMOLO GIGLIOZZI;da specificare;;;;FRONTE CIVICO 117;Veicolo in marcia contro veicolo in sosta;Rettilineo;Una carreggiata a doppio senso;Asciutto;Asfaltata;Verticale ed orizzontale;Sereno;Normale;Buona;Sufficiente;1;0;0;4;12.4337;41.7784;-1;1;Autovettura privata;In marcia / fermata / arresto;Passeggero;F;Illeso;0;;Non accertato;Esploso
4649352;12;10/11/2019 16:40:00;Strada Urbana;VIA ROMOLO GIGLIOZZI;da specificare;;;;FRONTE CIVICO 117;Veicolo in marcia contro veicolo in sosta;Rettilineo;Una carreggiata a doppio senso;Asciutto;Asfaltata;Verticale ed orizzontale;Sereno;Normale;Buona;Sufficiente;1;0;0;4;12.4337;41.7784;-1;2;Autovettura privata;In marcia / fermata / arresto;Conducente;M;Illeso;0;;Non accertato;
4649352;12;10/11/2019 16:40:00;Strada Urbana;VIA ROMOLO GIGLIOZZI;da specificare;;;;FRONTE CIVICO 117;Veicolo in marcia contro veicolo in sosta;Rettilineo;Una carreggiata a doppio senso;Asciutto;Asfaltata;Verticale ed orizzontale;Sereno;Normale;Buona;Sufficiente;1;0;0;4;12.4337;41.7784;-1;3;Autovettura privata;Sosta;;;;;;;
4649355;11;09/11/2019 17:00:00;Strada Urbana;VIA DEL PORTO FLUVIALE;da specificare;;;;in prossimit� di Via Ostiense;Tamponamento;Rettilineo;Una carreggiata a doppio senso;Bagnato (pioggia);Asfaltata;Verticale ed orizzontale;Pioggia in atto;Intenso;Buona;Sufficiente;0;0;0;2;12.4795;41.8724;-1;1;Autovettura privata;In marcia / fermata / arresto;Conducente;M;Illeso;0;;Non accertato;
4649355;11;09/11/2019 17:00:00;Strada Urbana;VIA DEL PORTO FLUVIALE;da specificare;;;;in prossimit� di Via Ostiense;Tamponamento;Rettilineo;Una carreggiata a doppio senso;Bagnato (pioggia);Asfaltata;Verticale ed orizzontale;Pioggia in atto;Intenso;Buona;Sufficiente;0;0;0;2;12.4795;41.8724;-1;2;Autovettura privata;In marcia / fermata / arresto;Conducente;F;Illeso;0;;Non accertato;
4649357;7;09/11/2019 19:15:00;Strada Urbana;VIA PRENESTINA;all'intersezione con;VIA EMILIO LONGONI;VIA EMILIO LONGONI;;;Scontro laterale fra veicoli in marcia;Rotatoria;Una carreggiata a senso unico di marcia;Bagnato (pioggia);Asfaltata;Verticale ed orizzontale;Pioggia in atto;Normale;Sufficiente;Sufficiente;0;0;0;3;12.6037;41.8933;-1;1;Autovettura privata;In marcia / fermata / arresto;Conducente;M;Illeso;0;;Non accertato;Inesploso
4649357;7;09/11/2019 19:15:00;Strada Urbana;VIA PRENESTINA;all'intersezione con;VIA EMILIO LONGONI;VIA EMILIO LONGONI;;;Scontro laterale fra veicoli in marcia;Rotatoria;Una carreggiata a senso unico di marcia;Bagnato (pioggia);Asfaltata;Verticale ed orizzontale;Pioggia in atto;Normale;Sufficiente;Sufficiente;0;0;0;3;12.6037;41.8933;-1;1;Autovettura privata;In marcia / fermata / arresto;Passeggero;M;Illeso;0;;Non accertato;Inesploso
4649357;7;09/11/2019 19:15:00;Strada Urbana;VIA PRENESTINA;all'intersezione con;VIA EMILIO LONGONI;VIA EMILIO LONGONI;;;Scontro laterale fra veicoli in marcia;Rotatoria;Una carreggiata a senso unico di marcia;Bagnato (pioggia);Asfaltata;Verticale ed orizzontale;Pioggia in atto;Normale;Sufficiente;Sufficiente;0;0;0;3;12.6037;41.8933;-1;2;Autovettura privata;In marcia / fermata / arresto;Conducente;F;Illeso;0;;Non accertato;Inesploso
4649362;15;10/11/2019 22:15:00;Strada Urbana;VIA ODERISI DA GUBBIO;in corrispondenza;;del civico n.;186;;Veicolo in marcia contro veicolo in sosta;Rettilineo;Una carreggiata a doppio senso;Bagnato (pioggia);Asfaltata;Assente;Pioggia in atto;Normale;Buona;Sufficiente;0;0;0;2;12.4647;41.8646;-1;1;Autovettura privata;Sosta;;;;;;;
4649362;15;10/11/2019 22:15:00;Strada Urbana;VIA ODERISI DA GUBBIO;in corrispondenza;;del civico n.;186;;Veicolo in marcia contro veicolo in sosta;Rettilineo;Una carreggiata a doppio senso;Bagnato (pioggia);Asfaltata;Assente;Pioggia in atto;Normale;Buona;Sufficiente;0;0;0;2;12.4647;41.8646;-1;2;Autovettura di polizia;In marcia / fermata / arresto;Conducente;M;Illeso;0;;Utilizzato;Inesploso
4649362;15;10/11/2019 22:15:00;Strada Urbana;VIA ODERISI DA GUBBIO;in corrispondenza;;del civico n.;186;;Veicolo in marcia contro veicolo in sosta;Rettilineo;Una carreggiata a doppio senso;Bagnato (pioggia);Asfaltata;Assente;Pioggia in atto;Normale;Buona;Sufficiente;0;0;0;2;12.4647;41.8646;-1;2;Autovettura di polizia;In marcia / fermata / arresto;Passeggero;M;Illeso;0;;Utilizzato;Inesploso
4649364;20;10/11/2019 11:58:00;Strada Urbana;CORSO DI FRANCIA;in prossimit�;;del civico n.;209;;Tamponamento;Rettilineo;Due carreggiate;Asciutto;Asfaltata;Verticale ed orizzontale;Sereno;Normale;Buona;Ore Diurne;1;0;0;2;12.469;41.9444;-1;1;Autovettura di polizia;In marcia / fermata / arresto;Conducente;M;Illeso;0;;Non accertato;
4649364;20;10/11/2019 11:58:00;Strada Urbana;CORSO DI FRANCIA;in prossimit�;;del civico n.;209;;Tamponamento;Rettilineo;Due carreggiate;Asciutto;Asfaltata;Verticale ed orizzontale;Sereno;Normale;Buona;Ore Diurne;1;0;0;2;12.469;41.9444;-1;1;Autovettura di polizia;In marcia / fermata / arresto;Passeggero;M;Illeso;0;;;
4649364;20;10/11/2019 11:58:00;Strada Urbana;CORSO DI FRANCIA;in prossimit�;;del civico n.;209;;Tamponamento;Rettilineo;Due carreggiate;Asciutto;Asfaltata;Verticale ed orizzontale;Sereno;Normale;Buona;Ore Diurne;1;0;0;2;12.469;41.9444;-1;2;Autovettura privata;In marcia / fermata / arresto;Conducente;F;Rifiuta cure immediate;0;NON DECEDUTO;Non accertato;
4649372;4;10/11/2019 00:20:00;Strada Urbana;VIALE GOTTARDO;in corrispondenza;;del civico n.;23;;Veicolo in marcia contro veicolo fermo;Rettilineo;Una carreggiata a senso unico di marcia;Bagnato (pioggia);Asfaltata;Verticale ed orizzontale;Pioggia in atto;Scarso;Buona;Sufficiente;0;0;0;5;12.5361;41.9341;-1;1;Autovettura privata;In marcia / fermata / arresto;Conducente;M;Illeso;0;;;
4649372;4;10/11/2019 00:20:00;Strada Urbana;VIALE GOTTARDO;in corrispondenza;;del civico n.;23;;Veicolo in marcia contro veicolo fermo;Rettilineo;Una carreggiata a senso unico di marcia;Bagnato (pioggia);Asfaltata;Verticale ed orizzontale;Pioggia in atto;Scarso;Buona;Sufficiente;0;0;0;5;12.5361;41.9341;-1;1;Autovettura privata;In marcia / fermata / arresto;Passeggero;M;Illeso;0;;;
4649372;4;10/11/2019 00:20:00;Strada Urbana;VIALE GOTTARDO;in corrispondenza;;del civico n.;23;;Veicolo in marcia contro veicolo fermo;Rettilineo;Una carreggiata a senso unico di marcia;Bagnato (pioggia);Asfaltata;Verticale ed orizzontale;Pioggia in atto;Scarso;Buona;Sufficiente;0;0;0;5;12.5361;41.9341;-1;2;Autovettura privata;In marcia / fermata / arresto;Conducente;M;Illeso;0;;;
4649372;4;10/11/2019 00:20:00;Strada Urbana;VIALE GOTTARDO;in corrispondenza;;del civico n.;23;;Veicolo in marcia contro veicolo fermo;Rettilineo;Una carreggiata a senso unico di marcia;Bagnato (pioggia);Asfaltata;Verticale ed orizzontale;Pioggia in atto;Scarso;Buona;Sufficiente;0;0;0;5;12.5361;41.9341;-1;2;Autovettura privata;In marcia / fermata / arresto;Passeggero;M;Illeso;0;;;
4649372;4;10/11/2019 00:20:00;Strada Urbana;VIALE GOTTARDO;in corrispondenza;;del civico n.;23;;Veicolo in marcia contro veicolo fermo;Rettilineo;Una carreggiata a senso unico di marcia;Bagnato (pioggia);Asfaltata;Verticale ed orizzontale;Pioggia in atto;Scarso;Buona;Sufficiente;0;0;0;5;12.5361;41.9341;-1;2;Autovettura privata;In marcia / fermata / arresto;Passeggero;F;Illeso;0;;;
4649379;2;11/11/2019 08:20:00;Strada Urbana;VIA GRADISCA;all'intersezione con;VIA SAN MARINO;VIA SAN MARINO;;;Scontro frontale fra veicoli in marcia;Incrocio;Una carreggiata a senso unico di marcia;Bagnato (pioggia);Asfaltata;Orizzontale;Pioggia in atto;Normale;Sufficiente;Ore Diurne;0;0;0;2;12.512;41.9216;-1;1;Autovettura privata;In marcia / fermata / arresto;Conducente;F;Illeso;0;;Non accertato;Inesploso
4649379;2;11/11/2019 08:20:00;Strada Urbana;VIA GRADISCA;all'intersezione con;VIA SAN MARINO;VIA SAN MARINO;;;Scontro frontale fra veicoli in marcia;Incrocio;Una carreggiata a senso unico di marcia;Bagnato (pioggia);Asfaltata;Orizzontale;Pioggia in atto;Normale;Sufficiente;Ore Diurne;0;0;0;2;12.512;41.9216;-1;2;Autovettura privata;In marcia / fermata / arresto;Conducente;M;Illeso;0;;Non accertato;Inesploso
4649383;16;09/11/2019 08:45:00;Strada Urbana;VIALE DEI COLLI PORTUENSI;in prossimit�;;del civico n.;373;;Veicolo in marcia contro veicoli in sosta;Rettilineo;Due carreggiate;Bagnato (umidit� in atto);Asfaltata;Verticale ed orizzontale;Sereno;Scarso;Buona;Ore Diurne;0;0;0;1;12.4443;41.8657;-1;1;Autocarro inferiore 35 q.;In marcia / fermata / arresto;Conducente;M;Illeso;0;;Non accertato;
4649383;16;09/11/2019 08:45:00;Strada Urbana;VIALE DEI COLLI PORTUENSI;in prossimit�;;del civico n.;373;;Veicolo in marcia contro veicoli in sosta;Rettilineo;Due carreggiate;Bagnato (umidit� in atto);Asfaltata;Verticale ed orizzontale;Sereno;Scarso;Buona;Ore Diurne;0;0;0;1;12.4443;41.8657;-1;2;Autocarro inferiore 35 q.;Sosta;;;;;;;
4649383;16;09/11/2019 08:45:00;Strada Urbana;VIALE DEI COLLI PORTUENSI;in prossimit�;;del civico n.;373;;Veicolo in marcia contro veicoli in sosta;Rettilineo;Due carreggiate;Bagnato (umidit� in atto);Asfaltata;Verticale ed orizzontale;Sereno;Scarso;Buona;Ore Diurne;0;0;0;1;12.4443;41.8657;-1;3;Autovettura privata;Sosta;;;;;;;
4649384;11;09/11/2019 20:00:00;Strada Urbana;VIA CRISTOFORO COLOMBO;da specificare;;;;fronte palo ACEA n�33;Tamponamento;Rettilineo;Pi� di due carreggiate;Bagnato (pioggia);Asfaltata;Verticale ed orizzontale;Nuvoloso;Normale;Buona;Sufficiente;2;0;0;3;12.4115;41.7858;-1;1;Autovettura privata;In marcia / fermata / arresto;Conducente;M;Illeso;0;;Non accertato;
4649384;11;09/11/2019 20:00:00;Strada Urbana;VIA CRISTOFORO COLOMBO;da specificare;;;;fronte palo ACEA n�33;Tamponamento;Rettilineo;Pi� di due carreggiate;Bagnato (pioggia);Asfaltata;Verticale ed orizzontale;Nuvoloso;Normale;Buona;Sufficiente;2;0;0;3;12.4115;41.7858;-1;1;Autovettura privata;In marcia / fermata / arresto;Passeggero;M;Rimandato;0;NON DECEDUTO;Non accertato;
4649384;11;09/11/2019 20:00:00;Strada Urbana;VIA CRISTOFORO COLOMBO;da specificare;;;;fronte palo ACEA n�33;Tamponamento;Rettilineo;Pi� di due carreggiate;Bagnato (pioggia);Asfaltata;Verticale ed orizzontale;Nuvoloso;Normale;Buona;Sufficiente;2;0;0;3;12.4115;41.7858;-1;1;Autovettura privata;In marcia / fermata / arresto;Passeggero;F;Rimandato;0;NON DECEDUTO;Non accertato;
4649384;11;09/11/2019 20:00:00;Strada Urbana;VIA CRISTOFORO COLOMBO;da specificare;;;;fronte palo ACEA n�33;Tamponamento;Rettilineo;Pi� di due carreggiate;Bagnato (pioggia);Asfaltata;Verticale ed orizzontale;Nuvoloso;Normale;Buona;Sufficiente;2;0;0;3;12.4115;41.7858;-1;1;Autovettura privata;In marcia / fermata / arresto;Passeggero;F;Illeso;0;;Non accertato;
4649384;11;09/11/2019 20:00:00;Strada Urbana;VIA CRISTOFORO COLOMBO;da specificare;;;;fronte palo ACEA n�33;Tamponamento;Rettilineo;Pi� di due carreggiate;Bagnato (pioggia);Asfaltata;Verticale ed orizzontale;Nuvoloso;Normale;Buona;Sufficiente;2;0;0;3;12.4115;41.7858;-1;2;Autovettura privata;In marcia / fermata / arresto;Conducente;M;Illeso;0;;Non accertato;
4649400;1;10/11/2019 20:35:00;Strada Urbana;VIA GOITO;all'intersezione semaforizzata con;VIA CERNAIA;VIA CERNAIA;;;Veicolo in marcia contro ostacolo fisso;Intersezione semaforizzata;Una carreggiata a doppio senso;Bagnato (pioggia);Asfaltata;Verticale ed orizzontale;Pioggia in atto;Normale;Sufficiente;Sufficiente;2;0;0;3;12.5005;41.906;-1;1;Autoambulanza;In marcia / fermata / arresto;Conducente;M;Illeso;0;;;Inesploso
4649400;1;10/11/2019 20:35:00;Strada Urbana;VIA GOITO;all'intersezione semaforizzata con;VIA CERNAIA;VIA CERNAIA;;;Veicolo in marcia contro ostacolo fisso;Intersezione semaforizzata;Una carreggiata a doppio senso;Bagnato (pioggia);Asfaltata;Verticale ed orizzontale;Pioggia in atto;Normale;Sufficiente;Sufficiente;2;0;0;3;12.5005;41.906;-1;1;Autoambulanza;In marcia / fermata / arresto;Passeggero;F;Illeso;0;;Non accertato;
4649400;1;10/11/2019 20:35:00;Strada Urbana;VIA GOITO;all'intersezione semaforizzata con;VIA CERNAIA;VIA CERNAIA;;;Veicolo in marcia contro ostacolo fisso;Intersezione semaforizzata;Una carreggiata a doppio senso;Bagnato (pioggia);Asfaltata;Verticale ed orizzontale;Pioggia in atto;Normale;Sufficiente;Sufficiente;2;0;0;3;12.5005;41.906;-1;1;Autoambulanza;In marcia / fermata / arresto;Passeggero;M;Illeso;0;;Non accertato;
4649400;1;10/11/2019 20:35:00;Strada Urbana;VIA GOITO;all'intersezione semaforizzata con;VIA CERNAIA;VIA CERNAIA;;;Veicolo in marcia contro ostacolo fisso;Intersezione semaforizzata;Una carreggiata a doppio senso;Bagnato (pioggia);Asfaltata;Verticale ed orizzontale;Pioggia in atto;Normale;Sufficiente;Sufficiente;2;0;0;3;12.5005;41.906;-1;2;Autovettura pubblica;In marcia / fermata / arresto;Conducente;M;Rifiuta cure immediate;0;NON DECEDUTO;Non accertato;Inesploso
4649400;1;10/11/2019 20:35:00;Strada Urbana;VIA GOITO;all'intersezione semaforizzata con;VIA CERNAIA;VIA CERNAIA;;;Veicolo in marcia contro ostacolo fisso;Intersezione semaforizzata;Una carreggiata a doppio senso;Bagnato (pioggia);Asfaltata;Verticale ed orizzontale;Pioggia in atto;Normale;Sufficiente;Sufficiente;2;0;0;3;12.5005;41.906;-1;2;Autovettura pubblica;In marcia / fermata / arresto;Passeggero;F;Rifiuta cure immediate;0;NON DECEDUTO;Utilizzato;Inesploso
4649406;20;10/11/2019 12:00:00;Strada Urbana;CORSO DI FRANCIA;da specificare;;;;in corrispondenza del civico 209 corsia laterale;Scontro frontale fra veicoli in marcia;Rettilineo;Due carreggiate;Asciutto;Asfaltata;Verticale ed orizzontale;Sereno;Normale;Buona;Ore Diurne;4;0;0;0;12.4717;41.9367;-1;1;Motociclo con passeggero;In marcia / fermata / arresto;Conducente;M;Rimandato;0;NON DECEDUTO;;
4649406;20;10/11/2019 12:00:00;Strada Urbana;CORSO DI FRANCIA;da specificare;;;;in corrispondenza del civico 209 corsia laterale;Scontro frontale fra veicoli in marcia;Rettilineo;Due carreggiate;Asciutto;Asfaltata;Verticale ed orizzontale;Sereno;Normale;Buona;Ore Diurne;4;0;0;0;12.4717;41.9367;-1;1;Motociclo con passeggero;In marcia / fermata / arresto;Passeggero;M;Rimandato;0;NON DECEDUTO;;
4649406;20;10/11/2019 12:00:00;Strada Urbana;CORSO DI FRANCIA;da specificare;;;;in corrispondenza del civico 209 corsia laterale;Scontro frontale fra veicoli in marcia;Rettilineo;Due carreggiate;Asciutto;Asfaltata;Verticale ed orizzontale;Sereno;Normale;Buona;Ore Diurne;4;0;0;0;12.4717;41.9367;-1;2;Autovettura di polizia;In marcia / fermata / arresto;Conducente;M;Rimandato;0;NON DECEDUTO;Non accertato;
4649406;20;10/11/2019 12:00:00;Strada Urbana;CORSO DI FRANCIA;da specificare;;;;in corrispondenza del civico 209 corsia laterale;Scontro frontale fra veicoli in marcia;Rettilineo;Due carreggiate;Asciutto;Asfaltata;Verticale ed orizzontale;Sereno;Normale;Buona;Ore Diurne;4;0;0;0;12.4717;41.9367;-1;2;Autovettura di polizia;In marcia / fermata / arresto;Passeggero;M;Rimandato;0;NON DECEDUTO;;
4649406;20;10/11/2019 12:00:00;Strada Urbana;CORSO DI FRANCIA;da specificare;;;;in corrispondenza del civico 209 corsia laterale;Scontro frontale fra veicoli in marcia;Rettilineo;Due carreggiate;Asciutto;Asfaltata;Verticale ed orizzontale;Sereno;Normale;Buona;Ore Diurne;4;0;0;0;12.4717;41.9367;-1;3;Autovettura privata;Sosta;;;;;;;
4649406;20;10/11/2019 12:00:00;Strada Urbana;CORSO DI FRANCIA;da specificare;;;;in corrispondenza del civico 209 corsia laterale;Scontro frontale fra veicoli in marcia;Rettilineo;Due carreggiate;Asciutto;Asfaltata;Verticale ed orizzontale;Sereno;Normale;Buona;Ore Diurne;4;0;0;0;12.4717;41.9367;-1;4;Autovettura privata;Sosta;;;;;;;
4649406;20;10/11/2019 12:00:00;Strada Urbana;CORSO DI FRANCIA;da specificare;;;;in corrispondenza del civico 209 corsia laterale;Scontro frontale fra veicoli in marcia;Rettilineo;Due carreggiate;Asciutto;Asfaltata;Verticale ed orizzontale;Sereno;Normale;Buona;Ore Diurne;4;0;0;0;12.4717;41.9367;-1;5;Autovettura privata;Sosta;;;;;;;
4649415;12;09/11/2019 05:45:00;Strada Urbana;VIA ALFONSINE;all'intersezione con;VIA DI MEZZOCAMMINO;VIA DI MEZZOCAMMINO;;;Scontro frontale/laterale SX fra veicoli in marcia;Incrocio;Una carreggiata a doppio senso;Bagnato (pioggia);Asfaltata;Verticale ed orizzontale;Nuvoloso;Scarso;Sufficiente;Sufficiente;0;0;0;3;12.4228;41.79;-1;1;Autocarro inferiore 35 q.;In marcia / fermata / arresto;Conducente;M;Illeso;0;;;
4649415;12;09/11/2019 05:45:00;Strada Urbana;VIA ALFONSINE;all'intersezione con;VIA DI MEZZOCAMMINO;VIA DI MEZZOCAMMINO;;;Scontro frontale/laterale SX fra veicoli in marcia;Incrocio;Una carreggiata a doppio senso;Bagnato (pioggia);Asfaltata;Verticale ed orizzontale;Nuvoloso;Scarso;Sufficiente;Sufficiente;0;0;0;3;12.4228;41.79;-1;2;Autovettura privata;In marcia / fermata / arresto;Conducente;M;Illeso;0;;;
4649415;12;09/11/2019 05:45:00;Strada Urbana;VIA ALFONSINE;all'intersezione con;VIA DI MEZZOCAMMINO;VIA DI MEZZOCAMMINO;;;Scontro frontale/laterale SX fra veicoli in marcia;Incrocio;Una carreggiata a doppio senso;Bagnato (pioggia);Asfaltata;Verticale ed orizzontale;Nuvoloso;Scarso;Sufficiente;Sufficiente;0;0;0;3;12.4228;41.79;-1;2;Autovettura privata;In marcia / fermata / arresto;Passeggero;F;Illeso;0;;;
4649429;1;09/11/2019 07:25:00;Strada Urbana;VIA FLAVIA;in corrispondenza;;del civico n.;60;;Veicolo in marcia contro ostacolo accidentale;Rettilineo;Una carreggiata a senso unico di marcia;Viscido da liquidi oleosi;In cubetti di porfido;Verticale ed orizzontale;Sereno;Scarso;Buona;Ore Diurne;1;0;0;0;12.4969;41.907;-1;1;Motociclo a solo;In marcia / fermata / arresto;Conducente;M;Rifiuta cure immediate;0;NON DECEDUTO;;
4649455;2;11/11/2019 07:55:00;Strada Urbana;VIA NOMENTANA;in prossimit�;;del civico n.;387;;Ribaltamento senza urto contro ostacolo fisso;Rettilineo;Pi� di due carreggiate;Bagnato (pioggia);Asfaltata;Verticale ed orizzontale;Pioggia in atto;Intenso;Sufficiente;Ore Diurne;1;0;0;2;12.5223;41.9258;-1;1;Autovettura privata;In marcia / fermata / arresto;Conducente;F;Illeso;0;;Non accertato;Inesploso
4649455;2;11/11/2019 07:55:00;Strada Urbana;VIA NOMENTANA;in prossimit�;;del civico n.;387;;Ribaltamento senza urto contro ostacolo fisso;Rettilineo;Pi� di due carreggiate;Bagnato (pioggia);Asfaltata;Verticale ed orizzontale;Pioggia in atto;Intenso;Sufficiente;Ore Diurne;1;0;0;2;12.5223;41.9258;-1;1;Autovettura privata;In marcia / fermata / arresto;Passeggero;F;Illeso;0;;Non accertato;Inesploso
4649455;2;11/11/2019 07:55:00;Strada Urbana;VIA NOMENTANA;in prossimit�;;del civico n.;387;;Ribaltamento senza urto contro ostacolo fisso;Rettilineo;Pi� di due carreggiate;Bagnato (pioggia);Asfaltata;Verticale ed orizzontale;Pioggia in atto;Intenso;Sufficiente;Ore Diurne;1;0;0;2;12.5223;41.9258;-1;2;Motociclo a solo;In marcia / fermata / arresto;Conducente;F;Rimandato;0;NON DECEDUTO;;
4649528;3;08/11/2019 23:00:00;Strada Urbana;CIRCONVALLAZIONE TIBURTINA;da specificare;;;;dir. Salaria circa 300 mt prima imbocco NCI;Veicolo in marcia contro ostacolo fisso;Curva a visuale libera;Una carreggiata a senso unico di marcia;Bagnato (pioggia);Asfaltata;Orizzontale;Pioggia in atto;Scarso;Sufficiente;Sufficiente;1;0;0;0;12.528;41.8994;-1;1;Autovettura privata;In marcia / fermata / arresto;Conducente;M;Rimandato;0;NON DECEDUTO;Non accertato;Inesploso
4649532;16;09/11/2019 12:50:00;Strada Urbana;VIA ROBERTO ALESSANDRI;in prossimit�;;del civico n.;18;;Veicolo in marcia contro veicolo in sosta;Rettilineo;Una carreggiata a senso unico di marcia;Asciutto;Asfaltata;Verticale ed orizzontale;Sereno;Normale;Buona;Ore Diurne;0;0;0;1;12.4428;41.8669;-1;1;Autovettura privata;Sosta;;;;;;;
4649532;16;09/11/2019 12:50:00;Strada Urbana;VIA ROBERTO ALESSANDRI;in prossimit�;;del civico n.;18;;Veicolo in marcia contro veicolo in sosta;Rettilineo;Una carreggiata a senso unico di marcia;Asciutto;Asfaltata;Verticale ed orizzontale;Sereno;Normale;Buona;Ore Diurne;0;0;0;1;12.4428;41.8669;-1;2;Autovettura privata;In marcia / fermata / arresto;Conducente;F;Illeso;0;;Non accertato;Inesploso
4649534;1;10/11/2019 15:00:00;Strada Urbana;PIAZZALE OSTIENSE;all'intersezione con;VIALE MARCO POLO;VIALE MARCO POLO;;;Scontro frontale/laterale SX fra veicoli in marcia;Incrocio;Una carreggiata a senso unico di marcia;Asciutto;Asfaltata;Verticale ed orizzontale;Sereno;Normale;Buona;Ore Diurne;1;0;0;1;12.4832;41.8761;-1;1;Autovettura privata;In marcia / fermata / arresto;Conducente;M;Illeso;0;;Non accertato;Inesploso
4649534;1;10/11/2019 15:00:00;Strada Urbana;PIAZZALE OSTIENSE;all'intersezione con;VIALE MARCO POLO;VIALE MARCO POLO;;;Scontro frontale/laterale SX fra veicoli in marcia;Incrocio;Una carreggiata a senso unico di marcia;Asciutto;Asfaltata;Verticale ed orizzontale;Sereno;Normale;Buona;Ore Diurne;1;0;0;1;12.4832;41.8761;-1;2;Motociclo a solo;In marcia / fermata / arresto;Conducente;M;Rimandato;0;NON DECEDUTO;Utilizzato;
4649550;16;08/11/2019 15:20:00;Strada Urbana;VIA PORTUENSE;in prossimit�;;del civico n.;56;;Veicolo in marcia contro veicolo in sosta;Rettilineo;Una carreggiata a doppio senso;Viscido da liquidi oleosi;Asfaltata;Orizzontale;Pioggia in atto;Normale;Buona;Ore Diurne;0;0;0;1;12.4659;41.8715;-1;1;Motociclo a solo;In marcia / fermata / arresto;Conducente;M;Illeso;0;;;
4649550;16;08/11/2019 15:20:00;Strada Urbana;VIA PORTUENSE;in prossimit�;;del civico n.;56;;Veicolo in marcia contro veicolo in sosta;Rettilineo;Una carreggiata a doppio senso;Viscido da liquidi oleosi;Asfaltata;Orizzontale;Pioggia in atto;Normale;Buona;Ore Diurne;0;0;0;1;12.4659;41.8715;-1;2;Autovettura privata;Sosta;;;;;;;
4649551;16;09/11/2019 19:10:00;Strada Urbana;VIA CARINI;all'intersezione con;VIA ORESTE REGNOLI;VIA ORESTE REGNOLI;;;Investimento di pedone;Intersezione stradale segnalata;Una carreggiata a doppio senso;Bagnato (pioggia);Asfaltata;Verticale ed orizzontale;Pioggia in atto;Normale;Sufficiente;Sufficiente;1;0;0;1;12.4609;41.8852;-1;;;;Pedone;F;Rimandato;0;NON DECEDUTO;;
4649551;16;09/11/2019 19:10:00;Strada Urbana;VIA CARINI;all'intersezione con;VIA ORESTE REGNOLI;VIA ORESTE REGNOLI;;;Investimento di pedone;Intersezione stradale segnalata;Una carreggiata a doppio senso;Bagnato (pioggia);Asfaltata;Verticale ed orizzontale;Pioggia in atto;Normale;Sufficiente;Sufficiente;1;0;0;1;12.4609;41.8852;-1;1;Autovettura privata;In marcia / fermata / arresto;Conducente;M;Illeso;0;;Non accertato;Inesploso
4649558;13;10/11/2019 19:32:00;Strada Urbana;VIA DELLE ANTILLE;all'intersezione con;VIA DELLE BALENIERE;VIA DELLE BALENIERE;;;Scontro laterale fra veicoli in marcia;Incrocio;Una carreggiata a senso unico alternato;Bagnato (pioggia);Asfaltata;Verticale ed orizzontale;Pioggia in atto;Normale;Buona;Sufficiente;1;0;0;2;12.2805;41.7377;-1;1;Autovettura privata;In marcia / fermata / arresto;Conducente;M;Illeso;0;;Non accertato;Inesploso
4649558;13;10/11/2019 19:32:00;Strada Urbana;VIA DELLE ANTILLE;all'intersezione con;VIA DELLE BALENIERE;VIA DELLE BALENIERE;;;Scontro laterale fra veicoli in marcia;Incrocio;Una carreggiata a senso unico alternato;Bagnato (pioggia);Asfaltata;Verticale ed orizzontale;Pioggia in atto;Normale;Buona;Sufficiente;1;0;0;2;12.2805;41.7377;-1;1;Autovettura privata;In marcia / fermata / arresto;Passeggero;F;Illeso;0;;Non accertato;Inesploso