Protocollo;Gruppo;DataOraIncidente;Localizzazione1;STRADA1;Localizzazione2;STRADA2;Strada02;Chilometrica;DaSpecificare;NaturaIncidente;particolaritastrade;TipoStrada;FondoStradale;Pavimentazione;Segnaletica;CondizioneAtmosferica;Traffico;Visibilita;Illuminazione;NUM_FERITI;NUM_RISERVATA;NUM_MORTI;NUM_ILLESI;Longitudine;Latitudine;Confermato;Progressivo;TipoVeicolo;StatoVeicolo;TipoPersona;Sesso;Tipolesione;Deceduto;DecedutoDopo;CinturaCascoUtilizzato;Airbag;
4651237;7;11/11/2019 11:45:00;Strada Urbana;VIA DEI GELSI;all'intersezione con;VIA DEI CICLAMINI;VIA DEI CICLAMINI;;;Scontro laterale fra veicoli in marcia;Incrocio;Due carreggiate;Bagnato (pioggia);Asfaltata;Verticale ed orizzontale;Pioggia in atto;Intenso;Sufficiente;Ore Diurne;0;0;0;3;12.5672;41.8889;-1;1;Autovettura privata;In marcia / fermata / arresto;Conducente;F;Illeso;0;;;
4651237;7;11/11/2019 11:45:00;Strada Urbana;VIA DEI GELSI;all'intersezione con;VIA DEI CICLAMINI;VIA DEI CICLAMINI;;;Scontro laterale fra veicoli in marcia;Incrocio;Due carreggiate;Bagnato (pioggia);Asfaltata;Verticale ed orizzontale;Pioggia in atto;Intenso;Sufficiente;Ore Diurne;0;0;0;3;12.5672;41.8889;-1;2;Autovettura privata;In marcia / fermata / arresto;Conducente;M;Illeso;0;;;
4651237;7;11/11/2019 11:45:00;Strada Urbana;VIA DEI GELSI;all'intersezione con;VIA DEI CICLAMINI;VIA DEI CICLAMINI;;;Scontro laterale fra veicoli in marcia;Incrocio;Due carreggiate;Bagnato (pioggia);Asfaltata;Verticale ed orizzontale;Pioggia in atto;Intenso;Sufficiente;Ore Diurne;0;0;0;3;12.5672;41.8889;-1;2;Autovettura privata;In marcia / fermata / arresto;Passeggero;M;Illeso;0;;;
4651239;2;11/11/2019 23:15:00;Strada Urbana;VIA DEL FORO ITALICO;da specificare;;;;pross. distributore Q8 dir. S. Giovanni;Veicolo in marcia contro ostacolo accidentale;Rettilineo;Due carreggiate;Bagnato (pioggia);Asfaltata;Verticale ed orizzontale;Pioggia in atto;Scarso;Sufficiente;Sufficiente;0;0;0;1;12.4828;41.94;-1;1;Autovettura privata;In marcia / fermata / arresto;Conducente;F;Illeso;0;;Non accertato;Inesploso
4651244;2;11/11/2019 23:30:00;Strada Urbana;VIA DEL FORO ITALICO;da specificare;;;;fronte immissione Tor Di Quinto;Veicolo in marcia contro ostacolo accidentale;Rettilineo;Due carreggiate;Bagnato (pioggia);Asfaltata;Verticale ed orizzontale;Pioggia in atto;Scarso;Sufficiente;Sufficiente;0;0;0;1;12.4825;41.9401;-1;1;Autovettura privata;In marcia / fermata / arresto;Conducente;M;Illeso;0;;;
4651251;20;11/11/2019 20:10:00;Strada Urbana;VIA CASSIA;in prossimit�;;del civico n.;1866;;Investimento di pedone;Rettilineo;Una carreggiata a doppio senso;Bagnato (pioggia);Asfaltata;Verticale ed orizzontale;Pioggia in atto;Normale;Sufficiente;Sufficiente;1;0;0;2;12.3769;42.0224;-1;;;;Pedone;F;Ricoverato;0;NON DECEDUTO;;
4651251;20;11/11/2019 20:10:00;Strada Urbana;VIA CASSIA;in prossimit�;;del civico n.;1866;;Investimento di pedone;Rettilineo;Una carreggiata a doppio senso;Bagnato (pioggia);Asfaltata;Verticale ed orizzontale;Pioggia in atto;Normale;Sufficiente;Sufficiente;1;0;0;2;12.3769;42.0224;-1;1;Autovettura privata;In marcia / fermata / arresto;Conducente;M;Illeso;0;;Non accertato;
4651251;20;11/11/2019 20:10:00;Strada Urbana;VIA CASSIA;in prossimit�;;del civico n.;1866;;Investimento di pedone;Rettilineo;Una carreggiata a doppio senso;Bagnato (pioggia);Asfaltata;Verticale ed orizzontale;Pioggia in atto;Normale;Sufficiente;Sufficiente;1;0;0;2;12.3769;42.0224;-1;2;Autobus di linea;In marcia / fermata / arresto;Conducente;M;Illeso;0;;Non accertato;
4651270;3;11/11/2019 12:30:00;Strada Urbana;CIRCONVALLAZIONE TIBURTINA;da specificare;;;;direzione San Giovanni altezza Dogana;Veicolo in marcia contro ostacolo fisso;Curva senza visuale libera;Una carreggiata a senso unico di marcia;Bagnato (pioggia);Asfaltata;Verticale ed orizzontale;Pioggia in atto;Normale;Buona;Ore Diurne;0;0;0;1;12.528;41.8994;-1;1;Autovettura privata;In marcia / fermata / arresto;Conducente;M;Illeso;0;;;
4651299;7;11/11/2019 08:00:00;Strada Urbana;PIAZZALE PINO PASCALI;in corrispondenza;;del palo luce n.;13;;Scontro frontale/laterale SX fra veicoli in marcia;Rettilineo;Una carreggiata a doppio senso;Bagnato (pioggia);Asfaltata;Verticale ed orizzontale;Pioggia in atto;Intenso;Buona;Ore Diurne;0;0;0;4;12.5776;41.8973;-1;1;Autovettura privata;In marcia / fermata / arresto;Conducente;M;Illeso;0;;;
4651299;7;11/11/2019 08:00:00;Strada Urbana;PIAZZALE PINO PASCALI;in corrispondenza;;del palo luce n.;13;;Scontro frontale/laterale SX fra veicoli in marcia;Rettilineo;Una carreggiata a doppio senso;Bagnato (pioggia);Asfaltata;Verticale ed orizzontale;Pioggia in atto;Intenso;Buona;Ore Diurne;0;0;0;4;12.5776;41.8973;-1;1;Autovettura privata;In marcia / fermata / arresto;Passeggero;F;Illeso;0;;;
4651299;7;11/11/2019 08:00:00;Strada Urbana;PIAZZALE PINO PASCALI;in corrispondenza;;del palo luce n.;13;;Scontro frontale/laterale SX fra veicoli in marcia;Rettilineo;Una carreggiata a doppio senso;Bagnato (pioggia);Asfaltata;Verticale ed orizzontale;Pioggia in atto;Intenso;Buona;Ore Diurne;0;0;0;4;12.5776;41.8973;-1;2;Autovettura privata;In marcia / fermata / arresto;Conducente;M;Illeso;0;;;
4651299;7;11/11/2019 08:00:00;Strada Urbana;PIAZZALE PINO PASCALI;in corrispondenza;;del palo luce n.;13;;Scontro frontale/laterale SX fra veicoli in marcia;Rettilineo;Una carreggiata a doppio senso;Bagnato (pioggia);Asfaltata;Verticale ed orizzontale;Pioggia in atto;Intenso;Buona;Ore Diurne;0;0;0;4;12.5776;41.8973;-1;3;Autovettura privata;In marcia / fermata / arresto;Conducente;F;Illeso;0;;;
4651334;17;10/11/2019 12:35:00;Strada Urbana;VIA DI PORTA CASTELLO;in corrispondenza;;del civico n.;25;;Veicolo in marcia contro veicolo fermo;Rettilineo;Una carreggiata a senso unico di marcia;Asciutto;Asfaltata;Verticale ed orizzontale;Nuvoloso;Normale;Buona;Ore Diurne;0;0;0;2;12.4632;41.9046;-1;1;Autovettura privata;In marcia / fermata / arresto;Conducente;F;Illeso;0;;Non accertato;
4651334;17;10/11/2019 12:35:00;Strada Urbana;VIA DI PORTA CASTELLO;in corrispondenza;;del civico n.;25;;Veicolo in marcia contro veicolo fermo;Rettilineo;Una carreggiata a senso unico di marcia;Asciutto;Asfaltata;Verticale ed orizzontale;Nuvoloso;Normale;Buona;Ore Diurne;0;0;0;2;12.4632;41.9046;-1;2;Autovettura privata;In marcia / fermata / arresto;Conducente;M;Illeso;0;;;
4651361;2;11/11/2019 20:15:00;Strada Urbana;VIALE DEL MURO TORTO;da specificare;;;;altezza Viale del Galoppatoio;Veicolo in marcia contro veicoli in sosta;Rettilineo;Due carreggiate;Asciutto;Asfaltata;Verticale ed orizzontale;Sereno;Normale;Buona;Sufficiente;0;0;0;0;12.4839;41.9094;-1;1;Autovettura privata;Sosta;;;;;;;
4651373;7;11/11/2019 18:05:00;Strada Urbana;VIALE ALESSANDRINO;all'intersezione con;VIA GIOVANNI BATTISTA DELPONTE;VIA GIOVANNI BATTISTA DELPONTE;;;Investimento di pedone;Incrocio;Una carreggiata a doppio senso;Bagnato (pioggia);Asfaltata;Orizzontale;Pioggia in atto;Normale;Buona;Sufficiente;1;0;0;1;12.5814;41.8824;-1;;;;Pedone;F;Rimandato;0;NON DECEDUTO;;
4651373;7;11/11/2019 18:05:00;Strada Urbana;VIALE ALESSANDRINO;all'intersezione con;VIA GIOVANNI BATTISTA DELPONTE;VIA GIOVANNI BATTISTA DELPONTE;;;Investimento di pedone;Incrocio;Una carreggiata a doppio senso;Bagnato (pioggia);Asfaltata;Orizzontale;Pioggia in atto;Normale;Buona;Sufficiente;1;0;0;1;12.5814;41.8824;-1;1;Autovettura privata;In marcia / fermata / arresto;Conducente;M;Illeso;0;;;
4651376;7;12/11/2019 11:40:00;Strada Urbana;VIA PRENESTINA NUOVA;in corrispondenza;;del civico n.;920;;Scontro frontale/laterale DX fra veicoli in marcia;Rettilineo;Una carreggiata a doppio senso;Bagnato (pioggia);Asfaltata;Orizzontale;Pioggia in atto;Normale;Buona;Ore Diurne;0;0;0;2;12.7111;41.8855;-1;1;Autovettura privata;In marcia / fermata / arresto;Conducente;M;Illeso;0;;;
4651376;7;12/11/2019 11:40:00;Strada Urbana;VIA PRENESTINA NUOVA;in corrispondenza;;del civico n.;920;;Scontro frontale/laterale DX fra veicoli in marcia;Rettilineo;Una carreggiata a doppio senso;Bagnato (pioggia);Asfaltata;Orizzontale;Pioggia in atto;Normale;Buona;Ore Diurne;0;0;0;2;12.7111;41.8855;-1;2;Autovettura privata;In marcia / fermata / arresto;Conducente;M;Illeso;0;;;
4651387;17;10/11/2019 16:00:00;Strada Urbana;VIA ANDREA DORIA;all'intersezione con;VIA SANTAMAURA;VIA SANTAMAURA;;;Scontro frontale/laterale SX fra veicoli in marcia;Incrocio;Una carreggiata a doppio senso;Asciutto;Asfaltata;Verticale ed orizzontale;Sereno;Normale;Buona;Ore Diurne;2;0;0;0;12.4522;41.9098;-1;1;Motociclo a solo;In marcia / fermata / arresto;Conducente;M;Rimandato;0;NON DECEDUTO;;
4651387;17;10/11/2019 16:00:00;Strada Urbana;VIA ANDREA DORIA;all'intersezione con;VIA SANTAMAURA;VIA SANTAMAURA;;;Scontro frontale/laterale SX fra veicoli in marcia;Incrocio;Una carreggiata a doppio senso;Asciutto;Asfaltata;Verticale ed orizzontale;Sereno;Normale;Buona;Ore Diurne;2;0;0;0;12.4522;41.9098;-1;2;Velocipede;In marcia / fermata / arresto;Conducente;M;Rimandato;0;NON DECEDUTO;Esente;
4651391;18;12/11/2019 10:45:00;Strada Urbana;CIRCONVALLAZIONE AURELIA;in prossimit�;;del civico n.;66;;Investimento di pedone;Rettilineo;Pi� di due carreggiate;Bagnato (umidit� in atto);Asfaltata;Orizzontale;Nuvoloso;Intenso;Buona;Ore Diurne;1;0;0;2;12.4285;41.8966;-1;;;;Pedone;F;Rimandato;0;NON DECEDUTO;;
4651391;18;12/11/2019 10:45:00;Strada Urbana;CIRCONVALLAZIONE AURELIA;in prossimit�;;del civico n.;66;;Investimento di pedone;Rettilineo;Pi� di due carreggiate;Bagnato (umidit� in atto);Asfaltata;Orizzontale;Nuvoloso;Intenso;Buona;Ore Diurne;1;0;0;2;12.4285;41.8966;-1;1;Autovettura privata;In marcia / fermata / arresto;Conducente;M;Illeso;0;;Non accertato;Inesploso
4651391;18;12/11/2019 10:45:00;Strada Urbana;CIRCONVALLAZIONE AURELIA;in prossimit�;;del civico n.;66;;Investimento di pedone;Rettilineo;Pi� di due carreggiate;Bagnato (umidit� in atto);Asfaltata;Orizzontale;Nuvoloso;Intenso;Buona;Ore Diurne;1;0;0;2;12.4285;41.8966;-1;1;Autovettura privata;In marcia / fermata / arresto;Passeggero;M;Illeso;0;;Non accertato;Inesploso
4651450;1;12/11/2019 08:30:00;Strada Urbana;VIA CELIMONTANA;all'intersezione con;VIA CAPO D'AFRICA;VIA CAPO D'AFRICA;;;Scontro laterale fra veicoli in marcia;Incrocio;Una carreggiata a senso unico di marcia;Bagnato (pioggia);Asfaltata;Verticale ed orizzontale;Nuvoloso;Normale;Buona;Ore Diurne;0;0;0;3;12.4964;41.8884;-1;1;Autovettura privata;In marcia / fermata / arresto;Conducente;M;Illeso;0;;;
4651450;1;12/11/2019 08:30:00;Strada Urbana;VIA CELIMONTANA;all'intersezione con;VIA CAPO D'AFRICA;VIA CAPO D'AFRICA;;;Scontro laterale fra veicoli in marcia;Incrocio;Una carreggiata a senso unico di marcia;Bagnato (pioggia);Asfaltata;Verticale ed orizzontale;Nuvoloso;Normale;Buona;Ore Diurne;0;0;0;3;12.4964;41.8884;-1;2;Autovettura privata;In marcia / fermata / arresto;Conducente;M;Illeso;0;;;
4651450;1;12/11/2019 08:30:00;Strada Urbana;VIA CELIMONTANA;all'intersezione con;VIA CAPO D'AFRICA;VIA CAPO D'AFRICA;;;Scontro laterale fra veicoli in marcia;Incrocio;Una carreggiata a senso unico di marcia;Bagnato (pioggia);Asfaltata;Verticale ed orizzontale;Nuvoloso;Normale;Buona;Ore Diurne;0;0;0;3;12.4964;41.8884;-1;2;Autovettura privata;In marcia / fermata / arresto;Passeggero;F;Illeso;0;;;
4651528;15;11/11/2019 18:00:00;Strada Urbana;VIA GIOVANNI VOLPATO;in corrispondenza;;del civico n.;31;;Tamponamento;Rettilineo;Due carreggiate;Bagnato (pioggia);Asfaltata;Verticale ed orizzontale;Pioggia in atto;Normale;Sufficiente;Sufficiente;0;0;0;2;12.4677;41.8713;-1;1;Autovettura privata;In marcia / fermata / arresto;Conducente;M;Illeso;0;;Non accertato;Inesploso
4651528;15;11/11/2019 18:00:00;Strada Urbana;VIA GIOVANNI VOLPATO;in corrispondenza;;del civico n.;31;;Tamponamento;Rettilineo;Due carreggiate;Bagnato (pioggia);Asfaltata;Verticale ed orizzontale;Pioggia in atto;Normale;Sufficiente;Sufficiente;0;0;0;2;12.4677;41.8713;-1;2;Autovettura privata;In marcia / fermata / arresto;Conducente;M;Illeso;0;;Non accertato;
4651578;15;12/11/2019 10:40:00;Strada Urbana;VIA PORTUENSE;da specificare;;;;fronte civico 1137;Veicolo in marcia contro ostacolo accidentale;Rettilineo;Una carreggiata a doppio senso;Asciutto;Asfaltata;Assente;Nuvoloso;Normale;Buona;Ore Diurne;0;0;0;1;12.414;41.8469;-1;1;Autovettura privata;In marcia / fermata / arresto;Conducente;M;Illeso;0;;Utilizzato;Inesploso
4651583;2;12/11/2019 13:10:00;Strada Urbana;VIA ARCHIMEDE;in corrispondenza;;del civico n.;146;;Veicolo in marcia contro veicolo in sosta;Rettilineo;Una carreggiata a senso unico di marcia;Bagnato (pioggia);Asfaltata;Orizzontale;Nuvoloso;Normale;Sufficiente;Ore Diurne;0;0;0;1;12.4792;41.9272;-1;1;Autovettura privata;In marcia / fermata / arresto;Conducente;M;Illeso;0;;Non accertato;Inesploso
4651583;2;12/11/2019 13:10:00;Strada Urbana;VIA ARCHIMEDE;in corrispondenza;;del civico n.;146;;Veicolo in marcia contro veicolo in sosta;Rettilineo;Una carreggiata a senso unico di marcia;Bagnato (pioggia);Asfaltata;Orizzontale;Nuvoloso;Normale;Sufficiente;Ore Diurne;0;0;0;1;12.4792;41.9272;-1;2;Autovettura privata;Sosta;;;;;;;
4651623;18;12/11/2019 09:30:00;Statale entro l'abitato;VIA AURELIA;da specificare;;;;prossimit� VIA DE FRANCISCI;Tamponamento;Rettilineo;Due carreggiate;Asciutto;Asfaltata;Verticale ed orizzontale;Nuvoloso;Intenso;Buona;Ore Diurne;2;0;0;3;12.4136;41.8916;-1;1;Autovettura privata;In marcia / fermata / arresto;Conducente;F;Illeso;0;;;
4651623;18;12/11/2019 09:30:00;Statale entro l'abitato;VIA AURELIA;da specificare;;;;prossimit� VIA DE FRANCISCI;Tamponamento;Rettilineo;Due carreggiate;Asciutto;Asfaltata;Verticale ed orizzontale;Nuvoloso;Intenso;Buona;Ore Diurne;2;0;0;3;12.4136;41.8916;-1;1;Autovettura privata;In marcia / fermata / arresto;Passeggero;F;Illeso;0;;;
4651623;18;12/11/2019 09:30:00;Statale entro l'abitato;VIA AURELIA;da specificare;;;;prossimit� VIA DE FRANCISCI;Tamponamento;Rettilineo;Due carreggiate;Asciutto;Asfaltata;Verticale ed orizzontale;Nuvoloso;Intenso;Buona;Ore Diurne;2;0;0;3;12.4136;41.8916;-1;1;Autovettura privata;In marcia / fermata / arresto;Passeggero;F;Illeso;0;;;
4651623;18;12/11/2019 09:30:00;Statale entro l'abitato;VIA AURELIA;da specificare;;;;prossimit� VIA DE FRANCISCI;Tamponamento;Rettilineo;Due carreggiate;Asciutto;Asfaltata;Verticale ed orizzontale;Nuvoloso;Intenso;Buona;Ore Diurne;2;0;0;3;12.4136;41.8916;-1;2;Autovettura privata;In marcia / fermata / arresto;Conducente;F;Rifiuta cure immediate;0;NON DECEDUTO;;
4651623;18;12/11/2019 09:30:00;Statale entro l'abitato;VIA AURELIA;da specificare;;;;prossimit� VIA DE FRANCISCI;Tamponamento;Rettilineo;Due carreggiate;Asciutto;Asfaltata;Verticale ed orizzontale;Nuvoloso;Intenso;Buona;Ore Diurne;2;0;0;3;12.4136;41.8916;-1;2;Autovettura privata;In marcia / fermata / arresto;Passeggero;M;Rifiuta cure immediate;0;NON DECEDUTO;;
4651625;13;11/11/2019 18:06:00;Strada Urbana;VIALE CRISTOFORO COLOMBO;in corrispondenza;;della chilometrica;19.2;;Veicolo in marcia contro ostacolo accidentale;Rettilineo;Pi� di due carreggiate;Bagnato (pioggia);Asfaltata;Verticale ed orizzontale;Nebbia;Normale;Insufficiente;Inesistente;0;0;0;1;12.4536;41.8089;0;1;Autovettura privata;In marcia / fermata / arresto;Conducente;M;Illeso;0;;;Inesploso
4651628;13;11/11/2019 18:05:00;Strada Urbana;VIA CRISTOFORO COLOMBO;in corrispondenza;;della chilometrica;9999.999;;Veicolo in marcia contro ostacolo accidentale;Rettilineo;Pi� di due carreggiate;Bagnato (pioggia);Asfaltata;Verticale ed orizzontale;Pioggia in atto;Normale;Insufficiente;Inesistente;0;0;0;1;12.4536;41.8089;0;1;Autovettura privata;In marcia / fermata / arresto;Conducente;F;Illeso;0;;;
4651633;13;11/11/2019 18:10:00;Strada Urbana;VIALE CRISTOFORO COLOMBO;in corrispondenza;;della chilometrica;9999.999;;Veicolo in marcia contro ostacolo accidentale;Rettilineo;Pi� di due carreggiate;Bagnato (pioggia);Asfaltata;Verticale ed orizzontale;Pioggia in atto;Normale;Insufficiente;Inesistente;0;0;0;1;12.4536;41.8089;0;1;Autovettura privata;In marcia / fermata / arresto;Conducente;M;Illeso;0;;;
4651686;19;12/11/2019 11:45:00;Strada Urbana;VIA TRIONFALE;in prossimit�;;del civico n.;8686;;Scontro laterale fra veicoli in marcia;Rettilineo;Una carreggiata a senso unico di marcia;Bagnato (pioggia);Asfaltata;Verticale ed orizzontale;Pioggia in atto;Intenso;Buona;Ore Diurne;0;0;0;5;12.424;41.9401;-1;1;Autovettura privata;In marcia / fermata / arresto;Conducente;M;Illeso;0;;Non accertato;Inesploso
4651686;19;12/11/2019 11:45:00;Strada Urbana;VIA TRIONFALE;in prossimit�;;del civico n.;8686;;Scontro laterale fra veicoli in marcia;Rettilineo;Una carreggiata a senso unico di marcia;Bagnato (pioggia);Asfaltata;Verticale ed orizzontale;Pioggia in atto;Intenso;Buona;Ore Diurne;0;0;0;5;12.424;41.9401;-1;1;Autovettura privata;In marcia / fermata / arresto;Passeggero;M;Illeso;0;;Non accertato;Inesploso
4651686;19;12/11/2019 11:45:00;Strada Urbana;VIA TRIONFALE;in prossimit�;;del civico n.;8686;;Scontro laterale fra veicoli in marcia;Rettilineo;Una carreggiata a senso unico di marcia;Bagnato (pioggia);Asfaltata;Verticale ed orizzontale;Pioggia in atto;Intenso;Buona;Ore Diurne;0;0;0;5;12.424;41.9401;-1;1;Autovettura privata;In marcia / fermata / arresto;Passeggero;M;Illeso;0;;Non accertato;Inesploso
4651686;19;12/11/2019 11:45:00;Strada Urbana;VIA TRIONFALE;in prossimit�;;del civico n.;8686;;Scontro laterale fra veicoli in marcia;Rettilineo;Una carreggiata a senso unico di marcia;Bagnato (pioggia);Asfaltata;Verticale ed orizzontale;Pioggia in atto;Intenso;Buona;Ore Diurne;0;0;0;5;12.424;41.9401;-1;1;Autovettura privata;In marcia / fermata / arresto;Passeggero;M;Illeso;0;;Non accertato;Inesploso
4651686;19;12/11/2019 11:45:00;Strada Urbana;VIA TRIONFALE;in prossimit�;;del civico n.;8686;;Scontro laterale fra veicoli in marcia;Rettilineo;Una carreggiata a senso unico di marcia;Bagnato (pioggia);Asfaltata;Verticale ed orizzontale;Pioggia in atto;Intenso;Buona;Ore Diurne;0;0;0;5;12.424;41.9401;-1;2;Motociclo a solo;In marcia / fermata / arresto;Conducente;M;Illeso;0;;;
4651708;1;12/11/2019 05:45:00;Strada Urbana;VIA DEI MILLE;all'intersezione con;VIA MARGHERA;VIA MARGHERA;;;Scontro frontale/laterale SX fra veicoli in marcia;Incrocio;Una carreggiata a senso unico di marcia;Asciutto;Asfaltata;Verticale ed orizzontale;Nuvoloso;Normale;Buona;Ore Diurne;1;0;0;2;12.5043;41.9029;-1;1;Autovettura privata;In marcia / fermata / arresto;Conducente;F;Rimandato;0;NON DECEDUTO;Non accertato;Inesploso
4651708;1;12/11/2019 05:45:00;Strada Urbana;VIA DEI MILLE;all'intersezione con;VIA MARGHERA;VIA MARGHERA;;;Scontro frontale/laterale SX fra veicoli in marcia;Incrocio;Una carreggiata a senso unico di marcia;Asciutto;Asfaltata;Verticale ed orizzontale;Nuvoloso;Normale;Buona;Ore Diurne;1;0;0;2;12.5043;41.9029;-1;1;Autovettura privata;In marcia / fermata / arresto;Passeggero;F;Illeso;0;;Non accertato;Inesploso
4651708;1;12/11/2019 05:45:00;Strada Urbana;VIA DEI MILLE;all'intersezione con;VIA MARGHERA;VIA MARGHERA;;;Scontro frontale/laterale SX fra veicoli in marcia;Incrocio;Una carreggiata a senso unico di marcia;Asciutto;Asfaltata;Verticale ed orizzontale;Nuvoloso;Normale;Buona;Ore Diurne;1;0;0;2;12.5043;41.9029;-1;2;Autocarro superiore 35 q.;In marcia / fermata / arresto;Conducente;M;Illeso;0;;Non accertato;Inesploso
4651717;2;11/11/2019 01:00:00;Strada Urbana;VIA PIETRO MASCAGNI;in corrispondenza;;del civico n.;130;;Veicolo in marcia contro veicolo in sosta;Rettilineo;Una carreggiata a doppio senso;Asciutto;Asfaltata;Verticale ed orizzontale;Sereno;Scarso;Buona;Ore Diurne;0;0;0;0;12.5157;41.9387;-1;1;Autovettura privata;Sosta;;;;;;;
4651723;16;11/11/2019 13:00:00;Strada Urbana;VIA DELLA MASSIMILLA;all'intersezione con;VIA FELICE CASORATI;VIA FELICE CASORATI;;;Scontro laterale fra veicoli in marcia;Intersezione stradale segnalata;Due carreggiate;Bagnato (pioggia);Asfaltata;Verticale ed orizzontale;Pioggia in atto;Normale;Buona;Ore Diurne;0;0;0;4;12.3495;41.8781;-1;1;Autovettura privata;In marcia / fermata / arresto;Conducente;F;Illeso;0;;Non accertato;Inesploso
4651723;16;11/11/2019 13:00:00;Strada Urbana;VIA DELLA MASSIMILLA;all'intersezione con;VIA FELICE CASORATI;VIA FELICE CASORATI;;;Scontro laterale fra veicoli in marcia;Intersezione stradale segnalata;Due carreggiate;Bagnato (pioggia);Asfaltata;Verticale ed orizzontale;Pioggia in atto;Normale;Buona;Ore Diurne;0;0;0;4;12.3495;41.8781;-1;2;Autovettura privata;In marcia / fermata / arresto;Conducente;M;Illeso;0;;Non accertato;Inesploso
4651723;16;11/11/2019 13:00:00;Strada Urbana;VIA DELLA MASSIMILLA;all'intersezione con;VIA FELICE CASORATI;VIA FELICE CASORATI;;;Scontro laterale fra veicoli in marcia;Intersezione stradale segnalata;Due carreggiate;Bagnato (pioggia);Asfaltata;Verticale ed orizzontale;Pioggia in atto;Normale;Buona;Ore Diurne;0;0;0;4;12.3495;41.8781;-1;2;Autovettura privata;In marcia / fermata / arresto;Passeggero;F;Illeso;0;;Non accertato;Inesploso
4651723;16;11/11/2019 13:00:00;Strada Urbana;VIA DELLA MASSIMILLA;all'intersezione con;VIA FELICE CASORATI;VIA FELICE CASORATI;;;Scontro laterale fra veicoli in marcia;Intersezione stradale segnalata;Due carreggiate;Bagnato (pioggia);Asfaltata;Verticale ed orizzontale;Pioggia in atto;Normale;Buona;Ore Diurne;0;0;0;4;12.3495;41.8781;-1;2;Autovettura privata;In marcia / fermata / arresto;Passeggero;M;Illeso;0;;Non accertato;Inesploso
4651761;13;12/11/2019 13:20:00;Strada Urbana;VIA DOMENICO PURIFICATO;da specificare;;;;prossimit� palo luce 31;Ribaltamento senza urto contro ostacolo fisso;Curva a visuale libera;Una carreggiata a senso unico di marcia;Bagnato (pioggia);Asfaltata;Orizzontale;Pioggia in atto;Normale;Buona;Ore Diurne;0;0;0;1;12.3682;41.7729;-1;1;Quadriciclo leggero;In marcia / fermata / arresto;Conducente;M;Illeso;0;;Non accertato;Inesploso
4651764;1;12/11/2019 10:20:00;Strada Urbana;VIA BARBERINI;in corrispondenza;;del civico n.;93;;Veicolo in marcia contro veicoli in sosta;Rettilineo;Una carreggiata a senso unico di marcia;Bagnato (pioggia);In cubetti di porfido;Verticale ed orizzontale;Nuvoloso;Normale;Buona;Ore Diurne;1;0;0;0;12.4923;41.9049;-1;;;;Pedone;M;Rifiuta cure immediate;0;NON DECEDUTO;;
4651764;1;12/11/2019 10:20:00;Strada Urbana;VIA BARBERINI;in corrispondenza;;del civico n.;93;;Veicolo in marcia contro veicoli in sosta;Rettilineo;Una carreggiata a senso unico di marcia;Bagnato (pioggia);In cubetti di porfido;Verticale ed orizzontale;Nuvoloso;Normale;Buona;Ore Diurne;1;0;0;0;12.4923;41.9049;-1;1;Autovettura pubblica;Sosta;;;;;;;
4651764;1;12/11/2019 10:20:00;Strada Urbana;VIA BARBERINI;in corrispondenza;;del civico n.;93;;Veicolo in marcia contro veicoli in sosta;Rettilineo;Una carreggiata a senso unico di marcia;Bagnato (pioggia);In cubetti di porfido;Verticale ed orizzontale;Nuvoloso;Normale;Buona;Ore Diurne;1;0;0;0;12.4923;41.9049;-1;2;Motociclo a solo;Sosta;;;;;;;
4651764;1;12/11/2019 10:20:00;Strada Urbana;VIA BARBERINI;in corrispondenza;;del civico n.;93;;Veicolo in marcia contro veicoli in sosta;Rettilineo;Una carreggiata a senso unico di marcia;Bagnato (pioggia);In cubetti di porfido;Verticale ed orizzontale;Nuvoloso;Normale;Buona;Ore Diurne;1;0;0;0;12.4923;41.9049;-1;3;Motociclo a solo;Sosta;;;;;;;
4651764;1;12/11/2019 10:20:00;Strada Urbana;VIA BARBERINI;in corrispondenza;;del civico n.;93;;Veicolo in marcia contro veicoli in sosta;Rettilineo;Una carreggiata a senso unico di marcia;Bagnato (pioggia);In cubetti di porfido;Verticale ed orizzontale;Nuvoloso;Normale;Buona;Ore Diurne;1;0;0;0;12.4923;41.9049;-1;4;Motociclo a solo;Sosta;;;;;;;
4651764;1;12/11/2019 10:20:00;Strada Urbana;VIA BARBERINI;in corrispondenza;;del civico n.;93;;Veicolo in marcia contro veicoli in sosta;Rettilineo;Una carreggiata a senso unico di marcia;Bagnato (pioggia);In cubetti di porfido;Verticale ed orizzontale;Nuvoloso;Normale;Buona;Ore Diurne;1;0;0;0;12.4923;41.9049;-1;5;Velocipede;Sosta;;;;;;;
4651785;6;12/11/2019 13:10:00;Strada Urbana;VIA TOR DE' SCHIAVI;all'intersezione con;LARGO DELLA PRIMAVERA;LARGO DELLA PRIMAVERA;;;Scontro frontale/laterale DX fra veicoli in marcia;Incrocio;Due carreggiate;Bagnato (pioggia);Asfaltata;Verticale ed orizzontale;Nuvoloso;Normale;Buona;Ore Diurne;0;0;0;2;12.5614;41.8878;-1;1;Autovettura privata;In marcia / fermata / arresto;Conducente;F;Illeso;0;;Non accertato;Inesploso
4651785;6;12/11/2019 13:10:00;Strada Urbana;VIA TOR DE' SCHIAVI;all'intersezione con;LARGO DELLA PRIMAVERA;LARGO DELLA PRIMAVERA;;;Scontro frontale/laterale DX fra veicoli in marcia;Incrocio;Due carreggiate;Bagnato (pioggia);Asfaltata;Verticale ed orizzontale;Nuvoloso;Normale;Buona;Ore Diurne;0;0;0;2;12.5614;41.8878;-1;2;Autovettura privata;In marcia / fermata / arresto;Conducente;M;Illeso;0;;Non accertato;Inesploso