Protocollo;Gruppo;DataOraIncidente;Localizzazione1;STRADA1;Localizzazione2;STRADA2;Strada02;Chilometrica;DaSpecificare;NaturaIncidente;particolaritastrade;TipoStrada;FondoStradale;Pavimentazione;Segnaletica;CondizioneAtmosferica;Traffico;Visibilita;Illuminazione;NUM_FERITI;NUM_RISERVATA;NUM_MORTI;NUM_ILLESI;Longitudine;Latitudine;Confermato;Progressivo;TipoVeicolo;StatoVeicolo;TipoPersona;Sesso;Tipolesione;Deceduto;DecedutoDopo;CinturaCascoUtilizzato;Airbag;
4652760;7;12/11/2019 12:35:00;Strada Urbana;VIALE ALESSANDRINO;all'intersezione con;VIALE DELLA BELLA VILLA;VIALE DELLA BELLA VILLA;;;Scontro frontale/laterale DX fra veicoli in marcia;Incrocio;Una carreggiata a doppio senso;Bagnato (pioggia);Asfaltata;Orizzontale;Nuvoloso;Normale;Buona;Sufficiente;0;0;0;2;12.5803;41.8727;-1;1;Autocarro inferiore 35 q.;In marcia / fermata / arresto;Conducente;F;Illeso;0;;;
4652760;7;12/11/2019 12:35:00;Strada Urbana;VIALE ALESSANDRINO;all'intersezione con;VIALE DELLA BELLA VILLA;VIALE DELLA BELLA VILLA;;;Scontro frontale/laterale DX fra veicoli in marcia;Incrocio;Una carreggiata a doppio senso;Bagnato (pioggia);Asfaltata;Orizzontale;Nuvoloso;Normale;Buona;Sufficiente;0;0;0;2;12.5803;41.8727;-1;2;Autovettura privata;In marcia / fermata / arresto;Conducente;F;Illeso;0;;;
4652762;20;12/11/2019 18:45:00;Strada Urbana;VIA DEI DUE PONTI;in corrispondenza;;del civico n.;48;;Tamponamento;Rettilineo;Una carreggiata a doppio senso;Bagnato (umidit� in atto);Asfaltata;Orizzontale;Nuvoloso;Normale;Sufficiente;Sufficiente;1;0;0;1;12.4804;41.9589;-1;1;Motociclo a solo;In marcia / fermata / arresto;Conducente;M;Rimandato;0;NON DECEDUTO;Non accertato;
4652762;20;12/11/2019 18:45:00;Strada Urbana;VIA DEI DUE PONTI;in corrispondenza;;del civico n.;48;;Tamponamento;Rettilineo;Una carreggiata a doppio senso;Bagnato (umidit� in atto);Asfaltata;Orizzontale;Nuvoloso;Normale;Sufficiente;Sufficiente;1;0;0;1;12.4804;41.9589;-1;2;Autovettura privata;In marcia / fermata / arresto;Conducente;M;Illeso;0;;;
4652767;15;12/11/2019 16:15:00;Strada Urbana;VIA ARISTIDE FACCIOLI;in prossimit�;;del civico n.;13;;Scontro laterale fra veicoli in marcia;Rettilineo;Una carreggiata a doppio senso;Bagnato (pioggia);Asfaltata;Assente;Nuvoloso;Scarso;Buona;Ore Diurne;0;0;0;2;12.4023;41.8234;-1;1;Autovettura privata;In marcia / fermata / arresto;Conducente;F;Illeso;0;;Non accertato;Inesploso
4652767;15;12/11/2019 16:15:00;Strada Urbana;VIA ARISTIDE FACCIOLI;in prossimit�;;del civico n.;13;;Scontro laterale fra veicoli in marcia;Rettilineo;Una carreggiata a doppio senso;Bagnato (pioggia);Asfaltata;Assente;Nuvoloso;Scarso;Buona;Ore Diurne;0;0;0;2;12.4023;41.8234;-1;2;Autovettura privata;In marcia / fermata / arresto;Conducente;M;Illeso;0;;Non accertato;Inesploso
4652787;13;12/11/2019 07:05:00;Strada Urbana;VIA FABIANO LANDI;all'intersezione con;VIA COSTANTINO BESCHI;VIA COSTANTINO BESCHI;;;Scontro laterale fra veicoli in marcia;Incrocio;Una carreggiata a doppio senso;Asciutto;Asfaltata;Verticale ed orizzontale;Nuvoloso;Normale;Buona;Ore Diurne;1;0;0;1;12.3743;41.7863;-1;1;Autovettura privata;In marcia / fermata / arresto;Conducente;F;Illeso;0;;Non accertato;Inesploso
4652787;13;12/11/2019 07:05:00;Strada Urbana;VIA FABIANO LANDI;all'intersezione con;VIA COSTANTINO BESCHI;VIA COSTANTINO BESCHI;;;Scontro laterale fra veicoli in marcia;Incrocio;Una carreggiata a doppio senso;Asciutto;Asfaltata;Verticale ed orizzontale;Nuvoloso;Normale;Buona;Ore Diurne;1;0;0;1;12.3743;41.7863;-1;2;Motociclo a solo;In marcia / fermata / arresto;Conducente;M;Rimandato;0;NON DECEDUTO;Non accertato;
4652788;15;12/11/2019 14:20:00;Strada Urbana;LARGO DI S. SILVIA;all'intersezione con;VIALE GIUSEPPE SIRTORI;VIALE GIUSEPPE SIRTORI;;;Tamponamento;Incrocio;Due carreggiate;Bagnato (pioggia);Asfaltata;Verticale ed orizzontale;Pioggia in atto;Intenso;Buona;Ore Diurne;0;0;0;2;12.4502;41.8562;-1;1;Autovettura privata;In marcia / fermata / arresto;Conducente;F;Illeso;0;;Non accertato;Inesploso
4652788;15;12/11/2019 14:20:00;Strada Urbana;LARGO DI S. SILVIA;all'intersezione con;VIALE GIUSEPPE SIRTORI;VIALE GIUSEPPE SIRTORI;;;Tamponamento;Incrocio;Due carreggiate;Bagnato (pioggia);Asfaltata;Verticale ed orizzontale;Pioggia in atto;Intenso;Buona;Ore Diurne;0;0;0;2;12.4502;41.8562;-1;2;Autovettura privata;In marcia / fermata / arresto;Conducente;M;Illeso;0;;Non accertato;Inesploso
4652802;4;12/11/2019 10:20:00;Strada Urbana;VIADOTTO ANTONIO SEGNI;da specificare;;;;pross. Via L.Vannucchi;Tamponamento;Curva senza visuale libera;Una carreggiata a senso unico di marcia;Asciutto;Asfaltata;Verticale ed orizzontale;Sereno;Normale;Buona;Ore Diurne;0;0;0;2;12.5277;41.9635;-1;1;Autovettura privata;In marcia / fermata / arresto;Conducente;F;Illeso;0;;Non accertato;Inesploso
4652802;4;12/11/2019 10:20:00;Strada Urbana;VIADOTTO ANTONIO SEGNI;da specificare;;;;pross. Via L.Vannucchi;Tamponamento;Curva senza visuale libera;Una carreggiata a senso unico di marcia;Asciutto;Asfaltata;Verticale ed orizzontale;Sereno;Normale;Buona;Ore Diurne;0;0;0;2;12.5277;41.9635;-1;2;Autovettura privata;In marcia / fermata / arresto;Conducente;M;Illeso;0;;Non accertato;Inesploso
4652808;7;12/11/2019 15:20:00;Strada Urbana;VIA DEI CASTANI;all'intersezione con;VIA DEI GLICINI;VIA DEI GLICINI;;;Scontro frontale/laterale SX fra veicoli in marcia;Incrocio;Una carreggiata a doppio senso;Bagnato (pioggia);Asfaltata;Verticale;Nuvoloso;Normale;Buona;Ore Diurne;0;0;0;2;12.5665;41.8796;-1;1;Autovettura privata;In marcia / fermata / arresto;Conducente;M;Illeso;0;;Non accertato;Inesploso
4652808;7;12/11/2019 15:20:00;Strada Urbana;VIA DEI CASTANI;all'intersezione con;VIA DEI GLICINI;VIA DEI GLICINI;;;Scontro frontale/laterale SX fra veicoli in marcia;Incrocio;Una carreggiata a doppio senso;Bagnato (pioggia);Asfaltata;Verticale;Nuvoloso;Normale;Buona;Ore Diurne;0;0;0;2;12.5665;41.8796;-1;2;Autovettura privata;In marcia / fermata / arresto;Conducente;M;Illeso;0;;Non accertato;Inesploso
4652811;9;12/11/2019 16:05:00;Strada Urbana;VIA ALBA;da specificare;;;;fronte civico 64;Veicolo in marcia contro veicoli in sosta;Curva senza visuale libera;Una carreggiata a senso unico di marcia;Bagnato (pioggia);Asfaltata;Verticale ed orizzontale;Pioggia in atto;Normale;Buona;Ore Diurne;0;0;0;0;12.5205;41.8799;-1;1;Autovettura privata;Allontanatosi;;;;;;;
4652811;9;12/11/2019 16:05:00;Strada Urbana;VIA ALBA;da specificare;;;;fronte civico 64;Veicolo in marcia contro veicoli in sosta;Curva senza visuale libera;Una carreggiata a senso unico di marcia;Bagnato (pioggia);Asfaltata;Verticale ed orizzontale;Pioggia in atto;Normale;Buona;Ore Diurne;0;0;0;0;12.5205;41.8799;-1;2;Autovettura privata;Sosta;;;;;;;
4652811;9;12/11/2019 16:05:00;Strada Urbana;VIA ALBA;da specificare;;;;fronte civico 64;Veicolo in marcia contro veicoli in sosta;Curva senza visuale libera;Una carreggiata a senso unico di marcia;Bagnato (pioggia);Asfaltata;Verticale ed orizzontale;Pioggia in atto;Normale;Buona;Ore Diurne;0;0;0;0;12.5205;41.8799;-1;3;Autovettura privata;Sosta;;;;;;;
4652811;9;12/11/2019 16:05:00;Strada Urbana;VIA ALBA;da specificare;;;;fronte civico 64;Veicolo in marcia contro veicoli in sosta;Curva senza visuale libera;Una carreggiata a senso unico di marcia;Bagnato (pioggia);Asfaltata;Verticale ed orizzontale;Pioggia in atto;Normale;Buona;Ore Diurne;0;0;0;0;12.5205;41.8799;-1;4;Autovettura privata;Sosta;;;;;;;
4652811;9;12/11/2019 16:05:00;Strada Urbana;VIA ALBA;da specificare;;;;fronte civico 64;Veicolo in marcia contro veicoli in sosta;Curva senza visuale libera;Una carreggiata a senso unico di marcia;Bagnato (pioggia);Asfaltata;Verticale ed orizzontale;Pioggia in atto;Normale;Buona;Ore Diurne;0;0;0;0;12.5205;41.8799;-1;5;Autovettura privata;Sosta;;;;;;;
4652811;9;12/11/2019 16:05:00;Strada Urbana;VIA ALBA;da specificare;;;;fronte civico 64;Veicolo in marcia contro veicoli in sosta;Curva senza visuale libera;Una carreggiata a senso unico di marcia;Bagnato (pioggia);Asfaltata;Verticale ed orizzontale;Pioggia in atto;Normale;Buona;Ore Diurne;0;0;0;0;12.5205;41.8799;-1;6;Autovettura privata;Sosta;;;;;;;
4652816;7;11/11/2019 22:30:00;Strada Urbana;VIA PRENESTINA;all'intersezione con;VIA DELLA FORMICA;VIA DELLA FORMICA;;;Veicolo in marcia contro ostacolo accidentale;Incrocio;Due carreggiate;Bagnato (pioggia);Strada pavimentata dissestata;Verticale;Nuvoloso;Normale;Buona;Sufficiente;0;0;0;1;12.5877;41.894;-1;1;Motociclo a solo;In marcia / fermata / arresto;Conducente;M;Illeso;0;;Non accertato;
4652817;1;12/11/2019 20:20:00;Strada Urbana;PIAZZA GIAN LORENZO BERNINI;in corrispondenza;;del civico n.;18;;Veicolo in marcia contro veicolo in sosta;Rettilineo;Una carreggiata a doppio senso;Bagnato (pioggia);Asfaltata;Verticale ed orizzontale;Pioggia in atto;Scarso;Sufficiente;Sufficiente;0;0;0;1;12.4852;41.878;-1;1;Autovettura privata;In marcia / fermata / arresto;Conducente;M;Illeso;0;;Non accertato;Inesploso
4652817;1;12/11/2019 20:20:00;Strada Urbana;PIAZZA GIAN LORENZO BERNINI;in corrispondenza;;del civico n.;18;;Veicolo in marcia contro veicolo in sosta;Rettilineo;Una carreggiata a doppio senso;Bagnato (pioggia);Asfaltata;Verticale ed orizzontale;Pioggia in atto;Scarso;Sufficiente;Sufficiente;0;0;0;1;12.4852;41.878;-1;2;Motociclo a solo;Sosta;;;;;;;
4652821;13;08/11/2019 15:40:00;Strada Urbana;VIA CRISTOFORO COLOMBO;da specificare;;;;alt. hotel shangril� direzione Ostia;Tamponamento;Rettilineo;Una carreggiata a senso unico di marcia;Asciutto;Asfaltata;Assente;Sereno;Intenso;Buona;Ore Diurne;0;0;0;2;12.4536;41.8089;-1;1;Autovettura privata;In marcia / fermata / arresto;Conducente;F;Illeso;0;;Non accertato;Inesploso
4652821;13;08/11/2019 15:40:00;Strada Urbana;VIA CRISTOFORO COLOMBO;da specificare;;;;alt. hotel shangril� direzione Ostia;Tamponamento;Rettilineo;Una carreggiata a senso unico di marcia;Asciutto;Asfaltata;Assente;Sereno;Intenso;Buona;Ore Diurne;0;0;0;2;12.4536;41.8089;-1;2;Autovettura privata;In marcia / fermata / arresto;Conducente;F;Illeso;0;;;
4652851;13;13/11/2019 07:50:00;Strada Urbana;VIA ARDUINO FORGIARINI;all'intersezione con;VIA DANILO STIEPOVICH;VIA DANILO STIEPOVICH;;;Scontro frontale/laterale DX fra veicoli in marcia;Incrocio;Due carreggiate;Bagnato (pioggia);Asfaltata;Verticale;Pioggia in atto;Normale;Buona;Ore Diurne;2;0;0;3;12.2662;41.739;-1;1;Autovettura privata;In marcia / fermata / arresto;Conducente;F;Rimandato;0;NON DECEDUTO;Non accertato;Inesploso
4652851;13;13/11/2019 07:50:00;Strada Urbana;VIA ARDUINO FORGIARINI;all'intersezione con;VIA DANILO STIEPOVICH;VIA DANILO STIEPOVICH;;;Scontro frontale/laterale DX fra veicoli in marcia;Incrocio;Due carreggiate;Bagnato (pioggia);Asfaltata;Verticale;Pioggia in atto;Normale;Buona;Ore Diurne;2;0;0;3;12.2662;41.739;-1;1;Autovettura privata;In marcia / fermata / arresto;Passeggero;M;Rimandato;0;NON DECEDUTO;Non accertato;Inesploso
4652851;13;13/11/2019 07:50:00;Strada Urbana;VIA ARDUINO FORGIARINI;all'intersezione con;VIA DANILO STIEPOVICH;VIA DANILO STIEPOVICH;;;Scontro frontale/laterale DX fra veicoli in marcia;Incrocio;Due carreggiate;Bagnato (pioggia);Asfaltata;Verticale;Pioggia in atto;Normale;Buona;Ore Diurne;2;0;0;3;12.2662;41.739;-1;2;Autovettura privata;In marcia / fermata / arresto;Conducente;M;Illeso;0;;Non accertato;Inesploso
4652851;13;13/11/2019 07:50:00;Strada Urbana;VIA ARDUINO FORGIARINI;all'intersezione con;VIA DANILO STIEPOVICH;VIA DANILO STIEPOVICH;;;Scontro frontale/laterale DX fra veicoli in marcia;Incrocio;Due carreggiate;Bagnato (pioggia);Asfaltata;Verticale;Pioggia in atto;Normale;Buona;Ore Diurne;2;0;0;3;12.2662;41.739;-1;2;Autovettura privata;In marcia / fermata / arresto;Passeggero;M;Illeso;0;;Non accertato;Inesploso
4652851;13;13/11/2019 07:50:00;Strada Urbana;VIA ARDUINO FORGIARINI;all'intersezione con;VIA DANILO STIEPOVICH;VIA DANILO STIEPOVICH;;;Scontro frontale/laterale DX fra veicoli in marcia;Incrocio;Due carreggiate;Bagnato (pioggia);Asfaltata;Verticale;Pioggia in atto;Normale;Buona;Ore Diurne;2;0;0;3;12.2662;41.739;-1;2;Autovettura privata;In marcia / fermata / arresto;Passeggero;M;Illeso;0;;Non accertato;Inesploso
4652860;4;12/11/2019 12:15:00;Strada Urbana;VIA DELLA BUFALOTTA;in prossimit�;;del civico n.;220;;Investimento di pedone;Rettilineo;Una carreggiata a doppio senso;Bagnato (pioggia);Asfaltata;Verticale ed orizzontale;Pioggia in atto;Normale;Buona;Ore Diurne;1;0;0;1;12.5422;41.9509;-1;;;;Pedone;F;Rimandato;0;NON DECEDUTO;;
4652860;4;12/11/2019 12:15:00;Strada Urbana;VIA DELLA BUFALOTTA;in prossimit�;;del civico n.;220;;Investimento di pedone;Rettilineo;Una carreggiata a doppio senso;Bagnato (pioggia);Asfaltata;Verticale ed orizzontale;Pioggia in atto;Normale;Buona;Ore Diurne;1;0;0;1;12.5422;41.9509;-1;1;Autovettura privata;In marcia / fermata / arresto;Conducente;M;Illeso;0;;;
4652866;13;12/11/2019 15:00:00;Strada Urbana;VIA ISOLE DEL CAPO VERDE;in prossimit�;;del civico n.;3;;Tamponamento;Rettilineo;Due carreggiate;Bagnato (pioggia);Asfaltata;Verticale;Pioggia in atto;Intenso;Buona;Sufficiente;0;0;0;2;12.2792;41.7382;-1;1;Autovettura privata;In marcia / fermata / arresto;Conducente;M;Illeso;0;;Non accertato;Inesploso
4652866;13;12/11/2019 15:00:00;Strada Urbana;VIA ISOLE DEL CAPO VERDE;in prossimit�;;del civico n.;3;;Tamponamento;Rettilineo;Due carreggiate;Bagnato (pioggia);Asfaltata;Verticale;Pioggia in atto;Intenso;Buona;Sufficiente;0;0;0;2;12.2792;41.7382;-1;2;Autovettura privata;In marcia / fermata / arresto;Conducente;F;Illeso;0;;Non accertato;Inesploso
4652903;1;12/11/2019 16:00:00;Strada Urbana;LUNGOTEVERE IN AUGUSTA;in prossimit�;;del palo luce n.;1;;Veicolo in marcia contro veicolo fermo;Rettilineo;Una carreggiata a senso unico di marcia;Bagnato (pioggia);Asfaltata;Verticale ed orizzontale;Pioggia in atto;Intenso;Buona;Ore Diurne;0;0;0;2;12.474;41.9088;-1;1;Autovettura di soccorso;In marcia / fermata / arresto;Conducente;M;Illeso;0;;Non accertato;Inesploso
4652903;1;12/11/2019 16:00:00;Strada Urbana;LUNGOTEVERE IN AUGUSTA;in prossimit�;;del palo luce n.;1;;Veicolo in marcia contro veicolo fermo;Rettilineo;Una carreggiata a senso unico di marcia;Bagnato (pioggia);Asfaltata;Verticale ed orizzontale;Pioggia in atto;Intenso;Buona;Ore Diurne;0;0;0;2;12.474;41.9088;-1;2;Autovettura privata;In marcia / fermata / arresto;Conducente;M;Illeso;0;;Non accertato;Inesploso
4652923;16;11/11/2019 17:50:00;Strada Urbana;CIRCONVALLAZIONE GIANICOLENSE;da specificare;;;;altezza Via del Forte Bravetta;Tamponamento;Rettilineo;Una carreggiata a senso unico di marcia;Bagnato (pioggia);Asfaltata;Verticale ed orizzontale;Nuvoloso;Normale;Buona;Sufficiente;0;0;0;3;12.4496;41.8725;-1;1;Autovettura privata;In marcia / fermata / arresto;Conducente;M;Illeso;0;;;
4652923;16;11/11/2019 17:50:00;Strada Urbana;CIRCONVALLAZIONE GIANICOLENSE;da specificare;;;;altezza Via del Forte Bravetta;Tamponamento;Rettilineo;Una carreggiata a senso unico di marcia;Bagnato (pioggia);Asfaltata;Verticale ed orizzontale;Nuvoloso;Normale;Buona;Sufficiente;0;0;0;3;12.4496;41.8725;-1;2;Autovettura privata;In marcia / fermata / arresto;Conducente;M;Illeso;0;;;
4652923;16;11/11/2019 17:50:00;Strada Urbana;CIRCONVALLAZIONE GIANICOLENSE;da specificare;;;;altezza Via del Forte Bravetta;Tamponamento;Rettilineo;Una carreggiata a senso unico di marcia;Bagnato (pioggia);Asfaltata;Verticale ed orizzontale;Nuvoloso;Normale;Buona;Sufficiente;0;0;0;3;12.4496;41.8725;-1;2;Autovettura privata;In marcia / fermata / arresto;Passeggero;F;Illeso;0;;;
4652927;10;13/11/2019 07:05:00;Strada Urbana;VIA DEL PONTE DELLE SETTE MIGLIA;all'intersezione con;VIA EUGENIO FLORIAN;VIA EUGENIO FLORIAN;;;Scontro frontale/laterale SX fra veicoli in marcia;Intersezione stradale segnalata;Una carreggiata a doppio senso;Asciutto;Asfaltata;Verticale ed orizzontale;Nuvoloso;Scarso;Buona;Ore Diurne;1;1;1;0;12.6024;41.841;-1;1;Autovettura privata;In marcia / fermata / arresto;Conducente;M;Deceduto sul posto;-1;;;
4652927;10;13/11/2019 07:05:00;Strada Urbana;VIA DEL PONTE DELLE SETTE MIGLIA;all'intersezione con;VIA EUGENIO FLORIAN;VIA EUGENIO FLORIAN;;;Scontro frontale/laterale SX fra veicoli in marcia;Intersezione stradale segnalata;Una carreggiata a doppio senso;Asciutto;Asfaltata;Verticale ed orizzontale;Nuvoloso;Scarso;Buona;Ore Diurne;1;1;1;0;12.6024;41.841;-1;1;Autovettura privata;In marcia / fermata / arresto;Passeggero;F;Prognosi riservata;0;NON DECEDUTO;Non accertato;Inesploso
4652927;10;13/11/2019 07:05:00;Strada Urbana;VIA DEL PONTE DELLE SETTE MIGLIA;all'intersezione con;VIA EUGENIO FLORIAN;VIA EUGENIO FLORIAN;;;Scontro frontale/laterale SX fra veicoli in marcia;Intersezione stradale segnalata;Una carreggiata a doppio senso;Asciutto;Asfaltata;Verticale ed orizzontale;Nuvoloso;Scarso;Buona;Ore Diurne;1;1;1;0;12.6024;41.841;-1;2;Autovettura privata;In marcia / fermata / arresto;Conducente;M;Rimandato;0;NON DECEDUTO;;
4652942;6;13/11/2019 08:45:00;Statale entro l'abitato;VIA DI TOR PIGNATTARA;all'intersezione semaforizzata con;VIA CASILINA;VIA CASILINA;;;Investimento di pedone;Intersezione semaforizzata;Due carreggiate;Bagnato (pioggia);Asfaltata;Verticale ed orizzontale;Pioggia in atto;Intenso;Buona;Ore Diurne;1;0;0;1;12.5423;41.8801;-1;;;;Pedone;M;Rimandato;0;NON DECEDUTO;;
4652942;6;13/11/2019 08:45:00;Statale entro l'abitato;VIA DI TOR PIGNATTARA;all'intersezione semaforizzata con;VIA CASILINA;VIA CASILINA;;;Investimento di pedone;Intersezione semaforizzata;Due carreggiate;Bagnato (pioggia);Asfaltata;Verticale ed orizzontale;Pioggia in atto;Intenso;Buona;Ore Diurne;1;0;0;1;12.5423;41.8801;-1;1;Autovettura privata;In marcia / fermata / arresto;Conducente;M;Illeso;0;;Non accertato;Inesploso
4652949;4;12/11/2019 20:30:00;Strada Urbana;VIA DEI PRATI FISCALI;in prossimit�;;del civico n.;197;;Investimento di pedone;Rettilineo;Due carreggiate;Bagnato (pioggia);Asfaltata;Verticale ed orizzontale;Nuvoloso;Scarso;Buona;Sufficiente;1;0;0;1;12.5192;41.9461;-1;;;;Pedone;F;Ricoverato;0;NON DECEDUTO;;
4652949;4;12/11/2019 20:30:00;Strada Urbana;VIA DEI PRATI FISCALI;in prossimit�;;del civico n.;197;;Investimento di pedone;Rettilineo;Due carreggiate;Bagnato (pioggia);Asfaltata;Verticale ed orizzontale;Nuvoloso;Scarso;Buona;Sufficiente;1;0;0;1;12.5192;41.9461;-1;1;Motociclo a solo;In marcia / fermata / arresto;Conducente;M;Illeso;0;;;
4652949;4;12/11/2019 20:30:00;Strada Urbana;VIA DEI PRATI FISCALI;in prossimit�;;del civico n.;197;;Investimento di pedone;Rettilineo;Due carreggiate;Bagnato (pioggia);Asfaltata;Verticale ed orizzontale;Nuvoloso;Scarso;Buona;Sufficiente;1;0;0;1;12.5192;41.9461;-1;2;Autovettura privata;Sosta;;;;;;;
4652954;13;12/11/2019 10:00:00;Strada Urbana;VIA DEL FOSSO DI DRAGONCELLO;in prossimit�;;del civico n.;42;;Veicolo in marcia contro ostacolo accidentale;Rettilineo;Una carreggiata a doppio senso;Bagnato (umidit� in atto);Con buche;Assente;Nuvoloso;Normale;Buona;Ore Diurne;0;0;0;1;12.3282;41.7624;0;1;Autovettura privata;In marcia / fermata / arresto;Conducente;M;Illeso;0;;Non accertato;Inesploso
4652967;1;12/11/2019 08:50:00;Strada Urbana;PIAZZA DI PORTA MAGGIORE;in prossimit�;;del civico n.;10;;Tamponamento;Rettilineo;Una carreggiata a senso unico di marcia;Asciutto;Asfaltata;Verticale ed orizzontale;Nuvoloso;Normale;Buona;Ore Diurne;0;0;0;2;12.5146;41.8923;-1;1;Autovettura privata;In marcia / fermata / arresto;Conducente;F;Illeso;0;;Non accertato;Inesploso
4652967;1;12/11/2019 08:50:00;Strada Urbana;PIAZZA DI PORTA MAGGIORE;in prossimit�;;del civico n.;10;;Tamponamento;Rettilineo;Una carreggiata a senso unico di marcia;Asciutto;Asfaltata;Verticale ed orizzontale;Nuvoloso;Normale;Buona;Ore Diurne;0;0;0;2;12.5146;41.8923;-1;2;Autovettura privata;In marcia / fermata / arresto;Conducente;M;Illeso;0;;Non accertato;Inesploso
4652970;7;11/11/2019 22:35:00;Strada Urbana;VIA PRENESTINA;all'intersezione con;VIA DELLA FORMICA;VIA DELLA FORMICA;;;Veicolo in marcia contro ostacolo accidentale;Incrocio;Una carreggiata a doppio senso;Asciutto;Strada pavimentata dissestata;Orizzontale;Nuvoloso;Normale;Buona;Ore Diurne;0;0;0;1;12.5877;41.894;-1;1;Autovettura privata;In marcia / fermata / arresto;Conducente;M;Illeso;0;;Non accertato;Inesploso
4652977;7;12/11/2019 19:50:00;Strada Urbana;VIA PRENESTINA BIS;in corrispondenza;;del civico n.;911/A;;Investimento di pedone;Rettilineo;Una carreggiata a doppio senso;Bagnato (pioggia);Asfaltata;Assente;Nuvoloso;Normale;Sufficiente;Sufficiente;1;0;0;1;12.5947;41.8937;-1;;;;Pedone;F;Rimandato;0;NON DECEDUTO;;
4652977;7;12/11/2019 19:50:00;Strada Urbana;VIA PRENESTINA BIS;in corrispondenza;;del civico n.;911/A;;Investimento di pedone;Rettilineo;Una carreggiata a doppio senso;Bagnato (pioggia);Asfaltata;Assente;Nuvoloso;Normale;Sufficiente;Sufficiente;1;0;0;1;12.5947;41.8937;-1;1;Autovettura privata;In marcia / fermata / arresto;Conducente;F;Illeso;0;;;
4653008;16;11/11/2019 17:30:00;;VIA AURELIA ANTICA;in prossimit�;;del civico n.;219;;Veicolo in marcia contro ostacolo accidentale;;;;;;;;;;0;0;0;2;12.4429;41.8891;0;1;Autovettura privata;In marcia / fermata / arresto;Conducente;M;Illeso;0;;;
4653008;16;11/11/2019 17:30:00;;VIA AURELIA ANTICA;in prossimit�;;del civico n.;219;;Veicolo in marcia contro ostacolo accidentale;;;;;;;;;;0;0;0;2;12.4429;41.8891;0;1;Autovettura privata;In marcia / fermata / arresto;Passeggero;M;Illeso;0;;;
4653021;16;12/11/2019 15:00:00;Strada Urbana;VIA ILDEBRANDO DELLA GIOVANNA;in prossimit�;;del civico n.;193;;Fuoriuscita dalla sede stradale;Curva a visuale libera;Una carreggiata a doppio senso;Bagnato (pioggia);Asfaltata;Orizzontale;Pioggia in atto;Scarso;Buona;Ore Diurne;0;0;0;1;12.3405;41.871;-1;1;Autovettura privata;In marcia / fermata / arresto;Conducente;F;Illeso;0;;Non accertato;Inesploso
4653052;2;12/11/2019 16:30:00;Strada Urbana;VIALE DEL MURO TORTO;da specificare;;;;alt. rampa uscita p.le Brasile dir. Croce Rossa;Scontro laterale fra veicoli in marcia;Rettilineo;Due carreggiate;Bagnato (umidit� in atto);Asfaltata;Verticale ed orizzontale;Nuvoloso;Normale;Buona;Ore Diurne;0;0;0;3;12.4817;41.9107;-1;1;Autovettura privata;In marcia / fermata / arresto;Conducente;M;Illeso;0;;Non accertato;Inesploso
4653052;2;12/11/2019 16:30:00;Strada Urbana;VIALE DEL MURO TORTO;da specificare;;;;alt. rampa uscita p.le Brasile dir. Croce Rossa;Scontro laterale fra veicoli in marcia;Rettilineo;Due carreggiate;Bagnato (umidit� in atto);Asfaltata;Verticale ed orizzontale;Nuvoloso;Normale;Buona;Ore Diurne;0;0;0;3;12.4817;41.9107;-1;1;Autovettura privata;In marcia / fermata / arresto;Passeggero;F;Illeso;0;;Non accertato;Inesploso
4653052;2;12/11/2019 16:30:00;Strada Urbana;VIALE DEL MURO TORTO;da specificare;;;;alt. rampa uscita p.le Brasile dir. Croce Rossa;Scontro laterale fra veicoli in marcia;Rettilineo;Due carreggiate;Bagnato (umidit� in atto);Asfaltata;Verticale ed orizzontale;Nuvoloso;Normale;Buona;Ore Diurne;0;0;0;3;12.4817;41.9107;-1;2;Motociclo a solo;In marcia / fermata / arresto;Conducente;M;Illeso;0;;Non accertato;
4653054;16;12/11/2019 14:45:00;Strada Urbana;VIA S. GIOVANNI EUDES;in prossimit�;;del palo luce n.;11;;Veicolo in marcia contro ostacolo accidentale;Curva senza visuale libera;Una carreggiata a doppio senso;Bagnato (pioggia);Asfaltata;Verticale ed orizzontale;Pioggia in atto;Normale;Sufficiente;Ore Diurne;1;0;0;0;12.4094;41.8745;-1;1;Motociclo a solo;In marcia / fermata / arresto;Conducente;M;Rimandato;0;NON DECEDUTO;Non accertato;
4653057;2;12/11/2019 20:35:00;Strada Urbana;VIA PO;in prossimit�;;del civico n.;33;;Investimento di pedone;Rettilineo;Una carreggiata a doppio senso;Bagnato (pioggia);Asfaltata;Verticale ed orizzontale;Nuvoloso;Normale;Sufficiente;Sufficiente;1;0;0;2;12.4975;41.9163;-1;;;;Pedone;F;Rimandato;0;NON DECEDUTO;;
4653057;2;12/11/2019 20:35:00;Strada Urbana;VIA PO;in prossimit�;;del civico n.;33;;Investimento di pedone;Rettilineo;Una carreggiata a doppio senso;Bagnato (pioggia);Asfaltata;Verticale ed orizzontale;Nuvoloso;Normale;Sufficiente;Sufficiente;1;0;0;2;12.4975;41.9163;-1;1;Motociclo a solo;In marcia / fermata / arresto;Conducente;M;Illeso;0;;;
4653057;2;12/11/2019 20:35:00;Strada Urbana;VIA PO;in prossimit�;;del civico n.;33;;Investimento di pedone;Rettilineo;Una carreggiata a doppio senso;Bagnato (pioggia);Asfaltata;Verticale ed orizzontale;Nuvoloso;Normale;Sufficiente;Sufficiente;1;0;0;2;12.4975;41.9163;-1;2;Autovettura privata;In marcia / fermata / arresto;Conducente;M;Illeso;0;;;