Protocollo;Gruppo;DataOraIncidente;Localizzazione1;STRADA1;Localizzazione2;STRADA2;Strada02;Chilometrica;DaSpecificare;NaturaIncidente;particolaritastrade;TipoStrada;FondoStradale;Pavimentazione;Segnaletica;CondizioneAtmosferica;Traffico;Visibilita;Illuminazione;NUM_FERITI;NUM_RISERVATA;NUM_MORTI;NUM_ILLESI;Longitudine;Latitudine;Confermato;Progressivo;TipoVeicolo;StatoVeicolo;TipoPersona;Sesso;Tipolesione;Deceduto;DecedutoDopo;CinturaCascoUtilizzato;Airbag;
4661559;8;16/11/2019 14:50:00;Strada Urbana;VIA PRENESTINA;in corrispondenza;;del civico n.;1392;;Tamponamento Multiplo;Rettilineo;Una carreggiata a doppio senso;Bagnato (pioggia);Asfaltata;Verticale ed orizzontale;Pioggia in atto;Normale;Buona;Ore Diurne;1;0;0;5;12.6478;41.892;-1;1;Autovettura privata;In marcia / fermata / arresto;Conducente;M;Illeso;0;;Non accertato;Inesploso
4661559;8;16/11/2019 14:50:00;Strada Urbana;VIA PRENESTINA;in corrispondenza;;del civico n.;1392;;Tamponamento Multiplo;Rettilineo;Una carreggiata a doppio senso;Bagnato (pioggia);Asfaltata;Verticale ed orizzontale;Pioggia in atto;Normale;Buona;Ore Diurne;1;0;0;5;12.6478;41.892;-1;2;Autocarro inferiore 35 q.;In marcia / fermata / arresto;Conducente;M;Rifiuta cure immediate;0;NON DECEDUTO;Non accertato;Inesploso
4661559;8;16/11/2019 14:50:00;Strada Urbana;VIA PRENESTINA;in corrispondenza;;del civico n.;1392;;Tamponamento Multiplo;Rettilineo;Una carreggiata a doppio senso;Bagnato (pioggia);Asfaltata;Verticale ed orizzontale;Pioggia in atto;Normale;Buona;Ore Diurne;1;0;0;5;12.6478;41.892;-1;3;Autovettura privata;In marcia / fermata / arresto;Conducente;M;Illeso;0;;Non accertato;Inesploso
4661559;8;16/11/2019 14:50:00;Strada Urbana;VIA PRENESTINA;in corrispondenza;;del civico n.;1392;;Tamponamento Multiplo;Rettilineo;Una carreggiata a doppio senso;Bagnato (pioggia);Asfaltata;Verticale ed orizzontale;Pioggia in atto;Normale;Buona;Ore Diurne;1;0;0;5;12.6478;41.892;-1;4;Autovettura privata;In marcia / fermata / arresto;Conducente;M;Illeso;0;;Non accertato;Inesploso
4661559;8;16/11/2019 14:50:00;Strada Urbana;VIA PRENESTINA;in corrispondenza;;del civico n.;1392;;Tamponamento Multiplo;Rettilineo;Una carreggiata a doppio senso;Bagnato (pioggia);Asfaltata;Verticale ed orizzontale;Pioggia in atto;Normale;Buona;Ore Diurne;1;0;0;5;12.6478;41.892;-1;4;Autovettura privata;In marcia / fermata / arresto;Passeggero;M;Illeso;0;;;Inesploso
4661563;8;16/11/2019 18:40:00;Strada Urbana;VIA ANTONIO CARPENE';all'intersezione con;VIA MICHELE PANTANELLA;VIA MICHELE PANTANELLA;;;Scontro laterale fra veicoli in marcia;Incrocio;Una carreggiata a doppio senso;Bagnato (pioggia);Asfaltata;Verticale;Nuvoloso;Scarso;Buona;Ore Diurne;2;0;0;3;12.6306;41.8481;-1;1;Autovettura privata;In marcia / fermata / arresto;Conducente;M;Illeso;0;;Non accertato;Inesploso
4661563;8;16/11/2019 18:40:00;Strada Urbana;VIA ANTONIO CARPENE';all'intersezione con;VIA MICHELE PANTANELLA;VIA MICHELE PANTANELLA;;;Scontro laterale fra veicoli in marcia;Incrocio;Una carreggiata a doppio senso;Bagnato (pioggia);Asfaltata;Verticale;Nuvoloso;Scarso;Buona;Ore Diurne;2;0;0;3;12.6306;41.8481;-1;2;Autovettura privata;In marcia / fermata / arresto;Conducente;F;Illeso;0;;Non accertato;Inesploso
4661563;8;16/11/2019 18:40:00;Strada Urbana;VIA ANTONIO CARPENE';all'intersezione con;VIA MICHELE PANTANELLA;VIA MICHELE PANTANELLA;;;Scontro laterale fra veicoli in marcia;Incrocio;Una carreggiata a doppio senso;Bagnato (pioggia);Asfaltata;Verticale;Nuvoloso;Scarso;Buona;Ore Diurne;2;0;0;3;12.6306;41.8481;-1;2;Autovettura privata;In marcia / fermata / arresto;Passeggero;F;Illeso;0;;Non accertato;Inesploso
4661563;8;16/11/2019 18:40:00;Strada Urbana;VIA ANTONIO CARPENE';all'intersezione con;VIA MICHELE PANTANELLA;VIA MICHELE PANTANELLA;;;Scontro laterale fra veicoli in marcia;Incrocio;Una carreggiata a doppio senso;Bagnato (pioggia);Asfaltata;Verticale;Nuvoloso;Scarso;Buona;Ore Diurne;2;0;0;3;12.6306;41.8481;-1;2;Autovettura privata;In marcia / fermata / arresto;Passeggero;M;Rifiuta cure immediate;0;NON DECEDUTO;Non accertato;Inesploso
4661565;8;16/11/2019 09:45:00;Strada Urbana;VIA LUIGI RUSSOLO;all'intersezione con;VIA LUCIO FONTANA;VIA LUCIO FONTANA;;;Scontro frontale/laterale DX fra veicoli in marcia;Incrocio;Una carreggiata a senso unico di marcia;Bagnato (pioggia);Asfaltata;Verticale ed orizzontale;Nuvoloso;Normale;Buona;Ore Diurne;2;0;0;4;12.6182;41.9115;-1;1;Autovettura privata;In marcia / fermata / arresto;Conducente;M;Illeso;0;;Non accertato;Inesploso
4661565;8;16/11/2019 09:45:00;Strada Urbana;VIA LUIGI RUSSOLO;all'intersezione con;VIA LUCIO FONTANA;VIA LUCIO FONTANA;;;Scontro frontale/laterale DX fra veicoli in marcia;Incrocio;Una carreggiata a senso unico di marcia;Bagnato (pioggia);Asfaltata;Verticale ed orizzontale;Nuvoloso;Normale;Buona;Ore Diurne;2;0;0;4;12.6182;41.9115;-1;1;Autovettura privata;In marcia / fermata / arresto;Passeggero;F;Illeso;0;;Non accertato;Inesploso
4661565;8;16/11/2019 09:45:00;Strada Urbana;VIA LUIGI RUSSOLO;all'intersezione con;VIA LUCIO FONTANA;VIA LUCIO FONTANA;;;Scontro frontale/laterale DX fra veicoli in marcia;Incrocio;Una carreggiata a senso unico di marcia;Bagnato (pioggia);Asfaltata;Verticale ed orizzontale;Nuvoloso;Normale;Buona;Ore Diurne;2;0;0;4;12.6182;41.9115;-1;1;Autovettura privata;In marcia / fermata / arresto;Passeggero;F;Illeso;0;;Non accertato;Inesploso
4661565;8;16/11/2019 09:45:00;Strada Urbana;VIA LUIGI RUSSOLO;all'intersezione con;VIA LUCIO FONTANA;VIA LUCIO FONTANA;;;Scontro frontale/laterale DX fra veicoli in marcia;Incrocio;Una carreggiata a senso unico di marcia;Bagnato (pioggia);Asfaltata;Verticale ed orizzontale;Nuvoloso;Normale;Buona;Ore Diurne;2;0;0;4;12.6182;41.9115;-1;1;Autovettura privata;In marcia / fermata / arresto;Passeggero;M;Illeso;0;;Non accertato;Inesploso
4661565;8;16/11/2019 09:45:00;Strada Urbana;VIA LUIGI RUSSOLO;all'intersezione con;VIA LUCIO FONTANA;VIA LUCIO FONTANA;;;Scontro frontale/laterale DX fra veicoli in marcia;Incrocio;Una carreggiata a senso unico di marcia;Bagnato (pioggia);Asfaltata;Verticale ed orizzontale;Nuvoloso;Normale;Buona;Ore Diurne;2;0;0;4;12.6182;41.9115;-1;2;Autovettura privata;In marcia / fermata / arresto;Conducente;M;Rifiuta cure immediate;0;NON DECEDUTO;Non accertato;Inesploso
4661565;8;16/11/2019 09:45:00;Strada Urbana;VIA LUIGI RUSSOLO;all'intersezione con;VIA LUCIO FONTANA;VIA LUCIO FONTANA;;;Scontro frontale/laterale DX fra veicoli in marcia;Incrocio;Una carreggiata a senso unico di marcia;Bagnato (pioggia);Asfaltata;Verticale ed orizzontale;Nuvoloso;Normale;Buona;Ore Diurne;2;0;0;4;12.6182;41.9115;-1;2;Autovettura privata;In marcia / fermata / arresto;Passeggero;F;Rimandato;0;NON DECEDUTO;Non accertato;Inesploso
4661567;11;16/11/2019 05:30:00;Strada Urbana;VIALE CRISTOFORO COLOMBO;all'intersezione semaforizzata con;VIA GIOVANNI GENOCCHI;VIA GIOVANNI GENOCCHI;;;Scontro frontale/laterale SX fra veicoli in marcia;Intersezione semaforizzata;Pi� di due carreggiate;Bagnato (pioggia);Asfaltata;Verticale ed orizzontale;Pioggia in atto;Normale;Buona;Sufficiente;1;0;0;1;12.4963;41.8588;-1;1;Autocarro inferiore 35 q.;In marcia / fermata / arresto;Conducente;M;Illeso;0;;Non accertato;
4661567;11;16/11/2019 05:30:00;Strada Urbana;VIALE CRISTOFORO COLOMBO;all'intersezione semaforizzata con;VIA GIOVANNI GENOCCHI;VIA GIOVANNI GENOCCHI;;;Scontro frontale/laterale SX fra veicoli in marcia;Intersezione semaforizzata;Pi� di due carreggiate;Bagnato (pioggia);Asfaltata;Verticale ed orizzontale;Pioggia in atto;Normale;Buona;Sufficiente;1;0;0;1;12.4963;41.8588;-1;2;Autovettura privata;In marcia / fermata / arresto;Conducente;M;Rifiuta cure immediate;0;NON DECEDUTO;Non accertato;
4661578;8;16/11/2019 18:45:00;Strada Urbana;VIA DI PASSO LOMBARDO;da specificare;;;;pross. uscita Torrenova A 1;Veicolo in marcia contro ostacolo accidentale;Rettilineo;Una carreggiata a doppio senso;Asciutto;Con buche;Verticale;Nuvoloso;Normale;Sufficiente;Insufficiente;0;0;0;2;12.6346;41.8358;-1;1;Autovettura privata;In marcia / fermata / arresto;Conducente;M;Illeso;0;;Non accertato;Inesploso
4661578;8;16/11/2019 18:45:00;Strada Urbana;VIA DI PASSO LOMBARDO;da specificare;;;;pross. uscita Torrenova A 1;Veicolo in marcia contro ostacolo accidentale;Rettilineo;Una carreggiata a doppio senso;Asciutto;Con buche;Verticale;Nuvoloso;Normale;Sufficiente;Insufficiente;0;0;0;2;12.6346;41.8358;-1;1;Autovettura privata;In marcia / fermata / arresto;Passeggero;F;Illeso;0;;Non accertato;Inesploso
4661580;15;17/11/2019 11:30:00;Strada Urbana;VIA GUGLIELMO MENGARINI;all'intersezione con;VIA FILIPPO TAJANI;VIA FILIPPO TAJANI;;;Scontro laterale fra veicoli in marcia;Intersezione stradale segnalata;Una carreggiata a senso unico di marcia;Bagnato (pioggia);Asfaltata;Verticale ed orizzontale;Pioggia in atto;Scarso;Buona;Ore Diurne;1;0;0;1;12.4575;41.8623;-1;1;Autovettura privata;In marcia / fermata / arresto;Conducente;F;Rimandato;0;NON DECEDUTO;Non accertato;Inesploso
4661580;15;17/11/2019 11:30:00;Strada Urbana;VIA GUGLIELMO MENGARINI;all'intersezione con;VIA FILIPPO TAJANI;VIA FILIPPO TAJANI;;;Scontro laterale fra veicoli in marcia;Intersezione stradale segnalata;Una carreggiata a senso unico di marcia;Bagnato (pioggia);Asfaltata;Verticale ed orizzontale;Pioggia in atto;Scarso;Buona;Ore Diurne;1;0;0;1;12.4575;41.8623;-1;2;Autovettura privata;In marcia / fermata / arresto;Conducente;M;Illeso;0;;Non accertato;Inesploso
4661581;20;17/11/2019 20:05:00;Statale entro l'abitato;VIA CASSIA;in corrispondenza;;del civico n.;726;;Investimento di pedone;Rettilineo;Una carreggiata a doppio senso;Bagnato (pioggia);Asfaltata;Orizzontale;Pioggia in atto;Normale;Sufficiente;Sufficiente;1;1;0;1;12.4446;41.965;-1;;;;Pedone;M;Prognosi riservata;0;NON DECEDUTO;;
4661581;20;17/11/2019 20:05:00;Statale entro l'abitato;VIA CASSIA;in corrispondenza;;del civico n.;726;;Investimento di pedone;Rettilineo;Una carreggiata a doppio senso;Bagnato (pioggia);Asfaltata;Orizzontale;Pioggia in atto;Normale;Sufficiente;Sufficiente;1;1;0;1;12.4446;41.965;-1;;;;Pedone;F;Ricoverato;0;NON DECEDUTO;;
4661581;20;17/11/2019 20:05:00;Statale entro l'abitato;VIA CASSIA;in corrispondenza;;del civico n.;726;;Investimento di pedone;Rettilineo;Una carreggiata a doppio senso;Bagnato (pioggia);Asfaltata;Orizzontale;Pioggia in atto;Normale;Sufficiente;Sufficiente;1;1;0;1;12.4446;41.965;-1;1;Autovettura privata;In marcia / fermata / arresto;Conducente;M;Illeso;0;;Non accertato;Inesploso
4661582;6;17/11/2019 23:30:00;Strada Urbana;VIA DI SALONE;da specificare;;;;200 mt. dopo campo nomadi dir. Tiburtina;Fuoriuscita dalla sede stradale;Rettilineo;Una carreggiata a doppio senso;Sdrucciolevole (terriccio);Asfaltata;Assente;Nuvoloso;Scarso;Insufficiente;Inesistente;0;0;0;1;12.6341;41.9192;-1;1;Autovettura privata;In marcia / fermata / arresto;Conducente;M;Illeso;0;;;
4661583;8;16/11/2019 19:25:00;Provinciale entro l'abitato;VIA COLLATINA;da specificare;;;;100 m prima del civ. 968;Tamponamento Multiplo;Rettilineo;Una carreggiata a doppio senso;Asciutto;Asfaltata;Orizzontale;Nuvoloso;Intenso;Insufficiente;Insufficiente;2;0;0;4;12.6108;41.9058;-1;1;Autovettura privata;In marcia / fermata / arresto;Conducente;F;Illeso;0;;Non accertato;Inesploso
4661583;8;16/11/2019 19:25:00;Provinciale entro l'abitato;VIA COLLATINA;da specificare;;;;100 m prima del civ. 968;Tamponamento Multiplo;Rettilineo;Una carreggiata a doppio senso;Asciutto;Asfaltata;Orizzontale;Nuvoloso;Intenso;Insufficiente;Insufficiente;2;0;0;4;12.6108;41.9058;-1;1;Autovettura privata;In marcia / fermata / arresto;Passeggero;F;Illeso;0;;Non accertato;Inesploso
4661583;8;16/11/2019 19:25:00;Provinciale entro l'abitato;VIA COLLATINA;da specificare;;;;100 m prima del civ. 968;Tamponamento Multiplo;Rettilineo;Una carreggiata a doppio senso;Asciutto;Asfaltata;Orizzontale;Nuvoloso;Intenso;Insufficiente;Insufficiente;2;0;0;4;12.6108;41.9058;-1;2;Autovettura privata;In marcia / fermata / arresto;Conducente;M;Rimandato;0;NON DECEDUTO;Non accertato;Inesploso
4661583;8;16/11/2019 19:25:00;Provinciale entro l'abitato;VIA COLLATINA;da specificare;;;;100 m prima del civ. 968;Tamponamento Multiplo;Rettilineo;Una carreggiata a doppio senso;Asciutto;Asfaltata;Orizzontale;Nuvoloso;Intenso;Insufficiente;Insufficiente;2;0;0;4;12.6108;41.9058;-1;2;Autovettura privata;In marcia / fermata / arresto;Passeggero;F;Rimandato;0;NON DECEDUTO;Non accertato;Inesploso
4661583;8;16/11/2019 19:25:00;Provinciale entro l'abitato;VIA COLLATINA;da specificare;;;;100 m prima del civ. 968;Tamponamento Multiplo;Rettilineo;Una carreggiata a doppio senso;Asciutto;Asfaltata;Orizzontale;Nuvoloso;Intenso;Insufficiente;Insufficiente;2;0;0;4;12.6108;41.9058;-1;3;Autovettura privata;In marcia / fermata / arresto;Conducente;M;Illeso;0;;Non accertato;Inesploso
4661583;8;16/11/2019 19:25:00;Provinciale entro l'abitato;VIA COLLATINA;da specificare;;;;100 m prima del civ. 968;Tamponamento Multiplo;Rettilineo;Una carreggiata a doppio senso;Asciutto;Asfaltata;Orizzontale;Nuvoloso;Intenso;Insufficiente;Insufficiente;2;0;0;4;12.6108;41.9058;-1;3;Autovettura privata;In marcia / fermata / arresto;Passeggero;F;Illeso;0;;Non accertato;Inesploso
4661588;11;16/11/2019 18:40:00;Strada Urbana;VIA ARDEATINA;in corrispondenza;;del civico n.;822;;Veicolo in marcia contro ostacolo accidentale;Rettilineo;Una carreggiata a doppio senso;Bagnato (pioggia);Con buche;Verticale ed orizzontale;Pioggia in atto;Normale;Insufficiente;Insufficiente;0;0;0;1;12.5323;41.807;-1;1;Autovettura privata;In marcia / fermata / arresto;Conducente;M;Illeso;0;;Non accertato;
4661589;1;15/11/2019 19:00:00;Strada Urbana;VIA VITTORIO VENETO;in prossimit�;;del civico n.;142;;Investimento di pedone;Rettilineo;Una carreggiata a doppio senso;Bagnato (pioggia);Asfaltata;Verticale ed orizzontale;Pioggia in atto;Normale;Buona;Sufficiente;1;0;0;1;12.4886;41.9091;-1;;;;Pedone;F;Rimandato;0;NON DECEDUTO;;
4661589;1;15/11/2019 19:00:00;Strada Urbana;VIA VITTORIO VENETO;in prossimit�;;del civico n.;142;;Investimento di pedone;Rettilineo;Una carreggiata a doppio senso;Bagnato (pioggia);Asfaltata;Verticale ed orizzontale;Pioggia in atto;Normale;Buona;Sufficiente;1;0;0;1;12.4886;41.9091;-1;1;Motociclo a solo;In marcia / fermata / arresto;Conducente;M;Illeso;0;;Non accertato;
4661590;11;16/11/2019 05:45:00;Strada Urbana;VIA OSTIENSE;in corrispondenza;;del civico n.;129;;Scontro frontale/laterale SX fra veicoli in marcia;Curva a visuale libera;Una carreggiata a senso unico di marcia;Bagnato (umidit� in atto);Asfaltata;Verticale;Nuvoloso;Scarso;Buona;Sufficiente;0;0;0;2;12.4795;41.8665;-1;1;Autovettura privata;In marcia / fermata / arresto;Conducente;M;Illeso;0;;Non accertato;
4661590;11;16/11/2019 05:45:00;Strada Urbana;VIA OSTIENSE;in corrispondenza;;del civico n.;129;;Scontro frontale/laterale SX fra veicoli in marcia;Curva a visuale libera;Una carreggiata a senso unico di marcia;Bagnato (umidit� in atto);Asfaltata;Verticale;Nuvoloso;Scarso;Buona;Sufficiente;0;0;0;2;12.4795;41.8665;-1;1;Autovettura privata;In marcia / fermata / arresto;Passeggero;M;Illeso;0;;Non accertato;
4661590;11;16/11/2019 05:45:00;Strada Urbana;VIA OSTIENSE;in corrispondenza;;del civico n.;129;;Scontro frontale/laterale SX fra veicoli in marcia;Curva a visuale libera;Una carreggiata a senso unico di marcia;Bagnato (umidit� in atto);Asfaltata;Verticale;Nuvoloso;Scarso;Buona;Sufficiente;0;0;0;2;12.4795;41.8665;-1;2;Autovettura privata;Allontanatosi;;;;;;;
4661591;7;18/11/2019 05:50:00;Strada Urbana;VIA MASSIMO CAMPIGLI;all'intersezione con;VIALE FRANCO ANGELI;VIALE FRANCO ANGELI;;;Scontro frontale/laterale SX fra veicoli in marcia;Intersezione stradale segnalata;Una carreggiata a doppio senso;Bagnato (pioggia);Asfaltata;Verticale ed orizzontale;Pioggia in atto;Normale;Buona;Sufficiente;1;0;0;1;12.5807;41.8973;-1;1;Autovettura privata;In marcia / fermata / arresto;Conducente;M;Illeso;0;;Non accertato;Inesploso
4661591;7;18/11/2019 05:50:00;Strada Urbana;VIA MASSIMO CAMPIGLI;all'intersezione con;VIALE FRANCO ANGELI;VIALE FRANCO ANGELI;;;Scontro frontale/laterale SX fra veicoli in marcia;Intersezione stradale segnalata;Una carreggiata a doppio senso;Bagnato (pioggia);Asfaltata;Verticale ed orizzontale;Pioggia in atto;Normale;Buona;Sufficiente;1;0;0;1;12.5807;41.8973;-1;2;Autovettura privata;In marcia / fermata / arresto;Conducente;M;Rimandato;0;NON DECEDUTO;Non accertato;Inesploso
4661597;8;17/11/2019 12:00:00;Strada Urbana;VIA CASILINA;all'intersezione con;VIA DEL TORRACCIO DI TORRENOVA;VIA DEL TORRACCIO DI TORRENOVA;;;Scontro laterale fra veicoli in marcia;Rotatoria;Una carreggiata a senso unico di marcia;Bagnato (pioggia);Asfaltata;Verticale ed orizzontale;Pioggia in atto;Normale;Sufficiente;Ore Diurne;0;0;0;2;12.6199;41.8628;-1;1;Autocarro inferiore 35 q.;In marcia / fermata / arresto;Conducente;M;Illeso;0;;Non accertato;Inesploso
4661597;8;17/11/2019 12:00:00;Strada Urbana;VIA CASILINA;all'intersezione con;VIA DEL TORRACCIO DI TORRENOVA;VIA DEL TORRACCIO DI TORRENOVA;;;Scontro laterale fra veicoli in marcia;Rotatoria;Una carreggiata a senso unico di marcia;Bagnato (pioggia);Asfaltata;Verticale ed orizzontale;Pioggia in atto;Normale;Sufficiente;Ore Diurne;0;0;0;2;12.6199;41.8628;-1;2;Autovettura privata;In marcia / fermata / arresto;Conducente;M;Illeso;0;;Non accertato;Inesploso
4661601;20;17/11/2019 19:10:00;Provinciale entro l'abitato;VIA BRACCIANENSE;in corrispondenza;;della chilometrica;10.7;;Veicolo in marcia contro ostacolo accidentale;Rettilineo;Una carreggiata a doppio senso;Bagnato (pioggia);Asfaltata;Orizzontale;Pioggia in atto;Scarso;Insufficiente;Inesistente;0;0;0;1;12.3653;42.0132;-1;1;Autovettura privata;In marcia / fermata / arresto;Conducente;F;Illeso;0;;Non accertato;
4661602;8;17/11/2019 03:35:00;Strada Urbana;VIA APPIA NUOVA;da specificare;;;;sottovia alt. Aeroporto Ciampino dir. Roma;Scontro laterale fra veicoli in marcia;Galleria illuminata;Due carreggiate;Bagnato (umidit� in atto);Asfaltata;Orizzontale;Nuvoloso;Scarso;Sufficiente;Sufficiente;3;0;0;2;12.5599;41.8262;-1;1;Autovettura privata;In marcia / fermata / arresto;Conducente;M;Rifiuta cure immediate;0;NON DECEDUTO;Non accertato;Inesploso
4661602;8;17/11/2019 03:35:00;Strada Urbana;VIA APPIA NUOVA;da specificare;;;;sottovia alt. Aeroporto Ciampino dir. Roma;Scontro laterale fra veicoli in marcia;Galleria illuminata;Due carreggiate;Bagnato (umidit� in atto);Asfaltata;Orizzontale;Nuvoloso;Scarso;Sufficiente;Sufficiente;3;0;0;2;12.5599;41.8262;-1;1;Autovettura privata;In marcia / fermata / arresto;Passeggero;M;Illeso;0;;Non accertato;Inesploso
4661602;8;17/11/2019 03:35:00;Strada Urbana;VIA APPIA NUOVA;da specificare;;;;sottovia alt. Aeroporto Ciampino dir. Roma;Scontro laterale fra veicoli in marcia;Galleria illuminata;Due carreggiate;Bagnato (umidit� in atto);Asfaltata;Orizzontale;Nuvoloso;Scarso;Sufficiente;Sufficiente;3;0;0;2;12.5599;41.8262;-1;1;Autovettura privata;In marcia / fermata / arresto;Passeggero;F;Illeso;0;;Non accertato;Inesploso
4661602;8;17/11/2019 03:35:00;Strada Urbana;VIA APPIA NUOVA;da specificare;;;;sottovia alt. Aeroporto Ciampino dir. Roma;Scontro laterale fra veicoli in marcia;Galleria illuminata;Due carreggiate;Bagnato (umidit� in atto);Asfaltata;Orizzontale;Nuvoloso;Scarso;Sufficiente;Sufficiente;3;0;0;2;12.5599;41.8262;-1;2;Autovettura privata;In marcia / fermata / arresto;Conducente;F;Rimandato;0;NON DECEDUTO;Non accertato;Inesploso
4661602;8;17/11/2019 03:35:00;Strada Urbana;VIA APPIA NUOVA;da specificare;;;;sottovia alt. Aeroporto Ciampino dir. Roma;Scontro laterale fra veicoli in marcia;Galleria illuminata;Due carreggiate;Bagnato (umidit� in atto);Asfaltata;Orizzontale;Nuvoloso;Scarso;Sufficiente;Sufficiente;3;0;0;2;12.5599;41.8262;-1;3;Autovettura privata;In marcia / fermata / arresto;Conducente;M;Rimandato;0;NON DECEDUTO;Non accertato;Inesploso
4661613;11;17/11/2019 04:25:00;Strada Urbana;VIA DELLE SETTE CHIESE;all'intersezione con;VIA ARDEATINA;VIA ARDEATINA;;;Scontro frontale/laterale SX fra veicoli in marcia;Intersezione stradale segnalata;Una carreggiata a doppio senso;Bagnato (pioggia);Asfaltata;Verticale ed orizzontale;Sereno;Scarso;Buona;Sufficiente;0;0;0;2;12.5089;41.8581;-1;1;Autovettura privata;In marcia / fermata / arresto;Conducente;F;Illeso;0;;Non accertato;
4661613;11;17/11/2019 04:25:00;Strada Urbana;VIA DELLE SETTE CHIESE;all'intersezione con;VIA ARDEATINA;VIA ARDEATINA;;;Scontro frontale/laterale SX fra veicoli in marcia;Intersezione stradale segnalata;Una carreggiata a doppio senso;Bagnato (pioggia);Asfaltata;Verticale ed orizzontale;Sereno;Scarso;Buona;Sufficiente;0;0;0;2;12.5089;41.8581;-1;2;Autovettura privata;In marcia / fermata / arresto;Conducente;M;Illeso;0;;Non accertato;
4661615;8;17/11/2019 00:05:00;Altra strada;VIA DEL CASALE SBARDELLA;in prossimit�;;del civico n.;163;;Veicolo in marcia contro ostacolo accidentale;Rettilineo;Una carreggiata a doppio senso;Bagnato (umidit� in atto);Con buche;Temporanea di cantiere;Nuvoloso;Scarso;Sufficiente;Sufficiente;0;0;0;1;;;0;1;Autovettura privata;In marcia / fermata / arresto;Conducente;M;Illeso;0;;Non accertato;Inesploso
4661619;8;17/11/2019 11:00:00;Strada Urbana;VIA COMISO;in prossimit�;;del civico n.;5;;Veicolo in marcia contro veicolo in sosta;Rettilineo;Una carreggiata a doppio senso;Bagnato (pioggia);Asfaltata;Verticale ed orizzontale;Nuvoloso;Scarso;Sufficiente;Ore Diurne;0;0;0;4;12.6679;41.8617;0;1;Autovettura privata;Sosta;;;;;;;
4661619;8;17/11/2019 11:00:00;Strada Urbana;VIA COMISO;in prossimit�;;del civico n.;5;;Veicolo in marcia contro veicolo in sosta;Rettilineo;Una carreggiata a doppio senso;Bagnato (pioggia);Asfaltata;Verticale ed orizzontale;Nuvoloso;Scarso;Sufficiente;Ore Diurne;0;0;0;4;12.6679;41.8617;0;2;Autovettura privata;In marcia / fermata / arresto;Conducente;M;Illeso;0;;;
4661619;8;17/11/2019 11:00:00;Strada Urbana;VIA COMISO;in prossimit�;;del civico n.;5;;Veicolo in marcia contro veicolo in sosta;Rettilineo;Una carreggiata a doppio senso;Bagnato (pioggia);Asfaltata;Verticale ed orizzontale;Nuvoloso;Scarso;Sufficiente;Ore Diurne;0;0;0;4;12.6679;41.8617;0;2;Autovettura privata;In marcia / fermata / arresto;Passeggero;M;Illeso;0;;;
4661619;8;17/11/2019 11:00:00;Strada Urbana;VIA COMISO;in prossimit�;;del civico n.;5;;Veicolo in marcia contro veicolo in sosta;Rettilineo;Una carreggiata a doppio senso;Bagnato (pioggia);Asfaltata;Verticale ed orizzontale;Nuvoloso;Scarso;Sufficiente;Ore Diurne;0;0;0;4;12.6679;41.8617;0;2;Autovettura privata;In marcia / fermata / arresto;Passeggero;M;Illeso;0;;;
4661624;7;18/11/2019 01:15:00;Strada Urbana;VIA PRENESTINA;all'intersezione con;VIALE GIOVANNI BATTISTA VALENTE;VIALE GIOVANNI BATTISTA VALENTE;;;Scontro frontale/laterale DX fra veicoli in marcia;Intersezione semaforizzata;Una carreggiata a senso unico di marcia;Bagnato (pioggia);Asfaltata;Verticale ed orizzontale;Sereno;Scarso;Sufficiente;Sufficiente;0;0;0;2;12.6155;41.8933;-1;1;Autovettura privata;In marcia / fermata / arresto;Conducente;M;Illeso;0;;Non accertato;Inesploso
4661624;7;18/11/2019 01:15:00;Strada Urbana;VIA PRENESTINA;all'intersezione con;VIALE GIOVANNI BATTISTA VALENTE;VIALE GIOVANNI BATTISTA VALENTE;;;Scontro frontale/laterale DX fra veicoli in marcia;Intersezione semaforizzata;Una carreggiata a senso unico di marcia;Bagnato (pioggia);Asfaltata;Verticale ed orizzontale;Sereno;Scarso;Sufficiente;Sufficiente;0;0;0;2;12.6155;41.8933;-1;2;Autovettura privata;In marcia / fermata / arresto;Conducente;M;Illeso;0;;Non accertato;Inesploso
4661626;11;17/11/2019 11:40:00;Strada Urbana;VIA SALVATORE PINCHERLE;in prossimit�;;del civico n.;181;;Scontro laterale fra veicoli in marcia;Rettilineo;Una carreggiata a doppio senso;Bagnato (pioggia);Asfaltata;Orizzontale;Nuvoloso;Scarso;Buona;Ore Diurne;0;0;0;3;12.4677;41.8531;-1;1;Autovettura privata;In marcia / fermata / arresto;Conducente;F;Illeso;0;;Non accertato;
4661626;11;17/11/2019 11:40:00;Strada Urbana;VIA SALVATORE PINCHERLE;in prossimit�;;del civico n.;181;;Scontro laterale fra veicoli in marcia;Rettilineo;Una carreggiata a doppio senso;Bagnato (pioggia);Asfaltata;Orizzontale;Nuvoloso;Scarso;Buona;Ore Diurne;0;0;0;3;12.4677;41.8531;-1;2;Autovettura privata;In marcia / fermata / arresto;Conducente;M;Illeso;0;;Non accertato;