Protocollo;Gruppo;DataOraIncidente;Localizzazione1;STRADA1;Localizzazione2;STRADA2;Strada02;Chilometrica;DaSpecificare;NaturaIncidente;particolaritastrade;TipoStrada;FondoStradale;Pavimentazione;Segnaletica;CondizioneAtmosferica;Traffico;Visibilita;Illuminazione;NUM_FERITI;NUM_RISERVATA;NUM_MORTI;NUM_ILLESI;Longitudine;Latitudine;Confermato;Progressivo;TipoVeicolo;StatoVeicolo;TipoPersona;Sesso;Tipolesione;Deceduto;DecedutoDopo;CinturaCascoUtilizzato;Airbag;
4662137;19;16/11/2019 19:25:00;Strada Urbana;VIALE DELLE MEDAGLIE D'ORO;da specificare;;;;altezza Rampa Prudenzio;Investimento di pedone;Rettilineo;Una carreggiata a doppio senso;Bagnato (pioggia);Asfaltata;Verticale ed orizzontale;Pioggia in atto;Normale;Buona;Sufficiente;1;0;0;0;12.4426;41.9193;-1;1;Motociclo a solo;Allontanatosi;;;;;;;
4662143;13;17/11/2019 14:10:00;Strada Urbana;VIA DEL MARE;da specificare;;;;prossimit� via delle Gondole;Tamponamento Multiplo;Rettilineo;Una carreggiata a senso unico di marcia;Bagnato (pioggia);Asfaltata;Orizzontale;Nuvoloso;Normale;Buona;Ore Diurne;0;0;0;6;12.2799;41.7345;-1;1;Autovettura privata;In marcia / fermata / arresto;Conducente;M;Illeso;0;;Non accertato;Inesistente
4662143;13;17/11/2019 14:10:00;Strada Urbana;VIA DEL MARE;da specificare;;;;prossimit� via delle Gondole;Tamponamento Multiplo;Rettilineo;Una carreggiata a senso unico di marcia;Bagnato (pioggia);Asfaltata;Orizzontale;Nuvoloso;Normale;Buona;Ore Diurne;0;0;0;6;12.2799;41.7345;-1;2;Autovettura privata;In marcia / fermata / arresto;Conducente;M;Illeso;0;;Non accertato;Inesploso
4662143;13;17/11/2019 14:10:00;Strada Urbana;VIA DEL MARE;da specificare;;;;prossimit� via delle Gondole;Tamponamento Multiplo;Rettilineo;Una carreggiata a senso unico di marcia;Bagnato (pioggia);Asfaltata;Orizzontale;Nuvoloso;Normale;Buona;Ore Diurne;0;0;0;6;12.2799;41.7345;-1;3;Autovettura privata;In marcia / fermata / arresto;Conducente;M;Illeso;0;;Non accertato;Inesploso
4662143;13;17/11/2019 14:10:00;Strada Urbana;VIA DEL MARE;da specificare;;;;prossimit� via delle Gondole;Tamponamento Multiplo;Rettilineo;Una carreggiata a senso unico di marcia;Bagnato (pioggia);Asfaltata;Orizzontale;Nuvoloso;Normale;Buona;Ore Diurne;0;0;0;6;12.2799;41.7345;-1;3;Autovettura privata;In marcia / fermata / arresto;Passeggero;F;Illeso;0;;Non accertato;Inesploso
4662143;13;17/11/2019 14:10:00;Strada Urbana;VIA DEL MARE;da specificare;;;;prossimit� via delle Gondole;Tamponamento Multiplo;Rettilineo;Una carreggiata a senso unico di marcia;Bagnato (pioggia);Asfaltata;Orizzontale;Nuvoloso;Normale;Buona;Ore Diurne;0;0;0;6;12.2799;41.7345;-1;3;Autovettura privata;In marcia / fermata / arresto;Passeggero;M;Illeso;0;;Non accertato;Inesploso
4662143;13;17/11/2019 14:10:00;Strada Urbana;VIA DEL MARE;da specificare;;;;prossimit� via delle Gondole;Tamponamento Multiplo;Rettilineo;Una carreggiata a senso unico di marcia;Bagnato (pioggia);Asfaltata;Orizzontale;Nuvoloso;Normale;Buona;Ore Diurne;0;0;0;6;12.2799;41.7345;-1;3;Autovettura privata;In marcia / fermata / arresto;Passeggero;F;Illeso;0;;Non accertato;Inesploso
4662148;5;16/11/2019 18:36:00;Strada Urbana;VIA TIBURTINA;in prossimit�;;del civico n.;357;;Investimento di pedone;Rettilineo;Pi� di due carreggiate;Bagnato (pioggia);Asfaltata;Verticale ed orizzontale;Pioggia in atto;Normale;Sufficiente;Sufficiente;0;1;0;1;12.5356;41.9084;-1;;;;Pedone;F;Prognosi riservata;0;NON DECEDUTO;;
4662148;5;16/11/2019 18:36:00;Strada Urbana;VIA TIBURTINA;in prossimit�;;del civico n.;357;;Investimento di pedone;Rettilineo;Pi� di due carreggiate;Bagnato (pioggia);Asfaltata;Verticale ed orizzontale;Pioggia in atto;Normale;Sufficiente;Sufficiente;0;1;0;1;12.5356;41.9084;-1;1;Ciclomotore;In marcia / fermata / arresto;Conducente;M;Illeso;0;;Non accertato;
4662153;16;16/11/2019 03:00:00;Strada Urbana;CIRCONVALLAZIONE GIANICOLENSE;in prossimit�;;del civico n.;10;;Veicolo in marcia contro ostacolo fisso;Rettilineo;Una carreggiata a senso unico di marcia;Bagnato (pioggia);Asfaltata;Verticale;Nuvoloso;Scarso;Buona;Sufficiente;0;0;0;1;12.4659;41.8738;-1;1;Autovettura privata;In marcia / fermata / arresto;Conducente;M;Illeso;0;;Non accertato;
4662205;17;17/11/2019 04:45:00;Strada Urbana;LUNGOTEVERE DELLA VITTORIA;in prossimit�;;del civico n.;11;;Veicolo in marcia contro veicoli in sosta;Rettilineo;Una carreggiata a senso unico di marcia;Bagnato (pioggia);Asfaltata;Verticale ed orizzontale;Nuvoloso;Scarso;Sufficiente;Sufficiente;0;0;0;2;12.4636;41.9218;-1;1;Autovettura privata;Sosta;;;;;;;
4662205;17;17/11/2019 04:45:00;Strada Urbana;LUNGOTEVERE DELLA VITTORIA;in prossimit�;;del civico n.;11;;Veicolo in marcia contro veicoli in sosta;Rettilineo;Una carreggiata a senso unico di marcia;Bagnato (pioggia);Asfaltata;Verticale ed orizzontale;Nuvoloso;Scarso;Sufficiente;Sufficiente;0;0;0;2;12.4636;41.9218;-1;2;Autovettura privata;Sosta;;;;;;;
4662205;17;17/11/2019 04:45:00;Strada Urbana;LUNGOTEVERE DELLA VITTORIA;in prossimit�;;del civico n.;11;;Veicolo in marcia contro veicoli in sosta;Rettilineo;Una carreggiata a senso unico di marcia;Bagnato (pioggia);Asfaltata;Verticale ed orizzontale;Nuvoloso;Scarso;Sufficiente;Sufficiente;0;0;0;2;12.4636;41.9218;-1;3;Autovettura privata;Sosta;;;;;;;
4662205;17;17/11/2019 04:45:00;Strada Urbana;LUNGOTEVERE DELLA VITTORIA;in prossimit�;;del civico n.;11;;Veicolo in marcia contro veicoli in sosta;Rettilineo;Una carreggiata a senso unico di marcia;Bagnato (pioggia);Asfaltata;Verticale ed orizzontale;Nuvoloso;Scarso;Sufficiente;Sufficiente;0;0;0;2;12.4636;41.9218;-1;4;Autovettura privata;In marcia / fermata / arresto;Conducente;F;Illeso;0;;;
4662205;17;17/11/2019 04:45:00;Strada Urbana;LUNGOTEVERE DELLA VITTORIA;in prossimit�;;del civico n.;11;;Veicolo in marcia contro veicoli in sosta;Rettilineo;Una carreggiata a senso unico di marcia;Bagnato (pioggia);Asfaltata;Verticale ed orizzontale;Nuvoloso;Scarso;Sufficiente;Sufficiente;0;0;0;2;12.4636;41.9218;-1;4;Autovettura privata;In marcia / fermata / arresto;Passeggero;F;Illeso;0;;;
4662229;12;17/11/2019 09:15:00;Strada Urbana;VIA LAURENTINA;all'intersezione semaforizzata con;VIA DEGLI ARTIFICIERI;VIA DEGLI ARTIFICIERI;;;Scontro frontale/laterale DX fra veicoli in marcia;Intersezione semaforizzata;Pi� di due carreggiate;Bagnato (pioggia);Asfaltata;Verticale ed orizzontale;Nuvoloso;Normale;Buona;Ore Diurne;3;0;0;1;12.4805;41.8219;-1;1;Autoambulanza;In marcia / fermata / arresto;Conducente;M;Rimandato;0;NON DECEDUTO;;
4662229;12;17/11/2019 09:15:00;Strada Urbana;VIA LAURENTINA;all'intersezione semaforizzata con;VIA DEGLI ARTIFICIERI;VIA DEGLI ARTIFICIERI;;;Scontro frontale/laterale DX fra veicoli in marcia;Intersezione semaforizzata;Pi� di due carreggiate;Bagnato (pioggia);Asfaltata;Verticale ed orizzontale;Nuvoloso;Normale;Buona;Ore Diurne;3;0;0;1;12.4805;41.8219;-1;1;Autoambulanza;In marcia / fermata / arresto;Passeggero;F;Rimandato;0;NON DECEDUTO;Non accertato;
4662229;12;17/11/2019 09:15:00;Strada Urbana;VIA LAURENTINA;all'intersezione semaforizzata con;VIA DEGLI ARTIFICIERI;VIA DEGLI ARTIFICIERI;;;Scontro frontale/laterale DX fra veicoli in marcia;Intersezione semaforizzata;Pi� di due carreggiate;Bagnato (pioggia);Asfaltata;Verticale ed orizzontale;Nuvoloso;Normale;Buona;Ore Diurne;3;0;0;1;12.4805;41.8219;-1;1;Autoambulanza;In marcia / fermata / arresto;Passeggero;M;Rimandato;0;NON DECEDUTO;;
4662229;12;17/11/2019 09:15:00;Strada Urbana;VIA LAURENTINA;all'intersezione semaforizzata con;VIA DEGLI ARTIFICIERI;VIA DEGLI ARTIFICIERI;;;Scontro frontale/laterale DX fra veicoli in marcia;Intersezione semaforizzata;Pi� di due carreggiate;Bagnato (pioggia);Asfaltata;Verticale ed orizzontale;Nuvoloso;Normale;Buona;Ore Diurne;3;0;0;1;12.4805;41.8219;-1;2;Autovettura privata;In marcia / fermata / arresto;Conducente;M;Illeso;0;;;
4662229;12;17/11/2019 09:15:00;Strada Urbana;VIA LAURENTINA;all'intersezione semaforizzata con;VIA DEGLI ARTIFICIERI;VIA DEGLI ARTIFICIERI;;;Scontro frontale/laterale DX fra veicoli in marcia;Intersezione semaforizzata;Pi� di due carreggiate;Bagnato (pioggia);Asfaltata;Verticale ed orizzontale;Nuvoloso;Normale;Buona;Ore Diurne;3;0;0;1;12.4805;41.8219;-1;3;Autovettura privata;Sosta;;;;;;;
4662229;12;17/11/2019 09:15:00;Strada Urbana;VIA LAURENTINA;all'intersezione semaforizzata con;VIA DEGLI ARTIFICIERI;VIA DEGLI ARTIFICIERI;;;Scontro frontale/laterale DX fra veicoli in marcia;Intersezione semaforizzata;Pi� di due carreggiate;Bagnato (pioggia);Asfaltata;Verticale ed orizzontale;Nuvoloso;Normale;Buona;Ore Diurne;3;0;0;1;12.4805;41.8219;-1;4;Autovettura privata;Sosta;;;;;;;
4662229;12;17/11/2019 09:15:00;Strada Urbana;VIA LAURENTINA;all'intersezione semaforizzata con;VIA DEGLI ARTIFICIERI;VIA DEGLI ARTIFICIERI;;;Scontro frontale/laterale DX fra veicoli in marcia;Intersezione semaforizzata;Pi� di due carreggiate;Bagnato (pioggia);Asfaltata;Verticale ed orizzontale;Nuvoloso;Normale;Buona;Ore Diurne;3;0;0;1;12.4805;41.8219;-1;5;Autovettura privata;Sosta;;;;;;;
4662230;13;18/11/2019;;VIA SENOFANE;in corrispondenza;;del civico n.;86;;Veicolo in marcia contro ostacolo fisso;;;;;;;;;;0;0;0;2;;;0;1;Autovettura privata;In marcia / fermata / arresto;Conducente;M;Illeso;0;;Non accertato;
4662230;13;18/11/2019;;VIA SENOFANE;in corrispondenza;;del civico n.;86;;Veicolo in marcia contro ostacolo fisso;;;;;;;;;;0;0;0;2;;;0;1;Autovettura privata;In marcia / fermata / arresto;Passeggero;M;Illeso;0;;Non accertato;
4662231;13;18/11/2019 07:55:00;Strada Urbana;VIA DI SAPONARA;in prossimit�;;del civico n.;170;;Scontro laterale fra veicoli in marcia;Rettilineo;Una carreggiata a doppio senso;Bagnato (umidit� in atto);Asfaltata;Assente;Nuvoloso;Normale;Buona;Ore Diurne;2;0;0;1;12.3579;41.779;-1;1;Autovettura privata;In marcia / fermata / arresto;Conducente;F;Illeso;0;;Non accertato;
4662231;13;18/11/2019 07:55:00;Strada Urbana;VIA DI SAPONARA;in prossimit�;;del civico n.;170;;Scontro laterale fra veicoli in marcia;Rettilineo;Una carreggiata a doppio senso;Bagnato (umidit� in atto);Asfaltata;Assente;Nuvoloso;Normale;Buona;Ore Diurne;2;0;0;1;12.3579;41.779;-1;2;Motociclo con passeggero;In marcia / fermata / arresto;Conducente;M;Rimandato;0;NON DECEDUTO;Utilizzato;
4662231;13;18/11/2019 07:55:00;Strada Urbana;VIA DI SAPONARA;in prossimit�;;del civico n.;170;;Scontro laterale fra veicoli in marcia;Rettilineo;Una carreggiata a doppio senso;Bagnato (umidit� in atto);Asfaltata;Assente;Nuvoloso;Normale;Buona;Ore Diurne;2;0;0;1;12.3579;41.779;-1;2;Motociclo con passeggero;In marcia / fermata / arresto;Passeggero;M;Rimandato;0;NON DECEDUTO;Utilizzato;
4662254;5;17/11/2019 23:05:00;Strada Urbana;VIA FABRIANO;all'intersezione con;VIA CORRIDONIA;VIA CORRIDONIA;;;Scontro frontale/laterale DX fra veicoli in marcia;Incrocio;Una carreggiata a doppio senso;Bagnato (umidit� in atto);Asfaltata;Verticale ed orizzontale;Sereno;Scarso;Buona;Sufficiente;0;0;0;3;12.5839;41.9403;-1;1;Autovettura privata;In marcia / fermata / arresto;Conducente;M;Illeso;0;;Non accertato;
4662254;5;17/11/2019 23:05:00;Strada Urbana;VIA FABRIANO;all'intersezione con;VIA CORRIDONIA;VIA CORRIDONIA;;;Scontro frontale/laterale DX fra veicoli in marcia;Incrocio;Una carreggiata a doppio senso;Bagnato (umidit� in atto);Asfaltata;Verticale ed orizzontale;Sereno;Scarso;Buona;Sufficiente;0;0;0;3;12.5839;41.9403;-1;1;Autovettura privata;In marcia / fermata / arresto;Passeggero;F;Illeso;0;;Non accertato;
4662254;5;17/11/2019 23:05:00;Strada Urbana;VIA FABRIANO;all'intersezione con;VIA CORRIDONIA;VIA CORRIDONIA;;;Scontro frontale/laterale DX fra veicoli in marcia;Incrocio;Una carreggiata a doppio senso;Bagnato (umidit� in atto);Asfaltata;Verticale ed orizzontale;Sereno;Scarso;Buona;Sufficiente;0;0;0;3;12.5839;41.9403;-1;2;Autovettura privata;In marcia / fermata / arresto;Conducente;M;Illeso;0;;Non accertato;
4662264;5;16/11/2019 20:30:00;Strada Urbana;VIA DI GROTTA DI GREGNA;da specificare;;;;prossimit� VIA DEGLI ALBERINI;Veicolo in marcia contro ostacolo accidentale;Rettilineo;Una carreggiata a doppio senso;Bagnato (pioggia);Asfaltata;Verticale ed orizzontale;Nuvoloso;Scarso;Sufficiente;Sufficiente;0;0;0;1;12.5637;41.917;-1;1;Autovettura privata;In marcia / fermata / arresto;Conducente;M;Illeso;0;;Non accertato;
4662268;18;16/11/2019 16:30:00;Strada Urbana;VIA DEL FORTE BRASCHI;all'intersezione con;VIA CARDINALE GARAMPI;VIA CARDINALE GARAMPI;;;Scontro frontale/laterale SX fra veicoli in marcia;Intersezione non regolata/non segnalata;Una carreggiata a doppio senso;Bagnato (umidit� in atto);Asfaltata;Verticale ed orizzontale;Nuvoloso;Scarso;Sufficiente;Ore Diurne;1;0;0;2;12.422;41.9159;-1;1;Autovettura privata;In marcia / fermata / arresto;Conducente;M;Illeso;0;;Non accertato;Inesploso
4662268;18;16/11/2019 16:30:00;Strada Urbana;VIA DEL FORTE BRASCHI;all'intersezione con;VIA CARDINALE GARAMPI;VIA CARDINALE GARAMPI;;;Scontro frontale/laterale SX fra veicoli in marcia;Intersezione non regolata/non segnalata;Una carreggiata a doppio senso;Bagnato (umidit� in atto);Asfaltata;Verticale ed orizzontale;Nuvoloso;Scarso;Sufficiente;Ore Diurne;1;0;0;2;12.422;41.9159;-1;1;Autovettura privata;In marcia / fermata / arresto;Passeggero;F;Illeso;0;;Non accertato;Inesploso
4662268;18;16/11/2019 16:30:00;Strada Urbana;VIA DEL FORTE BRASCHI;all'intersezione con;VIA CARDINALE GARAMPI;VIA CARDINALE GARAMPI;;;Scontro frontale/laterale SX fra veicoli in marcia;Intersezione non regolata/non segnalata;Una carreggiata a doppio senso;Bagnato (umidit� in atto);Asfaltata;Verticale ed orizzontale;Nuvoloso;Scarso;Sufficiente;Ore Diurne;1;0;0;2;12.422;41.9159;-1;2;Autovettura privata;In marcia / fermata / arresto;Conducente;M;Rimandato;0;NON DECEDUTO;Non accertato;Inesploso
4662268;18;16/11/2019 16:30:00;Strada Urbana;VIA DEL FORTE BRASCHI;all'intersezione con;VIA CARDINALE GARAMPI;VIA CARDINALE GARAMPI;;;Scontro frontale/laterale SX fra veicoli in marcia;Intersezione non regolata/non segnalata;Una carreggiata a doppio senso;Bagnato (umidit� in atto);Asfaltata;Verticale ed orizzontale;Nuvoloso;Scarso;Sufficiente;Ore Diurne;1;0;0;2;12.422;41.9159;-1;3;Autovettura privata;Sosta;;;;;;;
4662282;13;14/11/2019 09:20:00;Provinciale entro l'abitato;VIA DEL MARE;all'intersezione semaforizzata con;VIA DI CASTEL FUSANO;VIA DI CASTEL FUSANO;;;Scontro laterale fra veicoli in marcia;Intersezione semaforizzata;Una carreggiata a doppio senso;Asciutto;Asfaltata;Verticale ed orizzontale;Nuvoloso;Normale;Buona;Ore Diurne;0;0;0;2;12.3037;41.7593;-1;1;Autovettura privata;In marcia / fermata / arresto;Conducente;F;Illeso;0;;Non accertato;Inesploso
4662282;13;14/11/2019 09:20:00;Provinciale entro l'abitato;VIA DEL MARE;all'intersezione semaforizzata con;VIA DI CASTEL FUSANO;VIA DI CASTEL FUSANO;;;Scontro laterale fra veicoli in marcia;Intersezione semaforizzata;Una carreggiata a doppio senso;Asciutto;Asfaltata;Verticale ed orizzontale;Nuvoloso;Normale;Buona;Ore Diurne;0;0;0;2;12.3037;41.7593;-1;2;Autovettura privata;In marcia / fermata / arresto;Conducente;F;Illeso;0;;Non accertato;Inesploso
4662291;19;16/11/2019 23:30:00;Strada Urbana;VIA FEDERICO BORROMEO;all'intersezione con;VIA GIUSEPPE MEZZOFANTI;VIA GIUSEPPE MEZZOFANTI;;;Scontro laterale fra veicoli in marcia;Intersezione non regolata/non segnalata;Una carreggiata a doppio senso;Bagnato (umidit� in atto);Asfaltata;Orizzontale;Nuvoloso;Scarso;Sufficiente;Sufficiente;1;0;0;1;12.4148;41.915;-1;1;Autovettura privata;In marcia / fermata / arresto;Conducente;M;Illeso;0;;Non accertato;Inesploso
4662291;19;16/11/2019 23:30:00;Strada Urbana;VIA FEDERICO BORROMEO;all'intersezione con;VIA GIUSEPPE MEZZOFANTI;VIA GIUSEPPE MEZZOFANTI;;;Scontro laterale fra veicoli in marcia;Intersezione non regolata/non segnalata;Una carreggiata a doppio senso;Bagnato (umidit� in atto);Asfaltata;Orizzontale;Nuvoloso;Scarso;Sufficiente;Sufficiente;1;0;0;1;12.4148;41.915;-1;2;Motociclo a solo;In marcia / fermata / arresto;Conducente;M;Rimandato;0;NON DECEDUTO;;
4662291;19;16/11/2019 23:30:00;Strada Urbana;VIA FEDERICO BORROMEO;all'intersezione con;VIA GIUSEPPE MEZZOFANTI;VIA GIUSEPPE MEZZOFANTI;;;Scontro laterale fra veicoli in marcia;Intersezione non regolata/non segnalata;Una carreggiata a doppio senso;Bagnato (umidit� in atto);Asfaltata;Orizzontale;Nuvoloso;Scarso;Sufficiente;Sufficiente;1;0;0;1;12.4148;41.915;-1;3;Autovettura privata;Sosta;;;;;;;
4662306;20;18/11/2019 11:30:00;Strada Urbana;VIA DELLA STAZIONE DI CESANO;all'intersezione con;VIA DI BACCANELLO;VIA DI BACCANELLO;;;Tamponamento;Incrocio;Una carreggiata a doppio senso;Bagnato (umidit� in atto);Asfaltata;Verticale ed orizzontale;Nuvoloso;Normale;Buona;Ore Diurne;0;0;0;2;12.3338;42.0693;-1;1;Autovettura privata;In marcia / fermata / arresto;Conducente;M;Illeso;0;;Non accertato;Inesploso
4662306;20;18/11/2019 11:30:00;Strada Urbana;VIA DELLA STAZIONE DI CESANO;all'intersezione con;VIA DI BACCANELLO;VIA DI BACCANELLO;;;Tamponamento;Incrocio;Una carreggiata a doppio senso;Bagnato (umidit� in atto);Asfaltata;Verticale ed orizzontale;Nuvoloso;Normale;Buona;Ore Diurne;0;0;0;2;12.3338;42.0693;-1;2;Autocarro inferiore 35 q.;In marcia / fermata / arresto;Conducente;M;Illeso;0;;Non accertato;Inesistente
4662322;12;17/11/2019 18:40:00;Provinciale;VIA ARDEATINA;da specificare;;;;altezza rotatoria Solfarata dir. Roma;Veicolo in marcia contro ostacolo accidentale;Rettilineo;Una carreggiata a doppio senso;Bagnato (pioggia);Asfaltata;Verticale ed orizzontale;Nuvoloso;Scarso;Insufficiente;Inesistente;0;0;0;1;12.5255;41.8131;-1;1;Autovettura privata;In marcia / fermata / arresto;Conducente;M;Illeso;0;;;
4662329;12;17/11/2019 15:40:00;Strada Urbana;VIA DEGLI AGROSTEMMI;da specificare;;;;PROSS. VIA D. STAZIONE DI PAVONA;Veicolo in marcia contro ostacolo accidentale;Rettilineo;Una carreggiata a doppio senso;Bagnato (pioggia);Asfaltata;Verticale ed orizzontale;Pioggia in atto;Scarso;Buona;Ore Diurne;0;0;0;1;12.5853;41.71;-1;1;Autovettura privata;In marcia / fermata / arresto;Conducente;M;Illeso;0;;Non accertato;Inesploso
4662340;12;17/11/2019 15:35:00;Strada Urbana;VIA DEGLI AGROSTEMMI;da specificare;;;;ALTEZZA vIA DELLA STAZIONE DI PAVONA;Veicolo in marcia contro ostacolo accidentale;Rettilineo;Una carreggiata a doppio senso;Bagnato (pioggia);Asfaltata;Verticale ed orizzontale;Nuvoloso;Scarso;Buona;Ore Diurne;0;0;0;2;12.5853;41.71;-1;1;Autovettura privata;In marcia / fermata / arresto;Conducente;M;Illeso;0;;Non accertato;Inesploso
4662340;12;17/11/2019 15:35:00;Strada Urbana;VIA DEGLI AGROSTEMMI;da specificare;;;;ALTEZZA vIA DELLA STAZIONE DI PAVONA;Veicolo in marcia contro ostacolo accidentale;Rettilineo;Una carreggiata a doppio senso;Bagnato (pioggia);Asfaltata;Verticale ed orizzontale;Nuvoloso;Scarso;Buona;Ore Diurne;0;0;0;2;12.5853;41.71;-1;1;Autovettura privata;In marcia / fermata / arresto;Passeggero;F;Illeso;0;;Non accertato;Inesploso
4662374;1;17/11/2019 02:55:00;Strada Urbana;PIAZZA DI PORTA PORTESE;in prossimit�;;del palo luce n.;1;;Veicolo in marcia contro veicoli in sosta;Rettilineo;Una carreggiata a doppio senso;Bagnato (umidit� in atto);Acciotolata;Verticale;Nuvoloso;Scarso;Sufficiente;Sufficiente;1;0;0;0;12.4746;41.8837;0;1;Autovettura privata;In marcia / fermata / arresto;Conducente;M;Rimandato;0;NON DECEDUTO;Non accertato;
4662374;1;17/11/2019 02:55:00;Strada Urbana;PIAZZA DI PORTA PORTESE;in prossimit�;;del palo luce n.;1;;Veicolo in marcia contro veicoli in sosta;Rettilineo;Una carreggiata a doppio senso;Bagnato (umidit� in atto);Acciotolata;Verticale;Nuvoloso;Scarso;Sufficiente;Sufficiente;1;0;0;0;12.4746;41.8837;0;2;Autovettura privata;In marcia / fermata / arresto;;;;;;;
4662381;6;18/11/2019 08:40:00;Statale entro l'abitato;VIA CASILINA;all'intersezione con;VIA LABICO;VIA LABICO;;;Scontro laterale fra veicoli in marcia;Intersezione non regolata/non segnalata;Due carreggiate;Bagnato (umidit� in atto);Asfaltata;Orizzontale;Nuvoloso;Intenso;Buona;Ore Diurne;0;0;0;3;12.5432;41.8799;-1;1;Veicolo speciale;In marcia / fermata / arresto;Conducente;M;Illeso;0;;;
4662381;6;18/11/2019 08:40:00;Statale entro l'abitato;VIA CASILINA;all'intersezione con;VIA LABICO;VIA LABICO;;;Scontro laterale fra veicoli in marcia;Intersezione non regolata/non segnalata;Due carreggiate;Bagnato (umidit� in atto);Asfaltata;Orizzontale;Nuvoloso;Intenso;Buona;Ore Diurne;0;0;0;3;12.5432;41.8799;-1;2;Autovettura privata;In marcia / fermata / arresto;Conducente;M;Illeso;0;;;
4662381;6;18/11/2019 08:40:00;Statale entro l'abitato;VIA CASILINA;all'intersezione con;VIA LABICO;VIA LABICO;;;Scontro laterale fra veicoli in marcia;Intersezione non regolata/non segnalata;Due carreggiate;Bagnato (umidit� in atto);Asfaltata;Orizzontale;Nuvoloso;Intenso;Buona;Ore Diurne;0;0;0;3;12.5432;41.8799;-1;2;Autovettura privata;In marcia / fermata / arresto;Passeggero;F;Illeso;0;;;
4662400;1;16/11/2019 21:10:00;Strada Urbana;VIA RICASOLI;in prossimit�;;del civico n.;18;;Veicolo in marcia contro veicoli in sosta;Rettilineo;Una carreggiata a senso unico di marcia;Bagnato (pioggia);Asfaltata;Verticale ed orizzontale;Pioggia in atto;Scarso;Buona;Sufficiente;0;0;0;1;12.5062;41.8956;-1;1;Motociclo a solo;Sosta;;;;;;;
4662400;1;16/11/2019 21:10:00;Strada Urbana;VIA RICASOLI;in prossimit�;;del civico n.;18;;Veicolo in marcia contro veicoli in sosta;Rettilineo;Una carreggiata a senso unico di marcia;Bagnato (pioggia);Asfaltata;Verticale ed orizzontale;Pioggia in atto;Scarso;Buona;Sufficiente;0;0;0;1;12.5062;41.8956;-1;2;Motociclo a solo;Sosta;;;;;;;
4662400;1;16/11/2019 21:10:00;Strada Urbana;VIA RICASOLI;in prossimit�;;del civico n.;18;;Veicolo in marcia contro veicoli in sosta;Rettilineo;Una carreggiata a senso unico di marcia;Bagnato (pioggia);Asfaltata;Verticale ed orizzontale;Pioggia in atto;Scarso;Buona;Sufficiente;0;0;0;1;12.5062;41.8956;-1;3;Autovettura privata;In marcia / fermata / arresto;Conducente;M;Illeso;0;;Non accertato;
4662403;20;15/11/2019 14:30:00;Strada Urbana;VIA RAFFAELE CAPPELLI;in corrispondenza;;del civico n.;55;;Veicolo in marcia contro ostacolo accidentale;Curva senza visuale libera;Una carreggiata a doppio senso;Bagnato (pioggia);Asfaltata;Assente;Pioggia in atto;Normale;Buona;Ore Diurne;0;0;0;1;12.4775;41.9496;-1;1;Autovettura privata;In marcia / fermata / arresto;Conducente;F;Illeso;0;;Non accertato;Inesploso
4662406;18;18/11/2019 11:30:00;Strada Urbana;VIA GREGORIO XI;da specificare;;;;frote pross. 193;Ribaltamento senza urto contro ostacolo fisso;Rettilineo;Due carreggiate;Bagnato (pioggia);Asfaltata;Verticale;Nuvoloso;Normale;Buona;Ore Diurne;0;0;0;2;12.4067;41.892;-1;1;Autovettura privata;In marcia / fermata / arresto;Conducente;F;Illeso;0;;Non accertato;Inesploso
4662406;18;18/11/2019 11:30:00;Strada Urbana;VIA GREGORIO XI;da specificare;;;;frote pross. 193;Ribaltamento senza urto contro ostacolo fisso;Rettilineo;Due carreggiate;Bagnato (pioggia);Asfaltata;Verticale;Nuvoloso;Normale;Buona;Ore Diurne;0;0;0;2;12.4067;41.892;-1;1;Autovettura privata;In marcia / fermata / arresto;Passeggero;F;Illeso;0;;Non accertato;Inesploso
4662472;1;18/11/2019 09:40:00;Strada Urbana;PIAZZA S. BERNARDO;in prossimit�;;del civico n.;106;;Infortunio per sola frenata improvvisa;Rettilineo;Una carreggiata a senso unico di marcia;Bagnato (umidit� in atto);In cubetti di porfido;Verticale ed orizzontale;Nuvoloso;Normale;Buona;Ore Diurne;1;0;0;1;12.4941;41.9036;-1;1;Motociclo a solo;In marcia / fermata / arresto;Conducente;M;Rimandato;0;NON DECEDUTO;;
4662472;1;18/11/2019 09:40:00;Strada Urbana;PIAZZA S. BERNARDO;in prossimit�;;del civico n.;106;;Infortunio per sola frenata improvvisa;Rettilineo;Una carreggiata a senso unico di marcia;Bagnato (umidit� in atto);In cubetti di porfido;Verticale ed orizzontale;Nuvoloso;Normale;Buona;Ore Diurne;1;0;0;1;12.4941;41.9036;-1;2;Autovettura privata;In marcia / fermata / arresto;Conducente;M;Illeso;0;;;
4662480;10;18/11/2019 12:55:00;Strada Urbana;PIAZZA DI CINECITTA';all'intersezione semaforizzata con;VIA TUSCOLANA;VIA TUSCOLANA;;;Tamponamento;Intersezione semaforizzata;Due carreggiate;Asciutto;Asfaltata;Verticale ed orizzontale;Nuvoloso;Normale;Buona;Ore Diurne;0;0;0;3;12.5679;41.8536;-1;1;Autovettura privata;In marcia / fermata / arresto;Conducente;M;Illeso;0;;Non accertato;Inesploso