Protocollo;Gruppo;DataOraIncidente;Localizzazione1;STRADA1;Localizzazione2;STRADA2;Strada02;Chilometrica;DaSpecificare;NaturaIncidente;particolaritastrade;TipoStrada;FondoStradale;Pavimentazione;Segnaletica;CondizioneAtmosferica;Traffico;Visibilita;Illuminazione;NUM_FERITI;NUM_RISERVATA;NUM_MORTI;NUM_ILLESI;Longitudine;Latitudine;Confermato;Progressivo;TipoVeicolo;StatoVeicolo;TipoPersona;Sesso;Tipolesione;Deceduto;DecedutoDopo;CinturaCascoUtilizzato;Airbag;
4667708;18;21/11/2019;Strada Urbana;PIAZZA DI VILLA CARPEGNA;da specificare;;;;prossimit� via del Casale di San Pio V;Scontro frontale/laterale SX fra veicoli in marcia;Rettilineo;Una carreggiata a senso unico di marcia;Bagnato (pioggia);Asfaltata;Verticale ed orizzontale;Pioggia in atto;Scarso;Sufficiente;Sufficiente;1;0;0;1;12.4295;41.8947;0;2;Autovettura privata;In marcia / fermata / arresto;Conducente;M;Illeso;0;;Non accertato;Inesploso
4667716;13;20/11/2019 21:25:00;Strada Urbana;VIA CORRADO CAGLI;in prossimit�;;del civico n.;17;;Veicolo in marcia contro ostacolo accidentale;Rettilineo;Una carreggiata a senso unico di marcia;Bagnato (pioggia);Asfaltata;Assente;Pioggia in atto;Normale;Buona;Inesistente;0;0;0;1;12.3453;41.7731;0;1;Autovettura privata;In marcia / fermata / arresto;Conducente;F;Illeso;0;;Non accertato;Inesploso
4667722;20;20/11/2019 17:00:00;Strada Urbana;VIA DELLA STAZIONE DI CESANO;da specificare;;;;interno parcheggio FF.SS.;Veicolo in marcia contro veicolo in sosta;Rettilineo;Una carreggiata a doppio senso;Bagnato (brina);Asfaltata;Assente;Nuvoloso;Scarso;Sufficiente;Sufficiente;0;0;0;0;12.3267;42.0625;-1;1;Autovettura privata;Sosta;;;;;;;
4667722;20;20/11/2019 17:00:00;Strada Urbana;VIA DELLA STAZIONE DI CESANO;da specificare;;;;interno parcheggio FF.SS.;Veicolo in marcia contro veicolo in sosta;Rettilineo;Una carreggiata a doppio senso;Bagnato (brina);Asfaltata;Assente;Nuvoloso;Scarso;Sufficiente;Sufficiente;0;0;0;0;12.3267;42.0625;-1;2;Autovettura privata;In marcia / fermata / arresto;;;;;;;
4667728;13;20/11/2019 19:30:00;Strada Urbana;VIA FABIANO LANDI;all'intersezione con;VIA COSTANTINO BESCHI;VIA COSTANTINO BESCHI;;;Veicolo in marcia contro ostacolo accidentale;Incrocio;Una carreggiata a doppio senso;Asciutto;Asfaltata;Verticale;Sereno;Normale;Buona;Sufficiente;0;0;0;1;12.3743;41.7863;0;1;Autovettura privata;In marcia / fermata / arresto;Conducente;M;Illeso;0;;Non accertato;Inesploso
4667731;10;20/11/2019 08:20:00;Strada Urbana;VIA DELLE CAPANNELLE;da specificare;;;;prossimit� intersezione Via Tuscolana;Ribaltamento senza urto contro ostacolo fisso;Rettilineo;Due carreggiate;Bagnato (pioggia);Asfaltata;Verticale ed orizzontale;Nuvoloso;Intenso;Buona;Ore Diurne;0;0;0;2;12.5754;41.8483;-1;1;Motociclo con passeggero;In marcia / fermata / arresto;Conducente;M;Illeso;0;;Utilizzato;
4667731;10;20/11/2019 08:20:00;Strada Urbana;VIA DELLE CAPANNELLE;da specificare;;;;prossimit� intersezione Via Tuscolana;Ribaltamento senza urto contro ostacolo fisso;Rettilineo;Due carreggiate;Bagnato (pioggia);Asfaltata;Verticale ed orizzontale;Nuvoloso;Intenso;Buona;Ore Diurne;0;0;0;2;12.5754;41.8483;-1;1;Motociclo con passeggero;In marcia / fermata / arresto;Passeggero;F;Illeso;0;;Utilizzato;
4667734;13;21/11/2019 01:00:00;Strada Urbana;VIA DI PONTE LADRONE;in corrispondenza;;del civico n.;45;;Veicolo in marcia contro ostacolo accidentale;Rettilineo;Una carreggiata a doppio senso;Bagnato (umidit� in atto);Asfaltata;Assente;Nuvoloso;Scarso;Buona;Sufficiente;0;0;0;1;12.3778;41.7863;-1;1;Autovettura privata;In marcia / fermata / arresto;Conducente;M;Illeso;0;;Non accertato;Inesploso
4667741;13;21/11/2019 03:10:00;Provinciale;VIA GUIDO CALZA;da specificare;;;;100 m prima dello svincolo per Lido Di Ostia;Ribaltamento senza urto contro ostacolo fisso;Rettilineo;Una carreggiata a senso unico di marcia;Bagnato (pioggia);Asfaltata;Verticale ed orizzontale;Pioggia in atto;Scarso;Buona;Sufficiente;1;0;0;2;12.2915;41.7522;-1;1;Autovettura privata;In marcia / fermata / arresto;Conducente;M;Illeso;0;;Non accertato;Esploso
4667741;13;21/11/2019 03:10:00;Provinciale;VIA GUIDO CALZA;da specificare;;;;100 m prima dello svincolo per Lido Di Ostia;Ribaltamento senza urto contro ostacolo fisso;Rettilineo;Una carreggiata a senso unico di marcia;Bagnato (pioggia);Asfaltata;Verticale ed orizzontale;Pioggia in atto;Scarso;Buona;Sufficiente;1;0;0;2;12.2915;41.7522;-1;1;Autovettura privata;In marcia / fermata / arresto;Passeggero;M;Illeso;0;;;
4667741;13;21/11/2019 03:10:00;Provinciale;VIA GUIDO CALZA;da specificare;;;;100 m prima dello svincolo per Lido Di Ostia;Ribaltamento senza urto contro ostacolo fisso;Rettilineo;Una carreggiata a senso unico di marcia;Bagnato (pioggia);Asfaltata;Verticale ed orizzontale;Pioggia in atto;Scarso;Buona;Sufficiente;1;0;0;2;12.2915;41.7522;-1;1;Autovettura privata;In marcia / fermata / arresto;Passeggero;M;Rimandato;0;NON DECEDUTO;Non accertato;Inesploso
4667742;7;20/11/2019 09:30:00;Strada Urbana;VIA COLLATINA;in prossimit�;;del civico n.;343;;Tamponamento;Rettilineo;Una carreggiata a senso unico di marcia;Asciutto;Asfaltata;Verticale ed orizzontale;Nuvoloso;Normale;Sufficiente;Ore Diurne;0;0;0;4;12.598;41.9051;-1;1;Autovettura privata;In marcia / fermata / arresto;Conducente;M;Illeso;0;;Non accertato;Inesploso
4667742;7;20/11/2019 09:30:00;Strada Urbana;VIA COLLATINA;in prossimit�;;del civico n.;343;;Tamponamento;Rettilineo;Una carreggiata a senso unico di marcia;Asciutto;Asfaltata;Verticale ed orizzontale;Nuvoloso;Normale;Sufficiente;Ore Diurne;0;0;0;4;12.598;41.9051;-1;1;Autovettura privata;In marcia / fermata / arresto;Passeggero;M;Illeso;0;;Non accertato;Inesploso
4667742;7;20/11/2019 09:30:00;Strada Urbana;VIA COLLATINA;in prossimit�;;del civico n.;343;;Tamponamento;Rettilineo;Una carreggiata a senso unico di marcia;Asciutto;Asfaltata;Verticale ed orizzontale;Nuvoloso;Normale;Sufficiente;Ore Diurne;0;0;0;4;12.598;41.9051;-1;1;Autovettura privata;In marcia / fermata / arresto;Passeggero;M;Illeso;0;;Non accertato;Inesploso
4667742;7;20/11/2019 09:30:00;Strada Urbana;VIA COLLATINA;in prossimit�;;del civico n.;343;;Tamponamento;Rettilineo;Una carreggiata a senso unico di marcia;Asciutto;Asfaltata;Verticale ed orizzontale;Nuvoloso;Normale;Sufficiente;Ore Diurne;0;0;0;4;12.598;41.9051;-1;2;Autovettura privata;In marcia / fermata / arresto;Conducente;F;Illeso;0;;Non accertato;Inesploso
4667748;20;20/11/2019 17:30:00;Regionale;VIA FLAMINIA;all'intersezione con;VIA ARCORE;VIA ARCORE;;;Scontro frontale/laterale SX fra veicoli in marcia;Incrocio;Una carreggiata a doppio senso;Bagnato (pioggia);Asfaltata;Verticale ed orizzontale;Nuvoloso;Normale;Insufficiente;Inesistente;1;0;0;3;12.4718;41.9419;-1;1;Autocarro inferiore 35 q.;In marcia / fermata / arresto;Conducente;M;Illeso;0;;Non accertato;
4667748;20;20/11/2019 17:30:00;Regionale;VIA FLAMINIA;all'intersezione con;VIA ARCORE;VIA ARCORE;;;Scontro frontale/laterale SX fra veicoli in marcia;Incrocio;Una carreggiata a doppio senso;Bagnato (pioggia);Asfaltata;Verticale ed orizzontale;Nuvoloso;Normale;Insufficiente;Inesistente;1;0;0;3;12.4718;41.9419;-1;1;Autocarro inferiore 35 q.;In marcia / fermata / arresto;Passeggero;M;Illeso;0;;Non accertato;
4667748;20;20/11/2019 17:30:00;Regionale;VIA FLAMINIA;all'intersezione con;VIA ARCORE;VIA ARCORE;;;Scontro frontale/laterale SX fra veicoli in marcia;Incrocio;Una carreggiata a doppio senso;Bagnato (pioggia);Asfaltata;Verticale ed orizzontale;Nuvoloso;Normale;Insufficiente;Inesistente;1;0;0;3;12.4718;41.9419;-1;1;Autocarro inferiore 35 q.;In marcia / fermata / arresto;Passeggero;M;Illeso;0;;Non accertato;
4667748;20;20/11/2019 17:30:00;Regionale;VIA FLAMINIA;all'intersezione con;VIA ARCORE;VIA ARCORE;;;Scontro frontale/laterale SX fra veicoli in marcia;Incrocio;Una carreggiata a doppio senso;Bagnato (pioggia);Asfaltata;Verticale ed orizzontale;Nuvoloso;Normale;Insufficiente;Inesistente;1;0;0;3;12.4718;41.9419;-1;2;Autovettura privata;In marcia / fermata / arresto;Conducente;M;Rimandato;0;NON DECEDUTO;Non accertato;
4667752;20;20/11/2019 18:00:00;Strada Urbana;VIA INVERIGO;in prossimit�;;del civico n.;28;;Investimento di pedone;Rettilineo;Una carreggiata a doppio senso;Bagnato (pioggia);Asfaltata;Orizzontale;Nuvoloso;Normale;Buona;Sufficiente;1;0;0;0;12.4814;42.0032;-1;;;;Pedone;F;Ricoverato;0;NON DECEDUTO;;
4667766;17;20/11/2019 10:25:00;Strada Urbana;VIALE GIUSEPPE MAZZINI;in prossimit�;;del civico n.;114/A;;Veicolo in marcia contro veicolo in sosta;Rettilineo;Due carreggiate;Asciutto;Asfaltata;Verticale ed orizzontale;Nuvoloso;Normale;Buona;Ore Diurne;0;0;0;1;12.4597;41.9154;-1;1;Autovettura privata;In marcia / fermata / arresto;Conducente;M;Illeso;0;;;
4667766;17;20/11/2019 10:25:00;Strada Urbana;VIALE GIUSEPPE MAZZINI;in prossimit�;;del civico n.;114/A;;Veicolo in marcia contro veicolo in sosta;Rettilineo;Due carreggiate;Asciutto;Asfaltata;Verticale ed orizzontale;Nuvoloso;Normale;Buona;Ore Diurne;0;0;0;1;12.4597;41.9154;-1;2;Autovettura privata;Sosta;;;;;;;
4667771;10;20/11/2019 17:50:00;Strada Urbana;VIA PAZZANO;in prossimit�;;del civico n.;4;;Investimento di pedone;Rettilineo;Una carreggiata a senso unico di marcia;Bagnato (pioggia);Asfaltata;Assente;Pioggia in atto;Normale;Insufficiente;Insufficiente;1;0;0;1;12.6141;41.8109;-1;;;;Pedone;F;Rimandato;0;NON DECEDUTO;;
4667771;10;20/11/2019 17:50:00;Strada Urbana;VIA PAZZANO;in prossimit�;;del civico n.;4;;Investimento di pedone;Rettilineo;Una carreggiata a senso unico di marcia;Bagnato (pioggia);Asfaltata;Assente;Pioggia in atto;Normale;Insufficiente;Insufficiente;1;0;0;1;12.6141;41.8109;-1;1;Autovettura privata;In marcia / fermata / arresto;Conducente;F;Illeso;0;;Non accertato;Inesploso
4667775;19;20/11/2019 17:55:00;Strada Urbana;VIA STRESA;in corrispondenza;;del civico n.;11;;Investimento di pedone;Rettilineo;Una carreggiata a senso unico di marcia;Asciutto;Asfaltata;Verticale ed orizzontale;Sereno;Normale;Buona;Sufficiente;1;0;0;1;12.4365;41.9363;-1;;;;Pedone;F;Rimandato;0;NON DECEDUTO;;
4667775;19;20/11/2019 17:55:00;Strada Urbana;VIA STRESA;in corrispondenza;;del civico n.;11;;Investimento di pedone;Rettilineo;Una carreggiata a senso unico di marcia;Asciutto;Asfaltata;Verticale ed orizzontale;Sereno;Normale;Buona;Sufficiente;1;0;0;1;12.4365;41.9363;-1;1;Autovettura privata;In marcia / fermata / arresto;Conducente;M;Illeso;0;;Non accertato;Inesploso
4667779;4;20/11/2019 06:50:00;Statale entro l'abitato;VIA SALARIA;in prossimit�;;del civico n.;661;;Scontro laterale fra veicoli in marcia;Rettilineo;Pi� di due carreggiate;Bagnato (umidit� in atto);Asfaltata;Verticale ed orizzontale;Nuvoloso;Normale;Buona;Ore Diurne;0;0;0;2;12.5074;41.9411;-1;1;Autovettura privata;In marcia / fermata / arresto;Conducente;M;Illeso;0;;;
4667779;4;20/11/2019 06:50:00;Statale entro l'abitato;VIA SALARIA;in prossimit�;;del civico n.;661;;Scontro laterale fra veicoli in marcia;Rettilineo;Pi� di due carreggiate;Bagnato (umidit� in atto);Asfaltata;Verticale ed orizzontale;Nuvoloso;Normale;Buona;Ore Diurne;0;0;0;2;12.5074;41.9411;-1;2;Autovettura privata;In marcia / fermata / arresto;Conducente;M;Illeso;0;;;
4667780;8;20/11/2019 11:30:00;Strada Urbana;VIA DI TOR BELLA MONACA;da specificare;;;;dir Casilina 500m dopo il GRA;Veicolo in marcia contro ostacolo accidentale;Curva senza visuale libera;Due carreggiate;Bagnato (umidit� in atto);Asfaltata;Verticale ed orizzontale;Nuvoloso;Intenso;Buona;Ore Diurne;1;0;0;1;;;0;1;Autovettura privata;In marcia / fermata / arresto;Conducente;M;Rifiuta cure immediate;0;NON DECEDUTO;;
4667780;8;20/11/2019 11:30:00;Strada Urbana;VIA DI TOR BELLA MONACA;da specificare;;;;dir Casilina 500m dopo il GRA;Veicolo in marcia contro ostacolo accidentale;Curva senza visuale libera;Due carreggiate;Bagnato (umidit� in atto);Asfaltata;Verticale ed orizzontale;Nuvoloso;Intenso;Buona;Ore Diurne;1;0;0;1;;;0;1;Autovettura privata;In marcia / fermata / arresto;Passeggero;M;Illeso;0;;;
4667784;8;20/11/2019 11:30:00;Strada Urbana;VIALE DELLA SORBONA;in prossimit�;;del palo luce n.;119;;Veicolo in marcia contro ostacolo accidentale;Rotatoria;Una carreggiata a senso unico alternato;Asciutto;Asfaltata;Orizzontale;Nuvoloso;Scarso;Buona;Ore Diurne;1;0;0;1;12.612;41.8546;-1;1;Velocipede;In marcia / fermata / arresto;Conducente;M;Rifiuta cure immediate;0;NON DECEDUTO;Esente;
4667784;8;20/11/2019 11:30:00;Strada Urbana;VIALE DELLA SORBONA;in prossimit�;;del palo luce n.;119;;Veicolo in marcia contro ostacolo accidentale;Rotatoria;Una carreggiata a senso unico alternato;Asciutto;Asfaltata;Orizzontale;Nuvoloso;Scarso;Buona;Ore Diurne;1;0;0;1;12.612;41.8546;-1;2;Macchina operatrice;In marcia / fermata / arresto;Conducente;M;Illeso;0;;Non accertato;Inesploso
4667785;5;20/11/2019 08:30:00;Strada Urbana;VIA DI MARCO SIMONE;da specificare;;;;prossimit� Todini direzione Tiburtina;Tamponamento;Rettilineo;Una carreggiata a doppio senso;Bagnato (umidit� in atto);Asfaltata;Orizzontale;Nuvoloso;Normale;Buona;Ore Diurne;0;0;0;2;12.645;41.9427;-1;1;Autovettura privata;In marcia / fermata / arresto;Conducente;F;Illeso;0;;Non accertato;
4667785;5;20/11/2019 08:30:00;Strada Urbana;VIA DI MARCO SIMONE;da specificare;;;;prossimit� Todini direzione Tiburtina;Tamponamento;Rettilineo;Una carreggiata a doppio senso;Bagnato (umidit� in atto);Asfaltata;Orizzontale;Nuvoloso;Normale;Buona;Ore Diurne;0;0;0;2;12.645;41.9427;-1;2;Autoarticolato;In marcia / fermata / arresto;Conducente;M;Illeso;0;;Non accertato;
4667792;17;20/11/2019 11:50:00;Strada Urbana;VIA GIOVANNI PIERLUIGI DA PALESTRINA;all'intersezione con;VIA PIETRO COSSA;VIA PIETRO COSSA;;;Scontro frontale/laterale DX fra veicoli in marcia;Incrocio;Una carreggiata a senso unico di marcia;Asciutto;Asfaltata;Verticale ed orizzontale;Nuvoloso;Scarso;Buona;Ore Diurne;0;0;0;2;12.4714;41.9066;-1;1;Autovettura privata;In marcia / fermata / arresto;Conducente;M;Illeso;0;;;
4667792;17;20/11/2019 11:50:00;Strada Urbana;VIA GIOVANNI PIERLUIGI DA PALESTRINA;all'intersezione con;VIA PIETRO COSSA;VIA PIETRO COSSA;;;Scontro frontale/laterale DX fra veicoli in marcia;Incrocio;Una carreggiata a senso unico di marcia;Asciutto;Asfaltata;Verticale ed orizzontale;Nuvoloso;Scarso;Buona;Ore Diurne;0;0;0;2;12.4714;41.9066;-1;2;Autovettura privata;In marcia / fermata / arresto;Conducente;M;Illeso;0;;;
4667795;8;20/11/2019 06:30:00;Strada Urbana;VIA DI LUNGHEZZINA;da specificare;;;;ALTEZZA PONTE AUSTRADA;Veicolo in marcia contro ostacolo accidentale;Rettilineo;Una carreggiata a doppio senso;Bagnato (umidit� in atto);Asfaltata;Assente;Nuvoloso;Normale;Insufficiente;Insufficiente;0;0;0;1;12.708;41.9293;-1;1;Autovettura privata;In marcia / fermata / arresto;Conducente;M;Illeso;0;;Non accertato;Inesploso
4667797;1;21/11/2019 01:20:00;Strada Urbana;VIA LABICANA;in corrispondenza;;del civico n.;42;;Veicolo in marcia contro ostacolo fisso;Curva a visuale libera;Due carreggiate;Bagnato (pioggia);Asfaltata;Verticale ed orizzontale;Pioggia in atto;Scarso;Sufficiente;Sufficiente;2;0;0;0;12.5018;41.8892;-1;1;Autovettura privata;In marcia / fermata / arresto;Conducente;M;Ricoverato;0;NON DECEDUTO;;Esploso
4667797;1;21/11/2019 01:20:00;Strada Urbana;VIA LABICANA;in corrispondenza;;del civico n.;42;;Veicolo in marcia contro ostacolo fisso;Curva a visuale libera;Due carreggiate;Bagnato (pioggia);Asfaltata;Verticale ed orizzontale;Pioggia in atto;Scarso;Sufficiente;Sufficiente;2;0;0;0;12.5018;41.8892;-1;1;Autovettura privata;In marcia / fermata / arresto;Passeggero;F;Rimandato;0;NON DECEDUTO;Non accertato;Esploso
4667798;5;20/11/2019 09:20:00;Strada Urbana;NUOVA CIRCONVALLAZIONE INTERNA;da specificare;;;;PONTE SULLA FERROVIA PROSSIMITA' STAZ. TIBURTINA;Scontro laterale fra veicoli in marcia;Rettilineo;Una carreggiata a senso unico di marcia;Bagnato (umidit� in atto);Asfaltata;Verticale ed orizzontale;Sereno;Normale;Sufficiente;Ore Diurne;1;0;0;1;12.5337;41.9088;-1;1;Autovettura privata;In marcia / fermata / arresto;Conducente;M;Illeso;0;;Non accertato;
4667798;5;20/11/2019 09:20:00;Strada Urbana;NUOVA CIRCONVALLAZIONE INTERNA;da specificare;;;;PONTE SULLA FERROVIA PROSSIMITA' STAZ. TIBURTINA;Scontro laterale fra veicoli in marcia;Rettilineo;Una carreggiata a senso unico di marcia;Bagnato (umidit� in atto);Asfaltata;Verticale ed orizzontale;Sereno;Normale;Sufficiente;Ore Diurne;1;0;0;1;12.5337;41.9088;-1;2;Motociclo a solo;In marcia / fermata / arresto;Conducente;M;Ricoverato;0;NON DECEDUTO;Non accertato;
4667807;5;20/11/2019 15:15:00;Strada Urbana;VIA OSTERIA DELLE CAPANNACCE;all'intersezione con;VIA OSTERIA DELLE CAPANNACCE;VIA OSTERIA DELLE CAPANNACCE;;;Scontro frontale/laterale DX fra veicoli in marcia;Incrocio;Una carreggiata a doppio senso;Bagnato (pioggia);Asfaltata;Verticale ed orizzontale;Nuvoloso;Normale;Sufficiente;Ore Diurne;0;0;0;4;12.6496;41.9379;-1;1;Autocarro inferiore 35 q.;In marcia / fermata / arresto;Conducente;M;Illeso;0;;Non accertato;Inesploso
4667807;5;20/11/2019 15:15:00;Strada Urbana;VIA OSTERIA DELLE CAPANNACCE;all'intersezione con;VIA OSTERIA DELLE CAPANNACCE;VIA OSTERIA DELLE CAPANNACCE;;;Scontro frontale/laterale DX fra veicoli in marcia;Incrocio;Una carreggiata a doppio senso;Bagnato (pioggia);Asfaltata;Verticale ed orizzontale;Nuvoloso;Normale;Sufficiente;Ore Diurne;0;0;0;4;12.6496;41.9379;-1;1;Autocarro inferiore 35 q.;In marcia / fermata / arresto;Passeggero;M;Illeso;0;;Non accertato;Inesploso
4667807;5;20/11/2019 15:15:00;Strada Urbana;VIA OSTERIA DELLE CAPANNACCE;all'intersezione con;VIA OSTERIA DELLE CAPANNACCE;VIA OSTERIA DELLE CAPANNACCE;;;Scontro frontale/laterale DX fra veicoli in marcia;Incrocio;Una carreggiata a doppio senso;Bagnato (pioggia);Asfaltata;Verticale ed orizzontale;Nuvoloso;Normale;Sufficiente;Ore Diurne;0;0;0;4;12.6496;41.9379;-1;2;Autovettura privata;In marcia / fermata / arresto;Conducente;M;Illeso;0;;Non accertato;Inesploso
4667807;5;20/11/2019 15:15:00;Strada Urbana;VIA OSTERIA DELLE CAPANNACCE;all'intersezione con;VIA OSTERIA DELLE CAPANNACCE;VIA OSTERIA DELLE CAPANNACCE;;;Scontro frontale/laterale DX fra veicoli in marcia;Incrocio;Una carreggiata a doppio senso;Bagnato (pioggia);Asfaltata;Verticale ed orizzontale;Nuvoloso;Normale;Sufficiente;Ore Diurne;0;0;0;4;12.6496;41.9379;-1;3;Autovettura privata;In marcia / fermata / arresto;Conducente;M;Illeso;0;;Non accertato;Inesploso
4667812;16;20/11/2019 16:10:00;Strada Urbana;VIALE DEI QUATTRO VENTI;in corrispondenza;;del civico n.;152;;Veicolo in marcia contro veicolo in sosta;Rettilineo;Una carreggiata a doppio senso;Asciutto;Asfaltata;Verticale ed orizzontale;Nuvoloso;Normale;Buona;Ore Diurne;0;0;0;1;12.4585;41.8796;-1;1;Motociclo a solo;Sosta;;;;;;;
4667812;16;20/11/2019 16:10:00;Strada Urbana;VIALE DEI QUATTRO VENTI;in corrispondenza;;del civico n.;152;;Veicolo in marcia contro veicolo in sosta;Rettilineo;Una carreggiata a doppio senso;Asciutto;Asfaltata;Verticale ed orizzontale;Nuvoloso;Normale;Buona;Ore Diurne;0;0;0;1;12.4585;41.8796;-1;2;Autocarro inferiore 35 q.;In marcia / fermata / arresto;Conducente;M;Illeso;0;;Non accertato;Inesploso
4667813;4;20/11/2019 07:00:00;Strada Urbana;VIA CORRADO MANTONI;all'intersezione con;VIA GIAN MARIA VOLONTE';VIA GIAN MARIA VOLONTE';;;Scontro frontale/laterale DX fra veicoli in marcia;Incrocio;Una carreggiata a doppio senso;Bagnato (umidit� in atto);Asfaltata;Verticale ed orizzontale;Nuvoloso;Scarso;Buona;Ore Diurne;1;0;0;1;12.5359;41.9698;-1;1;Autovettura privata;In marcia / fermata / arresto;Conducente;M;Rifiuta cure immediate;0;NON DECEDUTO;;
4667813;4;20/11/2019 07:00:00;Strada Urbana;VIA CORRADO MANTONI;all'intersezione con;VIA GIAN MARIA VOLONTE';VIA GIAN MARIA VOLONTE';;;Scontro frontale/laterale DX fra veicoli in marcia;Incrocio;Una carreggiata a doppio senso;Bagnato (umidit� in atto);Asfaltata;Verticale ed orizzontale;Nuvoloso;Scarso;Buona;Ore Diurne;1;0;0;1;12.5359;41.9698;-1;2;Autovettura privata;In marcia / fermata / arresto;Conducente;M;Illeso;0;;;
4667819;5;20/11/2019 18:20:00;Strada Urbana;VIA DEI MONTI TIBURTINI;in prossimit�;;del civico n.;720;;Investimento di pedone;Curva a visuale libera;Due carreggiate;Bagnato (pioggia);Asfaltata;Verticale ed orizzontale;Nuvoloso;Normale;Sufficiente;Sufficiente;1;0;0;2;12.5517;41.9142;-1;;;;Pedone;M;Rimandato;0;NON DECEDUTO;;
4667819;5;20/11/2019 18:20:00;Strada Urbana;VIA DEI MONTI TIBURTINI;in prossimit�;;del civico n.;720;;Investimento di pedone;Curva a visuale libera;Due carreggiate;Bagnato (pioggia);Asfaltata;Verticale ed orizzontale;Nuvoloso;Normale;Sufficiente;Sufficiente;1;0;0;2;12.5517;41.9142;-1;1;Autovettura privata;In marcia / fermata / arresto;Conducente;F;Illeso;0;;Non accertato;Inesploso
4667819;5;20/11/2019 18:20:00;Strada Urbana;VIA DEI MONTI TIBURTINI;in prossimit�;;del civico n.;720;;Investimento di pedone;Curva a visuale libera;Due carreggiate;Bagnato (pioggia);Asfaltata;Verticale ed orizzontale;Nuvoloso;Normale;Sufficiente;Sufficiente;1;0;0;2;12.5517;41.9142;-1;1;Autovettura privata;In marcia / fermata / arresto;Passeggero;M;Illeso;0;;Non accertato;Inesploso
4667822;5;20/11/2019 20:05:00;Strada Urbana;VIA DEL BADILE;all'intersezione semaforizzata con;VIA TIBURTINA;VIA TIBURTINA;;;Tamponamento;Intersezione semaforizzata;Una carreggiata a senso unico di marcia;Bagnato (pioggia);Asfaltata;Verticale ed orizzontale;Nuvoloso;Normale;Sufficiente;Sufficiente;0;0;0;2;12.5615;41.9156;-1;1;Autovettura privata;In marcia / fermata / arresto;Conducente;M;Illeso;0;;Non accertato;Inesploso
4667822;5;20/11/2019 20:05:00;Strada Urbana;VIA DEL BADILE;all'intersezione semaforizzata con;VIA TIBURTINA;VIA TIBURTINA;;;Tamponamento;Intersezione semaforizzata;Una carreggiata a senso unico di marcia;Bagnato (pioggia);Asfaltata;Verticale ed orizzontale;Nuvoloso;Normale;Sufficiente;Sufficiente;0;0;0;2;12.5615;41.9156;-1;2;Motociclo a solo;In marcia / fermata / arresto;Conducente;M;Illeso;0;;Non accertato;
4667829;7;20/11/2019 20:00:00;Strada Urbana;VIA DELLE ACACIE;all'intersezione con;LARGO FRANCESCO ARDISSONE;LARGO FRANCESCO ARDISSONE;;;Scontro frontale/laterale DX fra veicoli in marcia;Intersezione stradale segnalata;Due carreggiate;Bagnato (pioggia);Asfaltata;Verticale ed orizzontale;Nuvoloso;Normale;Buona;Sufficiente;1;0;0;2;12.5724;41.889;-1;1;Autovettura privata;In marcia / fermata / arresto;Conducente;F;Illeso;0;;Non accertato;Inesploso
4667829;7;20/11/2019 20:00:00;Strada Urbana;VIA DELLE ACACIE;all'intersezione con;LARGO FRANCESCO ARDISSONE;LARGO FRANCESCO ARDISSONE;;;Scontro frontale/laterale DX fra veicoli in marcia;Intersezione stradale segnalata;Due carreggiate;Bagnato (pioggia);Asfaltata;Verticale ed orizzontale;Nuvoloso;Normale;Buona;Sufficiente;1;0;0;2;12.5724;41.889;-1;1;Autovettura privata;In marcia / fermata / arresto;Passeggero;F;Illeso;0;;Non accertato;Inesploso
4667829;7;20/11/2019 20:00:00;Strada Urbana;VIA DELLE ACACIE;all'intersezione con;LARGO FRANCESCO ARDISSONE;LARGO FRANCESCO ARDISSONE;;;Scontro frontale/laterale DX fra veicoli in marcia;Intersezione stradale segnalata;Due carreggiate;Bagnato (pioggia);Asfaltata;Verticale ed orizzontale;Nuvoloso;Normale;Buona;Sufficiente;1;0;0;2;12.5724;41.889;-1;2;Autovettura privata;In marcia / fermata / arresto;Conducente;M;Rimandato;0;NON DECEDUTO;Non accertato;Inesploso
4667829;7;20/11/2019 20:00:00;Strada Urbana;VIA DELLE ACACIE;all'intersezione con;LARGO FRANCESCO ARDISSONE;LARGO FRANCESCO ARDISSONE;;;Scontro frontale/laterale DX fra veicoli in marcia;Intersezione stradale segnalata;Due carreggiate;Bagnato (pioggia);Asfaltata;Verticale ed orizzontale;Nuvoloso;Normale;Buona;Sufficiente;1;0;0;2;12.5724;41.889;-1;3;Autovettura privata;Sosta;;;;;;;
4667832;5;20/11/2019 23:15:00;Strada Urbana;VIA DEL CASALE DI S. BASILIO;all'intersezione con;VIA TINO BUAZZELLI;VIA TINO BUAZZELLI;;;Scontro frontale/laterale DX fra veicoli in marcia;Incrocio;Una carreggiata a doppio senso;Bagnato (pioggia);Asfaltata;Verticale ed orizzontale;Pioggia in atto;Normale;Buona;Sufficiente;0;0;0;4;12.5689;41.9445;-1;1;Autovettura privata;In marcia / fermata / arresto;Conducente;F;Illeso;0;;Non accertato;
4667832;5;20/11/2019 23:15:00;Strada Urbana;VIA DEL CASALE DI S. BASILIO;all'intersezione con;VIA TINO BUAZZELLI;VIA TINO BUAZZELLI;;;Scontro frontale/laterale DX fra veicoli in marcia;Incrocio;Una carreggiata a doppio senso;Bagnato (pioggia);Asfaltata;Verticale ed orizzontale;Pioggia in atto;Normale;Buona;Sufficiente;0;0;0;4;12.5689;41.9445;-1;2;Autovettura privata;In marcia / fermata / arresto;Conducente;M;Illeso;0;;;