Protocollo;Gruppo;DataOraIncidente;Localizzazione1;STRADA1;Localizzazione2;STRADA2;Strada02;Chilometrica;DaSpecificare;NaturaIncidente;particolaritastrade;TipoStrada;FondoStradale;Pavimentazione;Segnaletica;CondizioneAtmosferica;Traffico;Visibilita;Illuminazione;NUM_FERITI;NUM_RISERVATA;NUM_MORTI;NUM_ILLESI;Longitudine;Latitudine;Confermato;Progressivo;TipoVeicolo;StatoVeicolo;TipoPersona;Sesso;Tipolesione;Deceduto;DecedutoDopo;CinturaCascoUtilizzato;Airbag;
4668008;8;20/11/2019 08:30:00;Statale entro l'abitato;VIA CASILINA;all'intersezione con;VIA SILICELLA;VIA SILICELLA;;;Scontro laterale fra veicoli in marcia;Intersezione stradale segnalata;Due carreggiate;Asciutto;Asfaltata;Orizzontale;Nuvoloso;Intenso;Buona;Ore Diurne;0;0;0;3;12.6199;41.8628;-1;3;Autoarticolato;In marcia / fermata / arresto;Conducente;M;Illeso;0;;Non accertato;Inesploso
4668011;13;21/11/2019 07:30:00;Provinciale entro l'abitato;VIA GUIDO CALZA;da specificare;;;;prossimit� Via del Ponte di Tor Boacciana;Scontro laterale fra veicoli in marcia;Rettilineo;Due carreggiate;Bagnato (pioggia);Asfaltata;Verticale ed orizzontale;Nuvoloso;Normale;Buona;Ore Diurne;0;0;0;2;12.2915;41.7522;-1;1;Autotreno;In marcia / fermata / arresto;Conducente;M;Illeso;0;;Non accertato;Inesploso
4668011;13;21/11/2019 07:30:00;Provinciale entro l'abitato;VIA GUIDO CALZA;da specificare;;;;prossimit� Via del Ponte di Tor Boacciana;Scontro laterale fra veicoli in marcia;Rettilineo;Due carreggiate;Bagnato (pioggia);Asfaltata;Verticale ed orizzontale;Nuvoloso;Normale;Buona;Ore Diurne;0;0;0;2;12.2915;41.7522;-1;2;Autovettura privata;In marcia / fermata / arresto;Conducente;M;Illeso;0;;Non accertato;Inesploso
4668014;8;20/11/2019 18:20:00;Strada Urbana;VIA DI TOR BELLA MONACA;da specificare;;;;200 mt prima di rotatoria Via Torrenova;Tamponamento;Rettilineo;Una carreggiata a senso unico di marcia;Bagnato (pioggia);Asfaltata;Verticale;Pioggia in atto;Intenso;Sufficiente;Sufficiente;1;0;0;3;12.6281;41.8764;-1;1;Autovettura privata;In marcia / fermata / arresto;Conducente;M;Illeso;0;;;
4668014;8;20/11/2019 18:20:00;Strada Urbana;VIA DI TOR BELLA MONACA;da specificare;;;;200 mt prima di rotatoria Via Torrenova;Tamponamento;Rettilineo;Una carreggiata a senso unico di marcia;Bagnato (pioggia);Asfaltata;Verticale;Pioggia in atto;Intenso;Sufficiente;Sufficiente;1;0;0;3;12.6281;41.8764;-1;1;Autovettura privata;In marcia / fermata / arresto;Passeggero;M;Illeso;0;;;
4668014;8;20/11/2019 18:20:00;Strada Urbana;VIA DI TOR BELLA MONACA;da specificare;;;;200 mt prima di rotatoria Via Torrenova;Tamponamento;Rettilineo;Una carreggiata a senso unico di marcia;Bagnato (pioggia);Asfaltata;Verticale;Pioggia in atto;Intenso;Sufficiente;Sufficiente;1;0;0;3;12.6281;41.8764;-1;2;Autovettura privata;In marcia / fermata / arresto;Conducente;M;Illeso;0;;;
4668014;8;20/11/2019 18:20:00;Strada Urbana;VIA DI TOR BELLA MONACA;da specificare;;;;200 mt prima di rotatoria Via Torrenova;Tamponamento;Rettilineo;Una carreggiata a senso unico di marcia;Bagnato (pioggia);Asfaltata;Verticale;Pioggia in atto;Intenso;Sufficiente;Sufficiente;1;0;0;3;12.6281;41.8764;-1;2;Autovettura privata;In marcia / fermata / arresto;Passeggero;F;Rifiuta cure immediate;0;NON DECEDUTO;;
4668026;11;21/11/2019 09:15:00;Strada Urbana;VIALE GUGLIELMO MARCONI;all'intersezione semaforizzata con;VIA SALVATORE PINCHERLE;VIA SALVATORE PINCHERLE;;;Scontro laterale fra veicoli in marcia;Intersezione semaforizzata;Due carreggiate;Bagnato (pioggia);Asfaltata;Verticale ed orizzontale;Nuvoloso;Normale;Buona;Ore Diurne;0;0;0;3;12.4729;41.8523;-1;1;Autovettura privata;In marcia / fermata / arresto;Conducente;M;Illeso;0;;Non accertato;Inesploso
4668026;11;21/11/2019 09:15:00;Strada Urbana;VIALE GUGLIELMO MARCONI;all'intersezione semaforizzata con;VIA SALVATORE PINCHERLE;VIA SALVATORE PINCHERLE;;;Scontro laterale fra veicoli in marcia;Intersezione semaforizzata;Due carreggiate;Bagnato (pioggia);Asfaltata;Verticale ed orizzontale;Nuvoloso;Normale;Buona;Ore Diurne;0;0;0;3;12.4729;41.8523;-1;1;Autovettura privata;In marcia / fermata / arresto;Passeggero;F;Illeso;0;;Non accertato;Inesploso
4668026;11;21/11/2019 09:15:00;Strada Urbana;VIALE GUGLIELMO MARCONI;all'intersezione semaforizzata con;VIA SALVATORE PINCHERLE;VIA SALVATORE PINCHERLE;;;Scontro laterale fra veicoli in marcia;Intersezione semaforizzata;Due carreggiate;Bagnato (pioggia);Asfaltata;Verticale ed orizzontale;Nuvoloso;Normale;Buona;Ore Diurne;0;0;0;3;12.4729;41.8523;-1;2;Autocarro superiore 35 q.;In marcia / fermata / arresto;Conducente;M;Illeso;0;;Non accertato;Inesploso
4668039;2;20/11/2019 11:50:00;Strada Urbana;VIALE LIEGI;in prossimit�;;del civico n.;52;;Scontro laterale fra veicoli in marcia;Rettilineo;Una carreggiata a doppio senso;Asciutto;Asfaltata;Verticale ed orizzontale;Sereno;Normale;Buona;Ore Diurne;1;0;0;1;12.4942;41.9221;-1;1;Autocarro inferiore 35 q.;In marcia / fermata / arresto;Conducente;M;Illeso;0;;Non accertato;Inesploso
4668039;2;20/11/2019 11:50:00;Strada Urbana;VIALE LIEGI;in prossimit�;;del civico n.;52;;Scontro laterale fra veicoli in marcia;Rettilineo;Una carreggiata a doppio senso;Asciutto;Asfaltata;Verticale ed orizzontale;Sereno;Normale;Buona;Ore Diurne;1;0;0;1;12.4942;41.9221;-1;2;Motociclo a solo;In marcia / fermata / arresto;Conducente;F;Rimandato;0;NON DECEDUTO;Non accertato;
4668040;2;20/11/2019 10:55:00;Strada Urbana;PIAZZA UNGHERIA;in prossimit�;;del civico n.;FR. 7;;Scontro laterale fra veicoli in marcia;Rettilineo;Una carreggiata a doppio senso;Asciutto;Asfaltata;Verticale ed orizzontale;Sereno;Normale;Buona;Ore Diurne;0;0;0;2;12.5019;41.901;-1;1;Autovettura pubblica;In marcia / fermata / arresto;Conducente;M;Illeso;0;;Non accertato;Inesploso
4668040;2;20/11/2019 10:55:00;Strada Urbana;PIAZZA UNGHERIA;in prossimit�;;del civico n.;FR. 7;;Scontro laterale fra veicoli in marcia;Rettilineo;Una carreggiata a doppio senso;Asciutto;Asfaltata;Verticale ed orizzontale;Sereno;Normale;Buona;Ore Diurne;0;0;0;2;12.5019;41.901;-1;2;Autovettura privata;In marcia / fermata / arresto;Conducente;M;Illeso;0;;Non accertato;Inesploso
4668043;2;20/11/2019 07:55:00;Strada Urbana;VIA GUIDO RENI;all'intersezione semaforizzata con;VIA PIER DELLA FRANCESCA;VIA PIER DELLA FRANCESCA;;;Scontro frontale/laterale SX fra veicoli in marcia;Intersezione semaforizzata;Una carreggiata a doppio senso;Asciutto;Asfaltata;Verticale ed orizzontale;Sereno;Normale;Buona;Ore Diurne;1;0;0;1;12.4637;41.9273;-1;1;Autovettura privata;In marcia / fermata / arresto;Conducente;M;Illeso;0;;;
4668043;2;20/11/2019 07:55:00;Strada Urbana;VIA GUIDO RENI;all'intersezione semaforizzata con;VIA PIER DELLA FRANCESCA;VIA PIER DELLA FRANCESCA;;;Scontro frontale/laterale SX fra veicoli in marcia;Intersezione semaforizzata;Una carreggiata a doppio senso;Asciutto;Asfaltata;Verticale ed orizzontale;Sereno;Normale;Buona;Ore Diurne;1;0;0;1;12.4637;41.9273;-1;2;Autovettura di polizia;In marcia / fermata / arresto;Conducente;M;Rimandato;0;NON DECEDUTO;;
4668046;2;19/11/2019 22:10:00;Strada Urbana;VIA FLAMINIA;in prossimit�;;del civico n.;fr. civ.312/a;;Investimento di pedone;Rettilineo;Due carreggiate;Asciutto;Asfaltata;Verticale ed orizzontale;Nuvoloso;Scarso;Sufficiente;Sufficiente;1;0;0;1;12.4706;41.9248;-1;;;;Pedone;F;Ricoverato;0;NON DECEDUTO;;
4668046;2;19/11/2019 22:10:00;Strada Urbana;VIA FLAMINIA;in prossimit�;;del civico n.;fr. civ.312/a;;Investimento di pedone;Rettilineo;Due carreggiate;Asciutto;Asfaltata;Verticale ed orizzontale;Nuvoloso;Scarso;Sufficiente;Sufficiente;1;0;0;1;12.4706;41.9248;-1;1;Vettura tranviaria;In marcia / fermata / arresto;Conducente;M;Illeso;0;;Esente;
4668048;2;20/11/2019 09:30:00;Strada Urbana;VIA DOMENICO ALBERTO AZUNI;in prossimit�;;del civico n.;FR. 13;;Tamponamento;Rettilineo;Una carreggiata a doppio senso;Bagnato (umidit� in atto);Asfaltata;Verticale ed orizzontale;Nuvoloso;Normale;Buona;Ore Diurne;0;0;0;4;12.4728;41.9148;-1;1;Vettura tranviaria;In marcia / fermata / arresto;Conducente;M;Illeso;0;;Esente;
4668048;2;20/11/2019 09:30:00;Strada Urbana;VIA DOMENICO ALBERTO AZUNI;in prossimit�;;del civico n.;FR. 13;;Tamponamento;Rettilineo;Una carreggiata a doppio senso;Bagnato (umidit� in atto);Asfaltata;Verticale ed orizzontale;Nuvoloso;Normale;Buona;Ore Diurne;0;0;0;4;12.4728;41.9148;-1;2;Autovettura privata;In marcia / fermata / arresto;Conducente;M;Illeso;0;;;
4668048;2;20/11/2019 09:30:00;Strada Urbana;VIA DOMENICO ALBERTO AZUNI;in prossimit�;;del civico n.;FR. 13;;Tamponamento;Rettilineo;Una carreggiata a doppio senso;Bagnato (umidit� in atto);Asfaltata;Verticale ed orizzontale;Nuvoloso;Normale;Buona;Ore Diurne;0;0;0;4;12.4728;41.9148;-1;2;Autovettura privata;In marcia / fermata / arresto;Passeggero;M;Illeso;0;;;
4668048;2;20/11/2019 09:30:00;Strada Urbana;VIA DOMENICO ALBERTO AZUNI;in prossimit�;;del civico n.;FR. 13;;Tamponamento;Rettilineo;Una carreggiata a doppio senso;Bagnato (umidit� in atto);Asfaltata;Verticale ed orizzontale;Nuvoloso;Normale;Buona;Ore Diurne;0;0;0;4;12.4728;41.9148;-1;2;Autovettura privata;In marcia / fermata / arresto;Passeggero;M;Illeso;0;;;
4668052;2;20/11/2019 11:30:00;Strada Urbana;VIA ARCHIMEDE;all'intersezione con;VIA TEODORO MONTICELLI;VIA TEODORO MONTICELLI;;;Veicolo in marcia contro veicolo in sosta;Incrocio;Una carreggiata a senso unico di marcia;Bagnato (umidit� in atto);Asfaltata;Verticale ed orizzontale;Nuvoloso;Normale;Sufficiente;Ore Diurne;0;0;0;1;12.479;41.9257;-1;1;Autovettura privata;In marcia / fermata / arresto;Conducente;M;Illeso;0;;Non accertato;Inesploso
4668052;2;20/11/2019 11:30:00;Strada Urbana;VIA ARCHIMEDE;all'intersezione con;VIA TEODORO MONTICELLI;VIA TEODORO MONTICELLI;;;Veicolo in marcia contro veicolo in sosta;Incrocio;Una carreggiata a senso unico di marcia;Bagnato (umidit� in atto);Asfaltata;Verticale ed orizzontale;Nuvoloso;Normale;Sufficiente;Ore Diurne;0;0;0;1;12.479;41.9257;-1;2;Autovettura privata;Sosta;;;;;;;
4668060;2;20/11/2019 16:00:00;Strada Urbana;LUNGOTEVERE FLAMINIO;all'intersezione con;VIA MASOLINO DA PANICALE;VIA MASOLINO DA PANICALE;;;Scontro laterale fra veicoli in marcia;Incrocio;Due carreggiate;Asciutto;Asfaltata;Orizzontale;Sereno;Normale;Buona;Ore Diurne;1;0;0;2;12.4644;41.9242;-1;1;Motociclo a solo;In marcia / fermata / arresto;Conducente;M;Rimandato;0;NON DECEDUTO;;
4668060;2;20/11/2019 16:00:00;Strada Urbana;LUNGOTEVERE FLAMINIO;all'intersezione con;VIA MASOLINO DA PANICALE;VIA MASOLINO DA PANICALE;;;Scontro laterale fra veicoli in marcia;Incrocio;Due carreggiate;Asciutto;Asfaltata;Orizzontale;Sereno;Normale;Buona;Ore Diurne;1;0;0;2;12.4644;41.9242;-1;2;Autovettura privata;In marcia / fermata / arresto;Conducente;M;Illeso;0;;;
4668060;2;20/11/2019 16:00:00;Strada Urbana;LUNGOTEVERE FLAMINIO;all'intersezione con;VIA MASOLINO DA PANICALE;VIA MASOLINO DA PANICALE;;;Scontro laterale fra veicoli in marcia;Incrocio;Due carreggiate;Asciutto;Asfaltata;Orizzontale;Sereno;Normale;Buona;Ore Diurne;1;0;0;2;12.4644;41.9242;-1;2;Autovettura privata;In marcia / fermata / arresto;Passeggero;F;Illeso;0;;;
4668065;2;20/11/2019 18:45:00;Strada Urbana;VIA DI TRASONE;all'intersezione con;VIA POGGIO CATINO;VIA POGGIO CATINO;;;Scontro laterale fra veicoli in marcia;Incrocio;Una carreggiata a doppio senso;Bagnato (umidit� in atto);Asfaltata;Verticale;Nuvoloso;Normale;Buona;Sufficiente;0;0;0;2;12.5115;41.9297;-1;1;Autovettura privata;In marcia / fermata / arresto;Conducente;M;Illeso;0;;;
4668065;2;20/11/2019 18:45:00;Strada Urbana;VIA DI TRASONE;all'intersezione con;VIA POGGIO CATINO;VIA POGGIO CATINO;;;Scontro laterale fra veicoli in marcia;Incrocio;Una carreggiata a doppio senso;Bagnato (umidit� in atto);Asfaltata;Verticale;Nuvoloso;Normale;Buona;Sufficiente;0;0;0;2;12.5115;41.9297;-1;2;Quadriciclo leggero;In marcia / fermata / arresto;Conducente;M;Illeso;0;;;
4668067;2;20/11/2019 07:40:00;Strada Urbana;CIRCONVALLAZIONE SALARIA;da specificare;;;;dir. stadio pross. rampa per V.Salaria dir. centro;Scontro laterale fra veicoli in marcia;Curva a visuale libera;Due carreggiate;Asciutto;Asfaltata;Verticale ed orizzontale;Nuvoloso;Intenso;Buona;Ore Diurne;0;0;0;3;12.5207;41.9347;-1;1;Autovettura privata;In marcia / fermata / arresto;Conducente;M;Illeso;0;;;
4668067;2;20/11/2019 07:40:00;Strada Urbana;CIRCONVALLAZIONE SALARIA;da specificare;;;;dir. stadio pross. rampa per V.Salaria dir. centro;Scontro laterale fra veicoli in marcia;Curva a visuale libera;Due carreggiate;Asciutto;Asfaltata;Verticale ed orizzontale;Nuvoloso;Intenso;Buona;Ore Diurne;0;0;0;3;12.5207;41.9347;-1;1;Autovettura privata;In marcia / fermata / arresto;Passeggero;F;Illeso;0;;;
4668067;2;20/11/2019 07:40:00;Strada Urbana;CIRCONVALLAZIONE SALARIA;da specificare;;;;dir. stadio pross. rampa per V.Salaria dir. centro;Scontro laterale fra veicoli in marcia;Curva a visuale libera;Due carreggiate;Asciutto;Asfaltata;Verticale ed orizzontale;Nuvoloso;Intenso;Buona;Ore Diurne;0;0;0;3;12.5207;41.9347;-1;2;Autovettura privata;In marcia / fermata / arresto;Conducente;M;Illeso;0;;;
4668069;2;20/11/2019 19:30:00;Strada Urbana;VIALE PIETRO DE COUBERTIN;da specificare;;;;pross. via Nedo Nadi;Investimento di pedone;Rettilineo;Una carreggiata a senso unico di marcia;Asciutto;Asfaltata;Verticale ed orizzontale;Nuvoloso;Normale;Buona;Sufficiente;1;0;0;2;12.4733;41.9296;-1;;;;Pedone;F;Rimandato;0;NON DECEDUTO;;
4668069;2;20/11/2019 19:30:00;Strada Urbana;VIALE PIETRO DE COUBERTIN;da specificare;;;;pross. via Nedo Nadi;Investimento di pedone;Rettilineo;Una carreggiata a senso unico di marcia;Asciutto;Asfaltata;Verticale ed orizzontale;Nuvoloso;Normale;Buona;Sufficiente;1;0;0;2;12.4733;41.9296;-1;1;Autovettura privata;In marcia / fermata / arresto;Conducente;M;Illeso;0;;Non accertato;Inesploso
4668069;2;20/11/2019 19:30:00;Strada Urbana;VIALE PIETRO DE COUBERTIN;da specificare;;;;pross. via Nedo Nadi;Investimento di pedone;Rettilineo;Una carreggiata a senso unico di marcia;Asciutto;Asfaltata;Verticale ed orizzontale;Nuvoloso;Normale;Buona;Sufficiente;1;0;0;2;12.4733;41.9296;-1;1;Autovettura privata;In marcia / fermata / arresto;Passeggero;F;Illeso;0;;;Inesploso
4668101;2;01/11/2019 18:56:00;Strada Urbana;PIAZZA UNGHERIA;all'intersezione con;VIA PANAMA;VIA PANAMA;;;Scontro frontale/laterale SX fra veicoli in marcia;Intersezione stradale segnalata;Una carreggiata a doppio senso;Asciutto;Asfaltata;Verticale ed orizzontale;Sereno;Intenso;Sufficiente;Sufficiente;0;0;0;4;12.4927;41.9225;-1;1;Autovettura pubblica;In marcia / fermata / arresto;Conducente;M;Illeso;0;;;
4668101;2;01/11/2019 18:56:00;Strada Urbana;PIAZZA UNGHERIA;all'intersezione con;VIA PANAMA;VIA PANAMA;;;Scontro frontale/laterale SX fra veicoli in marcia;Intersezione stradale segnalata;Una carreggiata a doppio senso;Asciutto;Asfaltata;Verticale ed orizzontale;Sereno;Intenso;Sufficiente;Sufficiente;0;0;0;4;12.4927;41.9225;-1;2;Autovettura privata;In marcia / fermata / arresto;Conducente;M;Illeso;0;;;
4668101;2;01/11/2019 18:56:00;Strada Urbana;PIAZZA UNGHERIA;all'intersezione con;VIA PANAMA;VIA PANAMA;;;Scontro frontale/laterale SX fra veicoli in marcia;Intersezione stradale segnalata;Una carreggiata a doppio senso;Asciutto;Asfaltata;Verticale ed orizzontale;Sereno;Intenso;Sufficiente;Sufficiente;0;0;0;4;12.4927;41.9225;-1;2;Autovettura privata;In marcia / fermata / arresto;Passeggero;F;Illeso;0;;;
4668101;2;01/11/2019 18:56:00;Strada Urbana;PIAZZA UNGHERIA;all'intersezione con;VIA PANAMA;VIA PANAMA;;;Scontro frontale/laterale SX fra veicoli in marcia;Intersezione stradale segnalata;Una carreggiata a doppio senso;Asciutto;Asfaltata;Verticale ed orizzontale;Sereno;Intenso;Sufficiente;Sufficiente;0;0;0;4;12.4927;41.9225;-1;2;Autovettura privata;In marcia / fermata / arresto;Passeggero;M;Illeso;0;;;
4668111;2;21/11/2019 01:20:00;Strada Urbana;VIA SALARIA;da specificare;;;;fr civ. 472;Scontro laterale fra veicoli in marcia;Rettilineo;Una carreggiata a doppio senso;Bagnato (umidit� in atto);Asfaltata;Verticale ed orizzontale;Nuvoloso;Scarso;Sufficiente;Sufficiente;0;0;0;2;12.5091;41.9345;-1;1;Autovettura privata;In marcia / fermata / arresto;Conducente;M;Illeso;0;;Non accertato;Inesploso
4668111;2;21/11/2019 01:20:00;Strada Urbana;VIA SALARIA;da specificare;;;;fr civ. 472;Scontro laterale fra veicoli in marcia;Rettilineo;Una carreggiata a doppio senso;Bagnato (umidit� in atto);Asfaltata;Verticale ed orizzontale;Nuvoloso;Scarso;Sufficiente;Sufficiente;0;0;0;2;12.5091;41.9345;-1;2;Autovettura privata;In marcia / fermata / arresto;Conducente;F;Illeso;0;;Non accertato;Inesploso
4668127;12;20/11/2019 14:00:00;Provinciale;VIA OSTIENSE;da specificare;;;;dir. Ostia altezza rampa GRA dir. Fiumicino;Veicolo in marcia contro ostacolo accidentale;Rettilineo;Una carreggiata a senso unico di marcia;Asciutto;Con buche;Verticale ed orizzontale;Sereno;Normale;Buona;Ore Diurne;0;0;0;1;12.4215;41.8093;-1;1;Autovettura privata;In marcia / fermata / arresto;Conducente;F;Illeso;0;;Utilizzato;Inesploso
4668156;4;20/11/2019 19:30:00;Strada Urbana;VIA DELLA BUFALOTTA;in prossimit�;;del civico n.;255;;Scontro frontale/laterale SX fra veicoli in marcia;Rettilineo;Una carreggiata a doppio senso;Bagnato (umidit� in atto);Asfaltata;Verticale ed orizzontale;Nuvoloso;Intenso;Buona;Sufficiente;2;0;0;3;12.5449;41.9552;-1;1;Autovettura privata;In marcia / fermata / arresto;Conducente;F;Rimandato;0;NON DECEDUTO;;
4668156;4;20/11/2019 19:30:00;Strada Urbana;VIA DELLA BUFALOTTA;in prossimit�;;del civico n.;255;;Scontro frontale/laterale SX fra veicoli in marcia;Rettilineo;Una carreggiata a doppio senso;Bagnato (umidit� in atto);Asfaltata;Verticale ed orizzontale;Nuvoloso;Intenso;Buona;Sufficiente;2;0;0;3;12.5449;41.9552;-1;2;Autovettura privata;In marcia / fermata / arresto;Conducente;M;Illeso;0;;;
4668156;4;20/11/2019 19:30:00;Strada Urbana;VIA DELLA BUFALOTTA;in prossimit�;;del civico n.;255;;Scontro frontale/laterale SX fra veicoli in marcia;Rettilineo;Una carreggiata a doppio senso;Bagnato (umidit� in atto);Asfaltata;Verticale ed orizzontale;Nuvoloso;Intenso;Buona;Sufficiente;2;0;0;3;12.5449;41.9552;-1;2;Autovettura privata;In marcia / fermata / arresto;Passeggero;F;Illeso;0;;;Inesploso
4668156;4;20/11/2019 19:30:00;Strada Urbana;VIA DELLA BUFALOTTA;in prossimit�;;del civico n.;255;;Scontro frontale/laterale SX fra veicoli in marcia;Rettilineo;Una carreggiata a doppio senso;Bagnato (umidit� in atto);Asfaltata;Verticale ed orizzontale;Nuvoloso;Intenso;Buona;Sufficiente;2;0;0;3;12.5449;41.9552;-1;3;Autovettura privata;In marcia / fermata / arresto;Conducente;F;Rifiuta cure immediate;0;NON DECEDUTO;;
4668156;4;20/11/2019 19:30:00;Strada Urbana;VIA DELLA BUFALOTTA;in prossimit�;;del civico n.;255;;Scontro frontale/laterale SX fra veicoli in marcia;Rettilineo;Una carreggiata a doppio senso;Bagnato (umidit� in atto);Asfaltata;Verticale ed orizzontale;Nuvoloso;Intenso;Buona;Sufficiente;2;0;0;3;12.5449;41.9552;-1;3;Autovettura privata;In marcia / fermata / arresto;Passeggero;F;Illeso;0;;;
4668193;13;21/11/2019 07:40:00;Strada Urbana;VIA OSTIENSE;da specificare;;;;pross. Via di Acilia;Tamponamento;Rettilineo;Una carreggiata a senso unico di marcia;Bagnato (umidit� in atto);Asfaltata;Verticale ed orizzontale;Nuvoloso;Normale;Buona;Ore Diurne;0;0;0;3;12.4229;41.8109;-1;1;Autovettura privata;In marcia / fermata / arresto;Conducente;F;Illeso;0;;Non accertato;Inesploso
4668193;13;21/11/2019 07:40:00;Strada Urbana;VIA OSTIENSE;da specificare;;;;pross. Via di Acilia;Tamponamento;Rettilineo;Una carreggiata a senso unico di marcia;Bagnato (umidit� in atto);Asfaltata;Verticale ed orizzontale;Nuvoloso;Normale;Buona;Ore Diurne;0;0;0;3;12.4229;41.8109;-1;1;Autovettura privata;In marcia / fermata / arresto;Passeggero;F;Illeso;0;;Non accertato;Inesploso
4668193;13;21/11/2019 07:40:00;Strada Urbana;VIA OSTIENSE;da specificare;;;;pross. Via di Acilia;Tamponamento;Rettilineo;Una carreggiata a senso unico di marcia;Bagnato (umidit� in atto);Asfaltata;Verticale ed orizzontale;Nuvoloso;Normale;Buona;Ore Diurne;0;0;0;3;12.4229;41.8109;-1;2;Autocarro superiore 35 q.;In marcia / fermata / arresto;Conducente;M;Illeso;0;;Non accertato;Inesploso
4668229;1;04/11/2019 15:30:00;Strada Urbana;VIA GIOVANNI GIOLITTI;all'intersezione con;VIA CARLO CATTANEO;VIA CARLO CATTANEO;;;Veicolo in marcia contro veicolo fermo;Incrocio;Una carreggiata a senso unico di marcia;Asciutto;Asfaltata;Verticale ed orizzontale;Sereno;Scarso;Buona;Ore Diurne;0;0;0;2;12.507;41.8965;-1;1;Autovettura privata;In marcia / fermata / arresto;Conducente;M;Illeso;0;;;
4668229;1;04/11/2019 15:30:00;Strada Urbana;VIA GIOVANNI GIOLITTI;all'intersezione con;VIA CARLO CATTANEO;VIA CARLO CATTANEO;;;Veicolo in marcia contro veicolo fermo;Incrocio;Una carreggiata a senso unico di marcia;Asciutto;Asfaltata;Verticale ed orizzontale;Sereno;Scarso;Buona;Ore Diurne;0;0;0;2;12.507;41.8965;-1;2;Autovettura privata;In marcia / fermata / arresto;Conducente;M;Illeso;0;;;
4668268;12;20/11/2019 14:10:00;Provinciale;VIA OSTIENSE;da specificare;;;;dir. Ostia altezza rampa GRA dir. Fiumicino;Veicolo in marcia contro ostacolo accidentale;Rettilineo;Una carreggiata a senso unico di marcia;Asciutto;Con buche;Verticale ed orizzontale;Sereno;Normale;Buona;Ore Diurne;0;0;0;1;12.4209;41.8089;-1;1;Autovettura privata;In marcia / fermata / arresto;Conducente;M;Illeso;0;;Utilizzato;Inesploso
4668314;12;20/11/2019 15:50:00;Strada Urbana;VIA CINA;in corrispondenza;;del civico n.;4;;Investimento di pedone;Rettilineo;Una carreggiata a senso unico di marcia;Asciutto;Asfaltata;Verticale ed orizzontale;Sereno;Normale;Buona;Ore Diurne;1;0;0;4;12.4377;41.8163;-1;;;;Pedone;F;Rimandato;0;NON DECEDUTO;;
4668314;12;20/11/2019 15:50:00;Strada Urbana;VIA CINA;in corrispondenza;;del civico n.;4;;Investimento di pedone;Rettilineo;Una carreggiata a senso unico di marcia;Asciutto;Asfaltata;Verticale ed orizzontale;Sereno;Normale;Buona;Ore Diurne;1;0;0;4;12.4377;41.8163;-1;1;Autovettura privata;In marcia / fermata / arresto;Conducente;F;Illeso;0;;Utilizzato;Inesploso
4668314;12;20/11/2019 15:50:00;Strada Urbana;VIA CINA;in corrispondenza;;del civico n.;4;;Investimento di pedone;Rettilineo;Una carreggiata a senso unico di marcia;Asciutto;Asfaltata;Verticale ed orizzontale;Sereno;Normale;Buona;Ore Diurne;1;0;0;4;12.4377;41.8163;-1;1;Autovettura privata;In marcia / fermata / arresto;Passeggero;F;Illeso;0;;Utilizzato;Inesploso
4668314;12;20/11/2019 15:50:00;Strada Urbana;VIA CINA;in corrispondenza;;del civico n.;4;;Investimento di pedone;Rettilineo;Una carreggiata a senso unico di marcia;Asciutto;Asfaltata;Verticale ed orizzontale;Sereno;Normale;Buona;Ore Diurne;1;0;0;4;12.4377;41.8163;-1;1;Autovettura privata;In marcia / fermata / arresto;Passeggero;F;Illeso;0;;Utilizzato;Inesploso
4668314;12;20/11/2019 15:50:00;Strada Urbana;VIA CINA;in corrispondenza;;del civico n.;4;;Investimento di pedone;Rettilineo;Una carreggiata a senso unico di marcia;Asciutto;Asfaltata;Verticale ed orizzontale;Sereno;Normale;Buona;Ore Diurne;1;0;0;4;12.4377;41.8163;-1;1;Autovettura privata;In marcia / fermata / arresto;Passeggero;F;Illeso;0;;Utilizzato;Inesploso
4668347;12;20/11/2019 20:00:00;Strada Urbana;VIA ALVARO DEL PORTILLO;in prossimit�;;del civico n.;282;;Veicolo in marcia contro veicoli in sosta;Rettilineo;Una carreggiata a doppio senso;Bagnato (pioggia);Asfaltata;Verticale ed orizzontale;Pioggia in atto;Normale;Sufficiente;Sufficiente;0;0;0;1;12.4758;41.7817;-1;1;Autovettura privata;In marcia / fermata / arresto;Conducente;M;Illeso;0;;Utilizzato;
4668347;12;20/11/2019 20:00:00;Strada Urbana;VIA ALVARO DEL PORTILLO;in prossimit�;;del civico n.;282;;Veicolo in marcia contro veicoli in sosta;Rettilineo;Una carreggiata a doppio senso;Bagnato (pioggia);Asfaltata;Verticale ed orizzontale;Pioggia in atto;Normale;Sufficiente;Sufficiente;0;0;0;1;12.4758;41.7817;-1;2;Autovettura privata;Sosta;;;;;;;
4668347;12;20/11/2019 20:00:00;Strada Urbana;VIA ALVARO DEL PORTILLO;in prossimit�;;del civico n.;282;;Veicolo in marcia contro veicoli in sosta;Rettilineo;Una carreggiata a doppio senso;Bagnato (pioggia);Asfaltata;Verticale ed orizzontale;Pioggia in atto;Normale;Sufficiente;Sufficiente;0;0;0;1;12.4758;41.7817;-1;3;Autovettura privata;Sosta;;;;;;;