Protocollo;Gruppo;DataOraIncidente;Localizzazione1;STRADA1;Localizzazione2;STRADA2;Strada02;Chilometrica;DaSpecificare;NaturaIncidente;particolaritastrade;TipoStrada;FondoStradale;Pavimentazione;Segnaletica;CondizioneAtmosferica;Traffico;Visibilita;Illuminazione;NUM_FERITI;NUM_RISERVATA;NUM_MORTI;NUM_ILLESI;Longitudine;Latitudine;Confermato;Progressivo;TipoVeicolo;StatoVeicolo;TipoPersona;Sesso;Tipolesione;Deceduto;DecedutoDopo;CinturaCascoUtilizzato;Airbag;
4668359;13;21/11/2019 10:35:00;Strada Urbana;VIA ARISTIDE CARABELLI;all'intersezione con;VIA CORRADO DEL GRECO;VIA CORRADO DEL GRECO;;;Scontro frontale/laterale DX fra veicoli in marcia;Incrocio;Una carreggiata a doppio senso;Bagnato (pioggia);Asfaltata;Verticale ed orizzontale;Pioggia in atto;Normale;Buona;Ore Diurne;0;0;0;5;12.2685;41.7387;-1;1;Autovettura privata;In marcia / fermata / arresto;Conducente;M;Illeso;0;;Non accertato;Inesploso
4668359;13;21/11/2019 10:35:00;Strada Urbana;VIA ARISTIDE CARABELLI;all'intersezione con;VIA CORRADO DEL GRECO;VIA CORRADO DEL GRECO;;;Scontro frontale/laterale DX fra veicoli in marcia;Incrocio;Una carreggiata a doppio senso;Bagnato (pioggia);Asfaltata;Verticale ed orizzontale;Pioggia in atto;Normale;Buona;Ore Diurne;0;0;0;5;12.2685;41.7387;-1;2;Autovettura privata;In marcia / fermata / arresto;Conducente;F;Illeso;0;;Non accertato;Inesploso
4668359;13;21/11/2019 10:35:00;Strada Urbana;VIA ARISTIDE CARABELLI;all'intersezione con;VIA CORRADO DEL GRECO;VIA CORRADO DEL GRECO;;;Scontro frontale/laterale DX fra veicoli in marcia;Incrocio;Una carreggiata a doppio senso;Bagnato (pioggia);Asfaltata;Verticale ed orizzontale;Pioggia in atto;Normale;Buona;Ore Diurne;0;0;0;5;12.2685;41.7387;-1;2;Autovettura privata;In marcia / fermata / arresto;Passeggero;F;Illeso;0;;Non accertato;Inesploso
4668359;13;21/11/2019 10:35:00;Strada Urbana;VIA ARISTIDE CARABELLI;all'intersezione con;VIA CORRADO DEL GRECO;VIA CORRADO DEL GRECO;;;Scontro frontale/laterale DX fra veicoli in marcia;Incrocio;Una carreggiata a doppio senso;Bagnato (pioggia);Asfaltata;Verticale ed orizzontale;Pioggia in atto;Normale;Buona;Ore Diurne;0;0;0;5;12.2685;41.7387;-1;3;Autovettura privata;In marcia / fermata / arresto;Conducente;M;Illeso;0;;Non accertato;Inesploso
4668359;13;21/11/2019 10:35:00;Strada Urbana;VIA ARISTIDE CARABELLI;all'intersezione con;VIA CORRADO DEL GRECO;VIA CORRADO DEL GRECO;;;Scontro frontale/laterale DX fra veicoli in marcia;Incrocio;Una carreggiata a doppio senso;Bagnato (pioggia);Asfaltata;Verticale ed orizzontale;Pioggia in atto;Normale;Buona;Ore Diurne;0;0;0;5;12.2685;41.7387;-1;3;Autovettura privata;In marcia / fermata / arresto;Passeggero;F;Illeso;0;;Non accertato;Inesploso
4668393;12;20/11/2019 11:31:00;Provinciale;VIA OSTIENSE;da specificare;;;;rampe dir. Ostia ;Veicolo in marcia contro ostacolo accidentale;Rettilineo;Una carreggiata a senso unico di marcia;Asciutto;Strada pavimentata dissestata;Verticale ed orizzontale;Sereno;Intenso;Sufficiente;Ore Diurne;0;0;0;1;12.4133;41.7981;-1;1;Autovettura privata;In marcia / fermata / arresto;Conducente;F;Illeso;0;;Non accertato;Inesploso
4668402;12;20/11/2019 12:01:00;Provinciale;VIA OSTIENSE;da specificare;;;;pross. rampa Fiumicino dir Ostia;Veicolo in marcia contro ostacolo accidentale;Rettilineo;Una carreggiata a senso unico di marcia;Asciutto;Strada pavimentata dissestata;Verticale ed orizzontale;Sereno;Normale;Buona;Ore Diurne;0;0;0;1;12.4123;41.7981;-1;1;Autovettura privata;In marcia / fermata / arresto;Conducente;F;Illeso;0;;Utilizzato;Inesploso
4668493;9;21/11/2019 10:20:00;Strada Urbana;VIA TUSCOLANA;in corrispondenza;;del civico n.;252;;Scontro laterale fra veicoli in marcia;Rettilineo;Due carreggiate;Bagnato (umidit� in atto);Asfaltata;Verticale ed orizzontale;Nuvoloso;Intenso;Buona;Ore Diurne;1;0;0;2;12.5246;41.8775;-1;1;Autovettura privata;In marcia / fermata / arresto;Conducente;M;Illeso;0;;Non accertato;Inesploso
4668493;9;21/11/2019 10:20:00;Strada Urbana;VIA TUSCOLANA;in corrispondenza;;del civico n.;252;;Scontro laterale fra veicoli in marcia;Rettilineo;Due carreggiate;Bagnato (umidit� in atto);Asfaltata;Verticale ed orizzontale;Nuvoloso;Intenso;Buona;Ore Diurne;1;0;0;2;12.5246;41.8775;-1;1;Autovettura privata;In marcia / fermata / arresto;Passeggero;M;Illeso;0;;Non accertato;Inesploso
4668493;9;21/11/2019 10:20:00;Strada Urbana;VIA TUSCOLANA;in corrispondenza;;del civico n.;252;;Scontro laterale fra veicoli in marcia;Rettilineo;Due carreggiate;Bagnato (umidit� in atto);Asfaltata;Verticale ed orizzontale;Nuvoloso;Intenso;Buona;Ore Diurne;1;0;0;2;12.5246;41.8775;-1;2;Motociclo a solo;In marcia / fermata / arresto;Conducente;M;Rimandato;0;NON DECEDUTO;;
4668495;15;21/11/2019 10:15:00;Strada Urbana;VIA DEGLI ORTI DELLA MAGLIANA;in corrispondenza;;del civico n.;4;;Veicolo in marcia contro ostacolo fisso;Rettilineo;Una carreggiata a doppio senso;Bagnato (umidit� in atto);Asfaltata;Verticale ed orizzontale;Nuvoloso;Scarso;Buona;Ore Diurne;0;0;0;1;12.4287;41.8448;-1;1;Autovettura privata;In marcia / fermata / arresto;Conducente;F;Illeso;0;;;
4668547;12;21/11/2019 05:10:00;Strada Urbana;VIA PONTINA;da specificare;;;;altezza KM 18.800 direzione Pomezia;Fuoriuscita dalla sede stradale;Curva a visuale libera;Una carreggiata a doppio senso;Bagnato (pioggia);Asfaltata;Verticale ed orizzontale;Nuvoloso;Scarso;Sufficiente;Sufficiente;1;0;0;0;12.4522;41.7941;-1;1;Autovettura privata;In marcia / fermata / arresto;Conducente;M;Rimandato;0;NON DECEDUTO;Utilizzato;Inesploso
4668622;11;21/11/2019 14:05:00;Strada Urbana;VIA DELLA VILLA DI LUCINA;in prossimit�;;del civico n.;51;;Veicolo in marcia contro veicolo arresto;Rettilineo;Due carreggiate;Bagnato (pioggia);Asfaltata;Verticale ed orizzontale;Nuvoloso;Scarso;Buona;Ore Diurne;0;0;0;4;12.4847;41.8567;-1;1;Autovettura privata;In marcia / fermata / arresto;Conducente;M;Illeso;0;;Non accertato;Inesploso
4668622;11;21/11/2019 14:05:00;Strada Urbana;VIA DELLA VILLA DI LUCINA;in prossimit�;;del civico n.;51;;Veicolo in marcia contro veicolo arresto;Rettilineo;Due carreggiate;Bagnato (pioggia);Asfaltata;Verticale ed orizzontale;Nuvoloso;Scarso;Buona;Ore Diurne;0;0;0;4;12.4847;41.8567;-1;1;Autovettura privata;In marcia / fermata / arresto;Passeggero;F;Illeso;0;;Non accertato;Inesploso
4668622;11;21/11/2019 14:05:00;Strada Urbana;VIA DELLA VILLA DI LUCINA;in prossimit�;;del civico n.;51;;Veicolo in marcia contro veicolo arresto;Rettilineo;Due carreggiate;Bagnato (pioggia);Asfaltata;Verticale ed orizzontale;Nuvoloso;Scarso;Buona;Ore Diurne;0;0;0;4;12.4847;41.8567;-1;1;Autovettura privata;In marcia / fermata / arresto;Passeggero;F;Illeso;0;;Non accertato;Inesistente
4668622;11;21/11/2019 14:05:00;Strada Urbana;VIA DELLA VILLA DI LUCINA;in prossimit�;;del civico n.;51;;Veicolo in marcia contro veicolo arresto;Rettilineo;Due carreggiate;Bagnato (pioggia);Asfaltata;Verticale ed orizzontale;Nuvoloso;Scarso;Buona;Ore Diurne;0;0;0;4;12.4847;41.8567;-1;2;Autovettura privata;In marcia / fermata / arresto;Conducente;M;Illeso;0;;Non accertato;Inesploso
4668738;1;21/11/2019 08:50:00;Strada Urbana;LUNGOTEVERE AVENTINO;in prossimit�;;del palo luce n.;2;;Tamponamento;Rettilineo;Due carreggiate;Bagnato (umidit� in atto);Asfaltata;Verticale ed orizzontale;Nuvoloso;Normale;Buona;Ore Diurne;0;0;0;2;12.479;41.8855;-1;1;Autovettura privata;In marcia / fermata / arresto;Conducente;F;Illeso;0;;;
4668738;1;21/11/2019 08:50:00;Strada Urbana;LUNGOTEVERE AVENTINO;in prossimit�;;del palo luce n.;2;;Tamponamento;Rettilineo;Due carreggiate;Bagnato (umidit� in atto);Asfaltata;Verticale ed orizzontale;Nuvoloso;Normale;Buona;Ore Diurne;0;0;0;2;12.479;41.8855;-1;2;Motociclo a solo;In marcia / fermata / arresto;Conducente;M;Illeso;0;;;
4668738;1;21/11/2019 08:50:00;Strada Urbana;LUNGOTEVERE AVENTINO;in prossimit�;;del palo luce n.;2;;Tamponamento;Rettilineo;Due carreggiate;Bagnato (umidit� in atto);Asfaltata;Verticale ed orizzontale;Nuvoloso;Normale;Buona;Ore Diurne;0;0;0;2;12.479;41.8855;-1;3;Autovettura privata;Sosta;;;;;;;
4668763;3;20/11/2019 13:00:00;Strada Urbana;PIAZZALE DEL VERANO;da specificare;;;;altezza chiosco rosa nr. 3;Scontro frontale/laterale DX fra veicoli in marcia;Rotatoria;Una carreggiata a senso unico di marcia;Sdrucciolevole (pietrisco);Asfaltata;Orizzontale;Nuvoloso;Scarso;Buona;Ore Diurne;0;0;0;2;12.5188;41.9012;-1;1;Motociclo a solo;In marcia / fermata / arresto;Conducente;M;Illeso;0;;Non accertato;
4668763;3;20/11/2019 13:00:00;Strada Urbana;PIAZZALE DEL VERANO;da specificare;;;;altezza chiosco rosa nr. 3;Scontro frontale/laterale DX fra veicoli in marcia;Rotatoria;Una carreggiata a senso unico di marcia;Sdrucciolevole (pietrisco);Asfaltata;Orizzontale;Nuvoloso;Scarso;Buona;Ore Diurne;0;0;0;2;12.5188;41.9012;-1;2;Autovettura privata;In marcia / fermata / arresto;Conducente;M;Illeso;0;;Non accertato;Inesploso
4668772;3;20/11/2019 19:10:00;Strada Urbana;VIALE DELLO SCALO S. LORENZO;da specificare;;;;fronte civico 95;Tamponamento Multiplo;Curva a visuale libera;Una carreggiata a senso unico di marcia;Asciutto;Asfaltata;Orizzontale;Nuvoloso;Scarso;Buona;Sufficiente;0;0;0;4;12.518;41.8952;-1;1;Autovettura privata;In marcia / fermata / arresto;Conducente;M;Illeso;0;;Non accertato;Inesploso
4668772;3;20/11/2019 19:10:00;Strada Urbana;VIALE DELLO SCALO S. LORENZO;da specificare;;;;fronte civico 95;Tamponamento Multiplo;Curva a visuale libera;Una carreggiata a senso unico di marcia;Asciutto;Asfaltata;Orizzontale;Nuvoloso;Scarso;Buona;Sufficiente;0;0;0;4;12.518;41.8952;-1;2;Autovettura privata;In marcia / fermata / arresto;Conducente;M;Illeso;0;;Non accertato;Inesploso
4668772;3;20/11/2019 19:10:00;Strada Urbana;VIALE DELLO SCALO S. LORENZO;da specificare;;;;fronte civico 95;Tamponamento Multiplo;Curva a visuale libera;Una carreggiata a senso unico di marcia;Asciutto;Asfaltata;Orizzontale;Nuvoloso;Scarso;Buona;Sufficiente;0;0;0;4;12.518;41.8952;-1;3;Autovettura privata;In marcia / fermata / arresto;Conducente;F;Illeso;0;;Non accertato;Inesploso
4668772;3;20/11/2019 19:10:00;Strada Urbana;VIALE DELLO SCALO S. LORENZO;da specificare;;;;fronte civico 95;Tamponamento Multiplo;Curva a visuale libera;Una carreggiata a senso unico di marcia;Asciutto;Asfaltata;Orizzontale;Nuvoloso;Scarso;Buona;Sufficiente;0;0;0;4;12.518;41.8952;-1;3;Autovettura privata;In marcia / fermata / arresto;Passeggero;F;Illeso;0;;Utilizzato;Inesploso
4668794;10;21/11/2019 15:55:00;Strada Urbana;VIA TUSCOLANA;da specificare;;;;sotto cavalcavia gra dir roma centro;Veicolo in marcia contro ostacolo fisso;Cavalcavia;Due carreggiate;Bagnato (pioggia);Asfaltata;Verticale ed orizzontale;Pioggia in atto;Normale;Buona;Ore Diurne;0;0;0;1;12.5917;41.8397;-1;1;Quadriciclo leggero;In marcia / fermata / arresto;Conducente;M;Illeso;0;;Non accertato;Inesploso
4668851;1;21/11/2019 13:55:00;Strada Urbana;VIA PRINCIPE UMBERTO;all'intersezione con;VIA CAIROLI;VIA CAIROLI;;;Scontro frontale/laterale DX fra veicoli in marcia;Intersezione stradale segnalata;Una carreggiata a senso unico di marcia;Bagnato (pioggia);Asfaltata;Verticale ed orizzontale;Pioggia in atto;Normale;Sufficiente;Ore Diurne;0;0;0;1;12.5092;41.8944;-1;1;Autovettura privata;In marcia / fermata / arresto;Conducente;M;Illeso;0;;;
4668851;1;21/11/2019 13:55:00;Strada Urbana;VIA PRINCIPE UMBERTO;all'intersezione con;VIA CAIROLI;VIA CAIROLI;;;Scontro frontale/laterale DX fra veicoli in marcia;Intersezione stradale segnalata;Una carreggiata a senso unico di marcia;Bagnato (pioggia);Asfaltata;Verticale ed orizzontale;Pioggia in atto;Normale;Sufficiente;Ore Diurne;0;0;0;1;12.5092;41.8944;-1;2;Motociclo a solo;Allontanatosi;;;;;;;
4668860;3;20/11/2019 20:10:00;Strada Urbana;VIA TIBURTINA ANTICA;da specificare;;;;fronte civico 38;Veicolo in marcia contro veicoli in sosta;Rettilineo;Una carreggiata a doppio senso;Bagnato (umidit� in atto);Asfaltata;Assente;Nuvoloso;Scarso;Buona;Sufficiente;0;0;0;2;12.512;41.8974;-1;1;Autovettura privata;In marcia / fermata / arresto;Conducente;F;Illeso;0;;Non accertato;
4668860;3;20/11/2019 20:10:00;Strada Urbana;VIA TIBURTINA ANTICA;da specificare;;;;fronte civico 38;Veicolo in marcia contro veicoli in sosta;Rettilineo;Una carreggiata a doppio senso;Bagnato (umidit� in atto);Asfaltata;Assente;Nuvoloso;Scarso;Buona;Sufficiente;0;0;0;2;12.512;41.8974;-1;1;Autovettura privata;In marcia / fermata / arresto;Passeggero;F;Illeso;0;;Non accertato;
4668860;3;20/11/2019 20:10:00;Strada Urbana;VIA TIBURTINA ANTICA;da specificare;;;;fronte civico 38;Veicolo in marcia contro veicoli in sosta;Rettilineo;Una carreggiata a doppio senso;Bagnato (umidit� in atto);Asfaltata;Assente;Nuvoloso;Scarso;Buona;Sufficiente;0;0;0;2;12.512;41.8974;-1;2;Autovettura privata;Sosta;;;;;;;
4668860;3;20/11/2019 20:10:00;Strada Urbana;VIA TIBURTINA ANTICA;da specificare;;;;fronte civico 38;Veicolo in marcia contro veicoli in sosta;Rettilineo;Una carreggiata a doppio senso;Bagnato (umidit� in atto);Asfaltata;Assente;Nuvoloso;Scarso;Buona;Sufficiente;0;0;0;2;12.512;41.8974;-1;3;Autovettura privata;Sosta;;;;;;;
4668879;3;20/11/2019 11:15:00;Strada Urbana;CIRCONVALLAZIONE TIBURTINA;da specificare;;;;DIREZIONE SALARIA ALTEZZA A24;Tamponamento;Rettilineo;Una carreggiata a senso unico di marcia;Asciutto;Asfaltata;Verticale ed orizzontale;Nuvoloso;Normale;Buona;Ore Diurne;1;0;0;1;12.5301;41.9009;-1;1;Autovettura privata;In marcia / fermata / arresto;Conducente;M;Ricoverato;0;NON DECEDUTO;Non accertato;
4668879;3;20/11/2019 11:15:00;Strada Urbana;CIRCONVALLAZIONE TIBURTINA;da specificare;;;;DIREZIONE SALARIA ALTEZZA A24;Tamponamento;Rettilineo;Una carreggiata a senso unico di marcia;Asciutto;Asfaltata;Verticale ed orizzontale;Nuvoloso;Normale;Buona;Ore Diurne;1;0;0;1;12.5301;41.9009;-1;2;Autovettura privata;In marcia / fermata / arresto;Conducente;F;Illeso;0;;;
4668881;11;21/11/2019 16:15:00;Strada Urbana;VIALE GUGLIELMO MASSAIA;all'intersezione con;VIA ROBERTO DE NOBILI;VIA ROBERTO DE NOBILI;;;Scontro frontale/laterale SX fra veicoli in marcia;Intersezione stradale segnalata;Una carreggiata a doppio senso;Bagnato (pioggia);Asfaltata;Verticale ed orizzontale;Nuvoloso;Scarso;Buona;Ore Diurne;1;0;0;2;12.4918;41.8648;-1;1;Autovettura privata;In marcia / fermata / arresto;Conducente;M;Illeso;0;;Non accertato;Esploso
4668881;11;21/11/2019 16:15:00;Strada Urbana;VIALE GUGLIELMO MASSAIA;all'intersezione con;VIA ROBERTO DE NOBILI;VIA ROBERTO DE NOBILI;;;Scontro frontale/laterale SX fra veicoli in marcia;Intersezione stradale segnalata;Una carreggiata a doppio senso;Bagnato (pioggia);Asfaltata;Verticale ed orizzontale;Nuvoloso;Scarso;Buona;Ore Diurne;1;0;0;2;12.4918;41.8648;-1;1;Autovettura privata;In marcia / fermata / arresto;Passeggero;F;Illeso;0;;Non accertato;Inesploso
4668881;11;21/11/2019 16:15:00;Strada Urbana;VIALE GUGLIELMO MASSAIA;all'intersezione con;VIA ROBERTO DE NOBILI;VIA ROBERTO DE NOBILI;;;Scontro frontale/laterale SX fra veicoli in marcia;Intersezione stradale segnalata;Una carreggiata a doppio senso;Bagnato (pioggia);Asfaltata;Verticale ed orizzontale;Nuvoloso;Scarso;Buona;Ore Diurne;1;0;0;2;12.4918;41.8648;-1;2;Autovettura privata;In marcia / fermata / arresto;Conducente;F;Rimandato;0;NON DECEDUTO;Non accertato;Inesploso
4668897;18;21/11/2019 10:00:00;Strada Urbana;VIA GREGORIO VII;in prossimit�;;del civico n.;162A;;Veicolo in marcia contro veicolo in sosta;Pendenza;Due carreggiate;Asciutto;Asfaltata;Verticale ed orizzontale;Nuvoloso;Scarso;Sufficiente;Sufficiente;0;0;0;0;12.4443;41.8962;-1;2;Autovettura privata;Sosta;;;;;;;
4668916;19;21/11/2019 16:10:00;Strada Urbana;VIA PAOLO ROSI;all'intersezione con;PIAZZA GINO PALLOTTA;PIAZZA GINO PALLOTTA;;;Scontro laterale fra veicoli in marcia;Incrocio;Una carreggiata a senso unico di marcia;Asciutto;Asfaltata;Verticale ed orizzontale;Nuvoloso;Scarso;Buona;Ore Diurne;0;0;0;3;12.397;41.9326;-1;1;Autovettura privata;In marcia / fermata / arresto;Conducente;M;Illeso;0;;;
4668916;19;21/11/2019 16:10:00;Strada Urbana;VIA PAOLO ROSI;all'intersezione con;PIAZZA GINO PALLOTTA;PIAZZA GINO PALLOTTA;;;Scontro laterale fra veicoli in marcia;Incrocio;Una carreggiata a senso unico di marcia;Asciutto;Asfaltata;Verticale ed orizzontale;Nuvoloso;Scarso;Buona;Ore Diurne;0;0;0;3;12.397;41.9326;-1;1;Autovettura privata;In marcia / fermata / arresto;Passeggero;F;Illeso;0;;;
4668916;19;21/11/2019 16:10:00;Strada Urbana;VIA PAOLO ROSI;all'intersezione con;PIAZZA GINO PALLOTTA;PIAZZA GINO PALLOTTA;;;Scontro laterale fra veicoli in marcia;Incrocio;Una carreggiata a senso unico di marcia;Asciutto;Asfaltata;Verticale ed orizzontale;Nuvoloso;Scarso;Buona;Ore Diurne;0;0;0;3;12.397;41.9326;-1;2;Autovettura privata;In marcia / fermata / arresto;Conducente;F;Illeso;0;;;
4668938;10;21/11/2019 17:00:00;Strada Urbana;PIAZZA QUINTO CURZIO;in prossimit�;;del civico n.;32;;Tamponamento;Rotatoria;Una carreggiata a senso unico di marcia;Bagnato (pioggia);Asfaltata;Verticale ed orizzontale;Nuvoloso;Normale;Sufficiente;Sufficiente;0;0;0;2;12.5684;41.8558;-1;1;Autovettura privata;In marcia / fermata / arresto;Conducente;F;Illeso;0;;Non accertato;Inesploso
4668938;10;21/11/2019 17:00:00;Strada Urbana;PIAZZA QUINTO CURZIO;in prossimit�;;del civico n.;32;;Tamponamento;Rotatoria;Una carreggiata a senso unico di marcia;Bagnato (pioggia);Asfaltata;Verticale ed orizzontale;Nuvoloso;Normale;Sufficiente;Sufficiente;0;0;0;2;12.5684;41.8558;-1;2;Velocipede;In marcia / fermata / arresto;Conducente;M;Illeso;0;;Esente;
4668965;7;15/11/2019 16:30:00;Strada Urbana;VIA RAFFAELE COSTI;all'intersezione con;VIA VIRGILIO GUIDI;VIA VIRGILIO GUIDI;;;Scontro frontale fra veicoli in marcia;Incrocio;Una carreggiata a doppio senso;Bagnato (pioggia);Asfaltata;Verticale ed orizzontale;Pioggia in atto;Normale;Sufficiente;Ore Diurne;0;0;0;2;12.5971;41.9106;-1;1;Autovettura privata;In marcia / fermata / arresto;Conducente;M;Illeso;0;;;
4668965;7;15/11/2019 16:30:00;Strada Urbana;VIA RAFFAELE COSTI;all'intersezione con;VIA VIRGILIO GUIDI;VIA VIRGILIO GUIDI;;;Scontro frontale fra veicoli in marcia;Incrocio;Una carreggiata a doppio senso;Bagnato (pioggia);Asfaltata;Verticale ed orizzontale;Pioggia in atto;Normale;Sufficiente;Ore Diurne;0;0;0;2;12.5971;41.9106;-1;2;Autovettura privata;In marcia / fermata / arresto;Conducente;M;Illeso;0;;;
4668974;12;21/11/2019 02:10:00;Strada Urbana;VIA LAURENTINA;all'intersezione con;VIA DI ACQUA ACETOSA OSTIENSE;VIA DI ACQUA ACETOSA OSTIENSE;;;Veicolo in marcia contro ostacolo fisso;Intersezione semaforizzata;Due carreggiate;Bagnato (pioggia);Asfaltata;Verticale ed orizzontale;Nuvoloso;Scarso;Buona;Sufficiente;0;0;0;2;12.4849;41.809;-1;1;Autovettura privata;In marcia / fermata / arresto;Conducente;M;Illeso;0;;;
4668974;12;21/11/2019 02:10:00;Strada Urbana;VIA LAURENTINA;all'intersezione con;VIA DI ACQUA ACETOSA OSTIENSE;VIA DI ACQUA ACETOSA OSTIENSE;;;Veicolo in marcia contro ostacolo fisso;Intersezione semaforizzata;Due carreggiate;Bagnato (pioggia);Asfaltata;Verticale ed orizzontale;Nuvoloso;Scarso;Buona;Sufficiente;0;0;0;2;12.4849;41.809;-1;1;Autovettura privata;In marcia / fermata / arresto;Passeggero;F;Illeso;0;;;
4668980;12;20/11/2019 08:20:00;Strada Urbana;VIA TOMMASO ARCIDIACONO;all'intersezione con;VIA ROBERTO FERRUZZI;VIA ROBERTO FERRUZZI;;;Scontro frontale/laterale SX fra veicoli in marcia;Incrocio;Due carreggiate;Asciutto;Asfaltata;Verticale ed orizzontale;Nuvoloso;Normale;Buona;Ore Diurne;0;0;0;3;12.511;41.8243;-1;1;Autovettura privata;In marcia / fermata / arresto;Conducente;F;Illeso;0;;;
4668980;12;20/11/2019 08:20:00;Strada Urbana;VIA TOMMASO ARCIDIACONO;all'intersezione con;VIA ROBERTO FERRUZZI;VIA ROBERTO FERRUZZI;;;Scontro frontale/laterale SX fra veicoli in marcia;Incrocio;Due carreggiate;Asciutto;Asfaltata;Verticale ed orizzontale;Nuvoloso;Normale;Buona;Ore Diurne;0;0;0;3;12.511;41.8243;-1;1;Autovettura privata;In marcia / fermata / arresto;Passeggero;M;Illeso;0;;Utilizzato;
4668980;12;20/11/2019 08:20:00;Strada Urbana;VIA TOMMASO ARCIDIACONO;all'intersezione con;VIA ROBERTO FERRUZZI;VIA ROBERTO FERRUZZI;;;Scontro frontale/laterale SX fra veicoli in marcia;Incrocio;Due carreggiate;Asciutto;Asfaltata;Verticale ed orizzontale;Nuvoloso;Normale;Buona;Ore Diurne;0;0;0;3;12.511;41.8243;-1;2;Autovettura privata;In marcia / fermata / arresto;Conducente;F;Illeso;0;;Utilizzato;Inesploso
4668981;16;20/11/2019 07:40:00;Strada Urbana;CIRCONVALLAZIONE GIANICOLENSE;in prossimit�;;del civico n.;113/A;;Scontro laterale fra veicoli in marcia;Rettilineo;Due carreggiate;Bagnato (pioggia);Asfaltata;Verticale ed orizzontale;Nuvoloso;Normale;Buona;Ore Diurne;0;0;0;3;12.45;41.8709;-1;1;Autovettura privata;In marcia / fermata / arresto;Conducente;F;Illeso;0;;Non accertato;Inesploso
4668981;16;20/11/2019 07:40:00;Strada Urbana;CIRCONVALLAZIONE GIANICOLENSE;in prossimit�;;del civico n.;113/A;;Scontro laterale fra veicoli in marcia;Rettilineo;Due carreggiate;Bagnato (pioggia);Asfaltata;Verticale ed orizzontale;Nuvoloso;Normale;Buona;Ore Diurne;0;0;0;3;12.45;41.8709;-1;1;Autovettura privata;In marcia / fermata / arresto;Passeggero;F;Illeso;0;;Non accertato;Inesploso
4668981;16;20/11/2019 07:40:00;Strada Urbana;CIRCONVALLAZIONE GIANICOLENSE;in prossimit�;;del civico n.;113/A;;Scontro laterale fra veicoli in marcia;Rettilineo;Due carreggiate;Bagnato (pioggia);Asfaltata;Verticale ed orizzontale;Nuvoloso;Normale;Buona;Ore Diurne;0;0;0;3;12.45;41.8709;-1;2;Autoarticolato;In marcia / fermata / arresto;Conducente;M;Illeso;0;;Non accertato;Inesploso
4668986;9;21/11/2019 13:50:00;Strada Urbana;VIA APPIA NUOVA;all'intersezione con;VIA ALBA;VIA ALBA;;;Scontro frontale/laterale DX fra veicoli in marcia;Incrocio;Una carreggiata a senso unico di marcia;Bagnato (pioggia);Asfaltata;Verticale ed orizzontale;Nuvoloso;Normale;Buona;Ore Diurne;1;0;0;1;12.5171;41.8795;-1;1;Autovettura privata;In marcia / fermata / arresto;Conducente;M;Illeso;0;;Non accertato;Inesploso
4668986;9;21/11/2019 13:50:00;Strada Urbana;VIA APPIA NUOVA;all'intersezione con;VIA ALBA;VIA ALBA;;;Scontro frontale/laterale DX fra veicoli in marcia;Incrocio;Una carreggiata a senso unico di marcia;Bagnato (pioggia);Asfaltata;Verticale ed orizzontale;Nuvoloso;Normale;Buona;Ore Diurne;1;0;0;1;12.5171;41.8795;-1;2;Autovettura privata;In marcia / fermata / arresto;Conducente;M;Rimandato;0;NON DECEDUTO;Non accertato;Inesploso
4668989;6;21/11/2019 17:40:00;Statale entro l'abitato;VIA CASILINA;in prossimit�;;del civico n.;151;;Scontro laterale fra veicoli in marcia;Rettilineo;Una carreggiata a senso unico di marcia;Asciutto;Asfaltata;Orizzontale;Sereno;Intenso;Sufficiente;Sufficiente;0;0;0;2;12.5248;41.888;-1;1;Autocarro inferiore 35 q.;In marcia / fermata / arresto;Conducente;M;Illeso;0;;Non accertato;Inesploso
4668989;6;21/11/2019 17:40:00;Statale entro l'abitato;VIA CASILINA;in prossimit�;;del civico n.;151;;Scontro laterale fra veicoli in marcia;Rettilineo;Una carreggiata a senso unico di marcia;Asciutto;Asfaltata;Orizzontale;Sereno;Intenso;Sufficiente;Sufficiente;0;0;0;2;12.5248;41.888;-1;2;Autovettura pubblica;In marcia / fermata / arresto;Conducente;M;Illeso;0;;Non accertato;Inesploso
4668991;9;21/11/2019 15:00:00;Strada Urbana;VIA FRASCATI;da specificare;;;;fronte VICOLO DELL'ACQUEDOTTO FELICE;Tamponamento;Rettilineo;Una carreggiata a senso unico di marcia;Bagnato (pioggia);Asfaltata;Verticale ed orizzontale;Nuvoloso;Normale;Buona;Ore Diurne;0;0;0;2;12.5426;41.8646;-1;1;Autovettura privata;In marcia / fermata / arresto;Conducente;F;Illeso;0;;Non accertato;Inesploso
4668991;9;21/11/2019 15:00:00;Strada Urbana;VIA FRASCATI;da specificare;;;;fronte VICOLO DELL'ACQUEDOTTO FELICE;Tamponamento;Rettilineo;Una carreggiata a senso unico di marcia;Bagnato (pioggia);Asfaltata;Verticale ed orizzontale;Nuvoloso;Normale;Buona;Ore Diurne;0;0;0;2;12.5426;41.8646;-1;2;Autovettura privata;In marcia / fermata / arresto;Conducente;M;Illeso;0;;Non accertato;Inesploso
4668992;17;21/11/2019 10:50:00;Strada Urbana;VIA DELLA GIULIANA;all'intersezione con;VIA RICCARDO GRAZIOLI LANTE;VIA RICCARDO GRAZIOLI LANTE;;;Investimento di pedone;Incrocio;Una carreggiata a doppio senso;Asciutto;Asfaltata;Verticale ed orizzontale;Nuvoloso;Scarso;Buona;Ore Diurne;1;0;0;1;12.4542;41.9133;-1;;;;Pedone;M;Rimandato;0;NON DECEDUTO;;
4668992;17;21/11/2019 10:50:00;Strada Urbana;VIA DELLA GIULIANA;all'intersezione con;VIA RICCARDO GRAZIOLI LANTE;VIA RICCARDO GRAZIOLI LANTE;;;Investimento di pedone;Incrocio;Una carreggiata a doppio senso;Asciutto;Asfaltata;Verticale ed orizzontale;Nuvoloso;Scarso;Buona;Ore Diurne;1;0;0;1;12.4542;41.9133;-1;1;Autocarro inferiore 35 q.;In marcia / fermata / arresto;Conducente;M;Illeso;0;;;