Protocollo;Gruppo;DataOraIncidente;Localizzazione1;STRADA1;Localizzazione2;STRADA2;Strada02;Chilometrica;DaSpecificare;NaturaIncidente;particolaritastrade;TipoStrada;FondoStradale;Pavimentazione;Segnaletica;CondizioneAtmosferica;Traffico;Visibilita;Illuminazione;NUM_FERITI;NUM_RISERVATA;NUM_MORTI;NUM_ILLESI;Longitudine;Latitudine;Confermato;Progressivo;TipoVeicolo;StatoVeicolo;TipoPersona;Sesso;Tipolesione;Deceduto;DecedutoDopo;CinturaCascoUtilizzato;Airbag;
4669001;12;20/11/2019 09:45:00;Provinciale entro l'abitato;VIA LAURENTINA;all'intersezione con;VIA ANTONIO CIPPICO;VIA ANTONIO CIPPICO;;;Scontro frontale/laterale DX fra veicoli in marcia;Incrocio;Due carreggiate;Bagnato (umidit� in atto);Asfaltata;Verticale ed orizzontale;Nuvoloso;Normale;Buona;Ore Diurne;0;0;0;2;12.4811;41.8208;-1;1;Autovettura privata;In marcia / fermata / arresto;Conducente;M;Illeso;0;;Non accertato;Inesploso
4669001;12;20/11/2019 09:45:00;Provinciale entro l'abitato;VIA LAURENTINA;all'intersezione con;VIA ANTONIO CIPPICO;VIA ANTONIO CIPPICO;;;Scontro frontale/laterale DX fra veicoli in marcia;Incrocio;Due carreggiate;Bagnato (umidit� in atto);Asfaltata;Verticale ed orizzontale;Nuvoloso;Normale;Buona;Ore Diurne;0;0;0;2;12.4811;41.8208;-1;2;Motociclo a solo;In marcia / fermata / arresto;Conducente;M;Illeso;0;;Non accertato;
4669003;12;20/11/2019 16:40:00;Provinciale;VIA LAURENTINA;in corrispondenza;;della chilometrica;13.6;;Veicolo in marcia contro ostacolo fisso;Rettilineo;Una carreggiata a senso unico di marcia;Asciutto;Con buche;Verticale ed orizzontale;Nuvoloso;Normale;Sufficiente;Ore Diurne;0;0;0;1;12.4807;41.7941;-1;1;Autovettura privata;In marcia / fermata / arresto;Conducente;M;Illeso;0;;;
4669021;12;20/11/2019 14:45:00;Strada Urbana;VIA LAURENTINA;da specificare;;;;prossimit� VIA DEI GENIERI;Veicolo in marcia contro ostacolo accidentale;Rettilineo;Una carreggiata a senso unico di marcia;Asciutto;Asfaltata;Verticale ed orizzontale;Nuvoloso;Normale;Sufficiente;Ore Diurne;0;0;0;1;12.4852;41.8101;-1;1;Motociclo a solo;In marcia / fermata / arresto;Conducente;M;Illeso;0;;;
4669031;12;20/11/2019 17:45:00;Provinciale;VIA LAURENTINA;da specificare;;;;pross. KM 19,000 dir. Roma Centro;Veicolo in marcia contro ostacolo accidentale;Rettilineo;Una carreggiata a doppio senso;Asciutto;Asfaltata;Verticale ed orizzontale;Sereno;Scarso;Insufficiente;Ore Diurne;0;0;0;1;12.4852;41.8101;-1;1;Autovettura privata;In marcia / fermata / arresto;Conducente;M;Illeso;0;;Utilizzato;Inesploso
4669034;18;21/11/2019 17:15:00;Statale;VIA AURELIA;in prossimit�;;della chilometrica;8.8;;Scontro laterale fra veicoli in marcia;Rettilineo;Due carreggiate;Asciutto;Asfaltata;Verticale ed orizzontale;Sereno;Intenso;Buona;Sufficiente;1;0;0;3;12.3987;41.8842;-1;1;Ciclomotore;In marcia / fermata / arresto;Conducente;M;Rimandato;0;NON DECEDUTO;Non accertato;
4669034;18;21/11/2019 17:15:00;Statale;VIA AURELIA;in prossimit�;;della chilometrica;8.8;;Scontro laterale fra veicoli in marcia;Rettilineo;Due carreggiate;Asciutto;Asfaltata;Verticale ed orizzontale;Sereno;Intenso;Buona;Sufficiente;1;0;0;3;12.3987;41.8842;-1;2;Autovettura privata;In marcia / fermata / arresto;Conducente;F;Illeso;0;;Non accertato;Inesploso
4669034;18;21/11/2019 17:15:00;Statale;VIA AURELIA;in prossimit�;;della chilometrica;8.8;;Scontro laterale fra veicoli in marcia;Rettilineo;Due carreggiate;Asciutto;Asfaltata;Verticale ed orizzontale;Sereno;Intenso;Buona;Sufficiente;1;0;0;3;12.3987;41.8842;-1;2;Autovettura privata;In marcia / fermata / arresto;Passeggero;F;Illeso;0;;Non accertato;Inesploso
4669034;18;21/11/2019 17:15:00;Statale;VIA AURELIA;in prossimit�;;della chilometrica;8.8;;Scontro laterale fra veicoli in marcia;Rettilineo;Due carreggiate;Asciutto;Asfaltata;Verticale ed orizzontale;Sereno;Intenso;Buona;Sufficiente;1;0;0;3;12.3987;41.8842;-1;2;Autovettura privata;In marcia / fermata / arresto;Passeggero;F;Illeso;0;;Non accertato;Inesploso
4669096;20;21/11/2019 18:55:00;Strada Urbana;CORSO DI FRANCIA;in corrispondenza;;del civico n.;212/E;;Investimento di pedone;Curva a visuale libera;Una carreggiata a senso unico di marcia;Asciutto;Asfaltata;Verticale ed orizzontale;Nuvoloso;Intenso;Sufficiente;Sufficiente;1;0;0;1;12.4693;41.9449;-1;;;;Pedone;M;Ricoverato;0;NON DECEDUTO;;
4669096;20;21/11/2019 18:55:00;Strada Urbana;CORSO DI FRANCIA;in corrispondenza;;del civico n.;212/E;;Investimento di pedone;Curva a visuale libera;Una carreggiata a senso unico di marcia;Asciutto;Asfaltata;Verticale ed orizzontale;Nuvoloso;Intenso;Sufficiente;Sufficiente;1;0;0;1;12.4693;41.9449;-1;1;Autovettura privata;In marcia / fermata / arresto;Conducente;M;Illeso;0;;Non accertato;Inesploso
4669532;11;21/11/2019 17:25:00;Strada Urbana;VIALE ALDO BALLARIN;da specificare;;;;altezza palo ACEA 169;Infortunio per sola frenata improvvisa;Rettilineo;Una carreggiata a doppio senso;Bagnato (pioggia);Asfaltata;Verticale ed orizzontale;Nuvoloso;Scarso;Sufficiente;Sufficiente;1;0;0;0;12.4939;41.8391;-1;1;Motociclo a solo;In marcia / fermata / arresto;Conducente;M;Rimandato;0;NON DECEDUTO;Non accertato;
4669541;11;21/11/2019 20:25:00;Strada Urbana;VIA OSTIENSE;in corrispondenza;;del civico n.;149/151;;Infortunio per caduta del veicolo;Rettilineo;Una carreggiata a senso unico di marcia;Bagnato (pioggia);Asfaltata;Verticale;Nuvoloso;Scarso;Buona;Sufficiente;1;0;0;1;12.4791;41.8631;-1;1;Motociclo a solo;In marcia / fermata / arresto;Conducente;M;Rimandato;0;NON DECEDUTO;;
4669541;11;21/11/2019 20:25:00;Strada Urbana;VIA OSTIENSE;in corrispondenza;;del civico n.;149/151;;Infortunio per caduta del veicolo;Rettilineo;Una carreggiata a senso unico di marcia;Bagnato (pioggia);Asfaltata;Verticale;Nuvoloso;Scarso;Buona;Sufficiente;1;0;0;1;12.4791;41.8631;-1;2;Autocarro inferiore 35 q.;In marcia / fermata / arresto;Conducente;M;Illeso;0;;;
4669554;20;21/11/2019 19:50:00;Strada Urbana;VIA GIUSTINO FORTUNATO;all'intersezione con;VIA LUIGI BODIO;VIA LUIGI BODIO;;;Scontro frontale/laterale SX fra veicoli in marcia;Incrocio;Una carreggiata a senso unico di marcia;Asciutto;Asfaltata;Verticale;Nuvoloso;Normale;Sufficiente;Sufficiente;0;0;0;3;12.4657;41.9452;-1;1;Quadriciclo leggero;In marcia / fermata / arresto;Conducente;M;Illeso;0;;Non accertato;
4669554;20;21/11/2019 19:50:00;Strada Urbana;VIA GIUSTINO FORTUNATO;all'intersezione con;VIA LUIGI BODIO;VIA LUIGI BODIO;;;Scontro frontale/laterale SX fra veicoli in marcia;Incrocio;Una carreggiata a senso unico di marcia;Asciutto;Asfaltata;Verticale;Nuvoloso;Normale;Sufficiente;Sufficiente;0;0;0;3;12.4657;41.9452;-1;1;Quadriciclo leggero;In marcia / fermata / arresto;Passeggero;M;Illeso;0;;Non accertato;
4669554;20;21/11/2019 19:50:00;Strada Urbana;VIA GIUSTINO FORTUNATO;all'intersezione con;VIA LUIGI BODIO;VIA LUIGI BODIO;;;Scontro frontale/laterale SX fra veicoli in marcia;Incrocio;Una carreggiata a senso unico di marcia;Asciutto;Asfaltata;Verticale;Nuvoloso;Normale;Sufficiente;Sufficiente;0;0;0;3;12.4657;41.9452;-1;2;Autovettura privata;In marcia / fermata / arresto;Conducente;M;Illeso;0;;Non accertato;
4669554;20;21/11/2019 19:50:00;Strada Urbana;VIA GIUSTINO FORTUNATO;all'intersezione con;VIA LUIGI BODIO;VIA LUIGI BODIO;;;Scontro frontale/laterale SX fra veicoli in marcia;Incrocio;Una carreggiata a senso unico di marcia;Asciutto;Asfaltata;Verticale;Nuvoloso;Normale;Sufficiente;Sufficiente;0;0;0;3;12.4657;41.9452;-1;3;Autovettura privata;Sosta;;;;;;;
4669555;6;21/11/2019 19:40:00;Strada Urbana;VIALE PARTENOPE;all'intersezione con;VIA MARCIANISE;VIA MARCIANISE;;;Scontro frontale/laterale DX fra veicoli in marcia;Incrocio;Due carreggiate;Asciutto;Asfaltata;Verticale ed orizzontale;Sereno;Normale;Buona;Sufficiente;0;0;0;2;12.5512;41.8913;-1;1;Autovettura privata;In marcia / fermata / arresto;Conducente;M;Illeso;0;;;
4669555;6;21/11/2019 19:40:00;Strada Urbana;VIALE PARTENOPE;all'intersezione con;VIA MARCIANISE;VIA MARCIANISE;;;Scontro frontale/laterale DX fra veicoli in marcia;Incrocio;Due carreggiate;Asciutto;Asfaltata;Verticale ed orizzontale;Sereno;Normale;Buona;Sufficiente;0;0;0;2;12.5512;41.8913;-1;2;Autovettura privata;In marcia / fermata / arresto;Conducente;M;Illeso;0;;;
4669580;8;21/11/2019 11:55:00;Strada Urbana;VIA COLLATINA;in prossimit�;;del civico n.;938;;Scontro frontale/laterale SX fra veicoli in marcia;Rettilineo;Una carreggiata a doppio senso;Asciutto;Asfaltata;Verticale ed orizzontale;Nuvoloso;Normale;Buona;Ore Diurne;0;0;0;3;12.6622;41.921;-1;1;Autovettura privata;In marcia / fermata / arresto;Conducente;M;Illeso;0;;Non accertato;Inesploso
4669580;8;21/11/2019 11:55:00;Strada Urbana;VIA COLLATINA;in prossimit�;;del civico n.;938;;Scontro frontale/laterale SX fra veicoli in marcia;Rettilineo;Una carreggiata a doppio senso;Asciutto;Asfaltata;Verticale ed orizzontale;Nuvoloso;Normale;Buona;Ore Diurne;0;0;0;3;12.6622;41.921;-1;1;Autovettura privata;In marcia / fermata / arresto;Passeggero;F;Illeso;0;;Non accertato;Inesploso
4669580;8;21/11/2019 11:55:00;Strada Urbana;VIA COLLATINA;in prossimit�;;del civico n.;938;;Scontro frontale/laterale SX fra veicoli in marcia;Rettilineo;Una carreggiata a doppio senso;Asciutto;Asfaltata;Verticale ed orizzontale;Nuvoloso;Normale;Buona;Ore Diurne;0;0;0;3;12.6622;41.921;-1;2;Autocarro inferiore 35 q.;In marcia / fermata / arresto;Conducente;M;Illeso;0;;Non accertato;Inesploso
4669581;12;22/11/2019 04:00:00;Strada Urbana;VIALE CRISTOFORO COLOMBO;all'intersezione semaforizzata con;VIALE AMERICA;VIALE AMERICA;;;Veicolo in marcia contro ostacolo fisso;Incrocio;Due carreggiate;Bagnato (pioggia);Asfaltata;Verticale ed orizzontale;Pioggia in atto;Scarso;Buona;Sufficiente;0;0;0;1;12.4685;41.8296;-1;1;Autovettura privata;In marcia / fermata / arresto;Conducente;M;Illeso;0;;;
4669591;20;22/11/2019 02:45:00;Strada Urbana;VIA CASSIA;da specificare;;;;prossimit� Via Montepeloso;Veicolo in marcia contro veicoli in sosta;Rettilineo;Una carreggiata a doppio senso;Bagnato (umidit� in atto);Asfaltata;Verticale ed orizzontale;Nuvoloso;Scarso;Sufficiente;Sufficiente;1;0;0;1;12.4209;41.9791;-1;1;Autovettura privata;In marcia / fermata / arresto;Conducente;F;Illeso;0;;Non accertato;Esploso
4669591;20;22/11/2019 02:45:00;Strada Urbana;VIA CASSIA;da specificare;;;;prossimit� Via Montepeloso;Veicolo in marcia contro veicoli in sosta;Rettilineo;Una carreggiata a doppio senso;Bagnato (umidit� in atto);Asfaltata;Verticale ed orizzontale;Nuvoloso;Scarso;Sufficiente;Sufficiente;1;0;0;1;12.4209;41.9791;-1;1;Autovettura privata;In marcia / fermata / arresto;Passeggero;F;Rimandato;0;NON DECEDUTO;Non accertato;Esploso
4669591;20;22/11/2019 02:45:00;Strada Urbana;VIA CASSIA;da specificare;;;;prossimit� Via Montepeloso;Veicolo in marcia contro veicoli in sosta;Rettilineo;Una carreggiata a doppio senso;Bagnato (umidit� in atto);Asfaltata;Verticale ed orizzontale;Nuvoloso;Scarso;Sufficiente;Sufficiente;1;0;0;1;12.4209;41.9791;-1;2;Autovettura privata;Sosta;;;;;;;
4669591;20;22/11/2019 02:45:00;Strada Urbana;VIA CASSIA;da specificare;;;;prossimit� Via Montepeloso;Veicolo in marcia contro veicoli in sosta;Rettilineo;Una carreggiata a doppio senso;Bagnato (umidit� in atto);Asfaltata;Verticale ed orizzontale;Nuvoloso;Scarso;Sufficiente;Sufficiente;1;0;0;1;12.4209;41.9791;-1;3;Autovettura privata;Sosta;;;;;;;
4669591;20;22/11/2019 02:45:00;Strada Urbana;VIA CASSIA;da specificare;;;;prossimit� Via Montepeloso;Veicolo in marcia contro veicoli in sosta;Rettilineo;Una carreggiata a doppio senso;Bagnato (umidit� in atto);Asfaltata;Verticale ed orizzontale;Nuvoloso;Scarso;Sufficiente;Sufficiente;1;0;0;1;12.4209;41.9791;-1;4;Autovettura privata;Sosta;;;;;;;
4669600;8;21/11/2019 06:35:00;Strada Urbana;VIA GUSTAVO COLONNETTI;in prossimit�;;del palo luce n.;10;;Investimento di pedone;Rettilineo;Una carreggiata a senso unico di marcia;Bagnato (pioggia);Asfaltata;Verticale ed orizzontale;Nuvoloso;Normale;Buona;Ore Diurne;1;0;0;1;12.651;41.9115;-1;;;;Pedone;F;Rimandato;0;NON DECEDUTO;;
4669600;8;21/11/2019 06:35:00;Strada Urbana;VIA GUSTAVO COLONNETTI;in prossimit�;;del palo luce n.;10;;Investimento di pedone;Rettilineo;Una carreggiata a senso unico di marcia;Bagnato (pioggia);Asfaltata;Verticale ed orizzontale;Nuvoloso;Normale;Buona;Ore Diurne;1;0;0;1;12.651;41.9115;-1;1;Autovettura privata;In marcia / fermata / arresto;Conducente;F;Illeso;0;;Non accertato;Inesploso
4669604;1;21/11/2019 16:05:00;Strada Urbana;PIAZZA DI S. MARIA MAGGIORE;in prossimit�;;del civico n.;13;;Scontro laterale fra veicoli in marcia;Rettilineo;Una carreggiata a senso unico di marcia;Asciutto;Asfaltata;Verticale ed orizzontale;Nuvoloso;Normale;Buona;Ore Diurne;0;0;0;3;12.4988;41.8968;-1;1;Quadriciclo leggero;In marcia / fermata / arresto;Conducente;M;Illeso;0;;;
4669604;1;21/11/2019 16:05:00;Strada Urbana;PIAZZA DI S. MARIA MAGGIORE;in prossimit�;;del civico n.;13;;Scontro laterale fra veicoli in marcia;Rettilineo;Una carreggiata a senso unico di marcia;Asciutto;Asfaltata;Verticale ed orizzontale;Nuvoloso;Normale;Buona;Ore Diurne;0;0;0;3;12.4988;41.8968;-1;1;Quadriciclo leggero;In marcia / fermata / arresto;Passeggero;M;Illeso;0;;;
4669604;1;21/11/2019 16:05:00;Strada Urbana;PIAZZA DI S. MARIA MAGGIORE;in prossimit�;;del civico n.;13;;Scontro laterale fra veicoli in marcia;Rettilineo;Una carreggiata a senso unico di marcia;Asciutto;Asfaltata;Verticale ed orizzontale;Nuvoloso;Normale;Buona;Ore Diurne;0;0;0;3;12.4988;41.8968;-1;2;Autobus urbano;In marcia / fermata / arresto;Conducente;M;Illeso;0;;;
4669606;8;21/11/2019 09:00:00;Strada Urbana;VIA DI TOR VERGATA;in prossimit�;;del palo luce n.;34;;Veicolo in marcia contro ostacolo accidentale;Rettilineo;Due carreggiate;Asciutto;Asfaltata;Orizzontale;Sereno;Normale;Buona;Ore Diurne;0;0;0;1;12.6226;41.8468;-1;1;Autovettura privata;In marcia / fermata / arresto;Conducente;M;Illeso;0;;Non accertato;Inesploso
4669612;8;21/11/2019 11:00:00;Strada Urbana;VIA MOTTA CAMASTRA;in prossimit�;;del civico n.;165;;Tamponamento;Rettilineo;Una carreggiata a senso unico di marcia;Asciutto;Asfaltata;Verticale;Nuvoloso;Normale;Buona;Ore Diurne;0;0;0;3;12.6797;41.8668;-1;1;Autovettura privata;In marcia / fermata / arresto;Conducente;F;Illeso;0;;Non accertato;Inesploso
4669612;8;21/11/2019 11:00:00;Strada Urbana;VIA MOTTA CAMASTRA;in prossimit�;;del civico n.;165;;Tamponamento;Rettilineo;Una carreggiata a senso unico di marcia;Asciutto;Asfaltata;Verticale;Nuvoloso;Normale;Buona;Ore Diurne;0;0;0;3;12.6797;41.8668;-1;1;Autovettura privata;In marcia / fermata / arresto;Passeggero;F;Illeso;0;;Non accertato;Inesploso
4669612;8;21/11/2019 11:00:00;Strada Urbana;VIA MOTTA CAMASTRA;in prossimit�;;del civico n.;165;;Tamponamento;Rettilineo;Una carreggiata a senso unico di marcia;Asciutto;Asfaltata;Verticale;Nuvoloso;Normale;Buona;Ore Diurne;0;0;0;3;12.6797;41.8668;-1;2;Autovettura privata;In marcia / fermata / arresto;Conducente;M;Illeso;0;;Non accertato;Inesploso
4669613;4;21/11/2019 09:10:00;Strada Urbana;VIA MONTE CERVIALTO;in prossimit�;;del civico n.;139;;Scontro laterale fra veicoli in marcia;Rettilineo;Una carreggiata a doppio senso;Bagnato (umidit� in atto);Asfaltata;Verticale ed orizzontale;Sereno;Normale;Buona;Ore Diurne;0;0;0;2;12.5232;41.9541;-1;1;Autobus di linea;In marcia / fermata / arresto;Conducente;M;Illeso;0;;Non accertato;Inesploso
4669613;4;21/11/2019 09:10:00;Strada Urbana;VIA MONTE CERVIALTO;in prossimit�;;del civico n.;139;;Scontro laterale fra veicoli in marcia;Rettilineo;Una carreggiata a doppio senso;Bagnato (umidit� in atto);Asfaltata;Verticale ed orizzontale;Sereno;Normale;Buona;Ore Diurne;0;0;0;2;12.5232;41.9541;-1;2;Autovettura privata;In marcia / fermata / arresto;Conducente;F;Illeso;0;;Non accertato;Inesploso
4669639;8;21/11/2019 13:40:00;Strada Urbana;VIA DEL FONTANILE DI CARCARICOLA;da specificare;;;;prox parcheggio Universit� Tor Vergata;Scontro laterale fra veicoli in marcia;Rettilineo;Una carreggiata a senso unico di marcia;Bagnato (pioggia);Asfaltata;Orizzontale;Pioggia in atto;Normale;Buona;Ore Diurne;0;0;0;2;12.6077;41.8525;-1;1;Autovettura privata;In marcia / fermata / arresto;Conducente;F;Illeso;0;;Non accertato;Inesploso
4669639;8;21/11/2019 13:40:00;Strada Urbana;VIA DEL FONTANILE DI CARCARICOLA;da specificare;;;;prox parcheggio Universit� Tor Vergata;Scontro laterale fra veicoli in marcia;Rettilineo;Una carreggiata a senso unico di marcia;Bagnato (pioggia);Asfaltata;Orizzontale;Pioggia in atto;Normale;Buona;Ore Diurne;0;0;0;2;12.6077;41.8525;-1;2;Autovettura privata;In marcia / fermata / arresto;Conducente;M;Illeso;0;;Non accertato;Inesploso
4669640;10;22/11/2019 07:20:00;Strada Urbana;VIA TARQUINIO COLLATINO;all'intersezione con;VIA CALPURNIO PISONE;VIA CALPURNIO PISONE;;;Scontro frontale/laterale DX fra veicoli in marcia;Intersezione stradale segnalata;Una carreggiata a senso unico di marcia;Bagnato (pioggia);Asfaltata;Verticale ed orizzontale;Sereno;Normale;Buona;Ore Diurne;0;0;0;2;12.5647;41.8616;-1;1;Autovettura privata;In marcia / fermata / arresto;Conducente;F;Illeso;0;;Non accertato;Inesploso
4669640;10;22/11/2019 07:20:00;Strada Urbana;VIA TARQUINIO COLLATINO;all'intersezione con;VIA CALPURNIO PISONE;VIA CALPURNIO PISONE;;;Scontro frontale/laterale DX fra veicoli in marcia;Intersezione stradale segnalata;Una carreggiata a senso unico di marcia;Bagnato (pioggia);Asfaltata;Verticale ed orizzontale;Sereno;Normale;Buona;Ore Diurne;0;0;0;2;12.5647;41.8616;-1;2;Autovettura privata;In marcia / fermata / arresto;Conducente;M;Illeso;0;;Non accertato;Inesploso
4669649;13;21/11/2019 14:50:00;;VIA CAPO SPARTIVENTO;in corrispondenza;;del civico n.;44;;Veicolo in marcia contro ostacolo accidentale;;;;;;;;;;1;0;0;0;12.2859;41.737;0;1;Motociclo a solo;In marcia / fermata / arresto;Conducente;M;Rimandato;0;NON DECEDUTO;;
4669657;8;21/11/2019 07:40:00;;VIA CASILINA;in prossimit�;;del civico n.;1883;;Investimento di pedone;;;;;;;;;;1;0;0;0;;;0;;;;Pedone;M;Rimandato;0;NON DECEDUTO;;
4669657;8;21/11/2019 07:40:00;;VIA CASILINA;in prossimit�;;del civico n.;1883;;Investimento di pedone;;;;;;;;;;1;0;0;0;;;0;1;Motociclo a solo;Allontanatosi;;;;;;;
4669666;20;22/11/2019 07:25:00;Strada Urbana;VIA DI GROTTAROSSA;da specificare;;;;prossimit� via della Crescenza;Infortunio per sola frenata improvvisa;Curva a visuale libera;Una carreggiata a doppio senso;Bagnato (pioggia);Asfaltata;Verticale ed orizzontale;Sereno;Normale;Buona;Ore Diurne;0;0;0;1;12.4601;41.9728;-1;1;Motociclo a solo;In marcia / fermata / arresto;Conducente;M;Illeso;0;;Non accertato;
4669671;8;21/11/2019 19:30:00;Strada Urbana;VIALE OXFORD;da specificare;;;;dir via Tor Vergata prox rotatoria viale Oxford;Veicolo in marcia contro ostacolo fisso;Curva a visuale libera;Due carreggiate;Bagnato (umidit� in atto);Asfaltata;Verticale ed orizzontale;Nuvoloso;Normale;Sufficiente;Sufficiente;0;0;0;1;12.6276;41.8611;-1;1;Autovettura privata;In marcia / fermata / arresto;Conducente;M;Illeso;0;;Non accertato;Inesploso
4669682;12;21/11/2019 08:45:00;Strada Urbana;VIALE AMERICA;all'intersezione con;VIA ETTORE MAJORANA;VIA ETTORE MAJORANA;;;Tamponamento;Incrocio;Una carreggiata a doppio senso;Bagnato (umidit� in atto);Asfaltata;Verticale ed orizzontale;Nuvoloso;Intenso;Buona;Ore Diurne;0;0;0;2;12.4672;41.83;-1;1;Autovettura privata;In marcia / fermata / arresto;Conducente;M;Illeso;0;;Utilizzato;Inesistente
4669682;12;21/11/2019 08:45:00;Strada Urbana;VIALE AMERICA;all'intersezione con;VIA ETTORE MAJORANA;VIA ETTORE MAJORANA;;;Tamponamento;Incrocio;Una carreggiata a doppio senso;Bagnato (umidit� in atto);Asfaltata;Verticale ed orizzontale;Nuvoloso;Intenso;Buona;Ore Diurne;0;0;0;2;12.4672;41.83;-1;2;Autovettura privata;In marcia / fermata / arresto;Conducente;M;Illeso;0;;Utilizzato;Inesploso
4669690;11;22/11/2019 05:20:00;Strada Urbana;VIA OSTIENSE;da specificare;;;;altezza Metro Magliana;Veicolo in marcia contro ostacolo fisso;Rettilineo;Una carreggiata a doppio senso;Bagnato (umidit� in atto);Asfaltata;Verticale ed orizzontale;Pioggia in atto;Scarso;Sufficiente;Inesistente;1;0;0;0;12.4686;41.8432;-1;1;Autovettura privata;In marcia / fermata / arresto;Conducente;M;Rimandato;0;NON DECEDUTO;Non accertato;Esploso
4669697;8;21/11/2019 20:00:00;Strada Urbana;VIA GIOIOSA IONICA;in prossimit�;;del civico n.;59;;Veicolo in marcia contro veicoli in sosta;Rettilineo;Una carreggiata a doppio senso;Bagnato (umidit� in atto);Asfaltata;Assente;Nuvoloso;Scarso;Buona;Sufficiente;2;0;0;0;12.6917;41.867;-1;1;Autovettura privata;In marcia / fermata / arresto;Passeggero;M;Ricoverato;0;NON DECEDUTO;Non accertato;Inesploso
4669697;8;21/11/2019 20:00:00;Strada Urbana;VIA GIOIOSA IONICA;in prossimit�;;del civico n.;59;;Veicolo in marcia contro veicoli in sosta;Rettilineo;Una carreggiata a doppio senso;Bagnato (umidit� in atto);Asfaltata;Assente;Nuvoloso;Scarso;Buona;Sufficiente;2;0;0;0;12.6917;41.867;-1;1;Autovettura privata;In marcia / fermata / arresto;Passeggero;F;Ricoverato;0;NON DECEDUTO;Non accertato;Inesploso
4669697;8;21/11/2019 20:00:00;Strada Urbana;VIA GIOIOSA IONICA;in prossimit�;;del civico n.;59;;Veicolo in marcia contro veicoli in sosta;Rettilineo;Una carreggiata a doppio senso;Bagnato (umidit� in atto);Asfaltata;Assente;Nuvoloso;Scarso;Buona;Sufficiente;2;0;0;0;12.6917;41.867;-1;2;Autovettura privata;Sosta;;;;;;;
4669697;8;21/11/2019 20:00:00;Strada Urbana;VIA GIOIOSA IONICA;in prossimit�;;del civico n.;59;;Veicolo in marcia contro veicoli in sosta;Rettilineo;Una carreggiata a doppio senso;Bagnato (umidit� in atto);Asfaltata;Assente;Nuvoloso;Scarso;Buona;Sufficiente;2;0;0;0;12.6917;41.867;-1;3;Autovettura privata;Sosta;;;;;;;
4669699;1;21/11/2019 21:50:00;Strada Urbana;VIA MERULANA;all'intersezione con;VIA LABICANA;VIA LABICANA;;;Scontro frontale/laterale DX fra veicoli in marcia;Incrocio;Una carreggiata a doppio senso;Asciutto;Asfaltata;Verticale ed orizzontale;Sereno;Normale;Sufficiente;Sufficiente;1;0;0;0;12.5034;41.8894;0;1;Motociclo a solo;In marcia / fermata / arresto;Conducente;M;Rimandato;0;NON DECEDUTO;;
4669699;1;21/11/2019 21:50:00;Strada Urbana;VIA MERULANA;all'intersezione con;VIA LABICANA;VIA LABICANA;;;Scontro frontale/laterale DX fra veicoli in marcia;Incrocio;Una carreggiata a doppio senso;Asciutto;Asfaltata;Verticale ed orizzontale;Sereno;Normale;Sufficiente;Sufficiente;1;0;0;0;12.5034;41.8894;0;2;Autovettura privata;Allontanatosi;;;;;;;
4669702;12;21/11/2019 16:30:00;Regionale;VIA PONTINA;da specificare;;;;alt. KM 24,100 direzione Latina;Scontro laterale fra veicoli in marcia;Rettilineo;Due carreggiate;Asciutto;Asfaltata;Verticale ed orizzontale;Nuvoloso;Intenso;Buona;Inesistente;1;0;0;1;12.4434;41.7237;-1;1;Autovettura privata;In marcia / fermata / arresto;Conducente;F;Rimandato;0;NON DECEDUTO;Non accertato;
4669702;12;21/11/2019 16:30:00;Regionale;VIA PONTINA;da specificare;;;;alt. KM 24,100 direzione Latina;Scontro laterale fra veicoli in marcia;Rettilineo;Due carreggiate;Asciutto;Asfaltata;Verticale ed orizzontale;Nuvoloso;Intenso;Buona;Inesistente;1;0;0;1;12.4434;41.7237;-1;2;Autovettura privata;In marcia / fermata / arresto;Conducente;M;Illeso;0;;Non accertato;Inesploso
4669704;10;21/11/2019 09:00:00;Strada Urbana;VIALE TITO LABIENO;in corrispondenza;;del civico n.;45;;Veicolo in marcia contro veicolo fermo;Rettilineo;Due carreggiate;Bagnato (umidit� in atto);Asfaltata;Verticale ed orizzontale;Nuvoloso;Scarso;Buona;Ore Diurne;0;0;0;3;12.5657;41.8519;-1;1;Autovettura privata;In marcia / fermata / arresto;Conducente;M;Illeso;0;;Non accertato;Inesploso
4669704;10;21/11/2019 09:00:00;Strada Urbana;VIALE TITO LABIENO;in corrispondenza;;del civico n.;45;;Veicolo in marcia contro veicolo fermo;Rettilineo;Due carreggiate;Bagnato (umidit� in atto);Asfaltata;Verticale ed orizzontale;Nuvoloso;Scarso;Buona;Ore Diurne;0;0;0;3;12.5657;41.8519;-1;1;Autovettura privata;In marcia / fermata / arresto;Passeggero;F;Illeso;0;;Non accertato;Inesploso
4669704;10;21/11/2019 09:00:00;Strada Urbana;VIALE TITO LABIENO;in corrispondenza;;del civico n.;45;;Veicolo in marcia contro veicolo fermo;Rettilineo;Due carreggiate;Bagnato (umidit� in atto);Asfaltata;Verticale ed orizzontale;Nuvoloso;Scarso;Buona;Ore Diurne;0;0;0;3;12.5657;41.8519;-1;2;Autovettura privata;In marcia / fermata / arresto;Conducente;M;Illeso;0;;Non accertato;Inesploso