Protocollo;Gruppo;DataOraIncidente;Localizzazione1;STRADA1;Localizzazione2;STRADA2;Strada02;Chilometrica;DaSpecificare;NaturaIncidente;particolaritastrade;TipoStrada;FondoStradale;Pavimentazione;Segnaletica;CondizioneAtmosferica;Traffico;Visibilita;Illuminazione;NUM_FERITI;NUM_RISERVATA;NUM_MORTI;NUM_ILLESI;Longitudine;Latitudine;Confermato;Progressivo;TipoVeicolo;StatoVeicolo;TipoPersona;Sesso;Tipolesione;Deceduto;DecedutoDopo;CinturaCascoUtilizzato;Airbag;
4671957;17;23/11/2019 07:20:00;Strada Urbana;VIA TOMMASO CAMPANELLA;all'intersezione con;VIA TRIONFALE;VIA TRIONFALE;;;Scontro frontale/laterale DX fra veicoli in marcia;Intersezione stradale segnalata;Una carreggiata a senso unico di marcia;Bagnato (umidit� in atto);Asfaltata;Verticale ed orizzontale;Nuvoloso;Normale;Buona;Ore Diurne;0;0;0;2;12.4539;41.9111;-1;1;Autovettura privata;In marcia / fermata / arresto;Conducente;M;Illeso;0;;;
4671957;17;23/11/2019 07:20:00;Strada Urbana;VIA TOMMASO CAMPANELLA;all'intersezione con;VIA TRIONFALE;VIA TRIONFALE;;;Scontro frontale/laterale DX fra veicoli in marcia;Intersezione stradale segnalata;Una carreggiata a senso unico di marcia;Bagnato (umidit� in atto);Asfaltata;Verticale ed orizzontale;Nuvoloso;Normale;Buona;Ore Diurne;0;0;0;2;12.4539;41.9111;-1;2;Autovettura privata;In marcia / fermata / arresto;Conducente;M;Illeso;0;;;
4672006;12;22/11/2019 18:25:00;Strada Urbana;PIAZZA EUGENIO MONTALE;da specificare;;;;prox via C.E.Gadda;Veicolo in marcia contro ostacolo fisso;Rettilineo;Una carreggiata a senso unico di marcia;Asciutto;Asfaltata;Verticale ed orizzontale;Sereno;Normale;Sufficiente;Sufficiente;0;0;0;1;12.4682;41.8128;-1;1;Autovettura privata;In marcia / fermata / arresto;Conducente;M;Illeso;0;;;
4672010;15;23/11/2019 10:15:00;Strada Urbana;VIA ANTONIO PACINOTTI;in corrispondenza;;del civico n.;83;;Scontro frontale/laterale SX fra veicoli in marcia;Rettilineo;Una carreggiata a doppio senso;Asciutto;Asfaltata;Orizzontale;Nuvoloso;Scarso;Buona;Ore Diurne;0;0;0;2;12.4704;41.872;-1;1;Autovettura privata;In marcia / fermata / arresto;Conducente;M;Illeso;0;;Non utilizzato;Inesploso
4672010;15;23/11/2019 10:15:00;Strada Urbana;VIA ANTONIO PACINOTTI;in corrispondenza;;del civico n.;83;;Scontro frontale/laterale SX fra veicoli in marcia;Rettilineo;Una carreggiata a doppio senso;Asciutto;Asfaltata;Orizzontale;Nuvoloso;Scarso;Buona;Ore Diurne;0;0;0;2;12.4704;41.872;-1;2;Autovettura privata;In marcia / fermata / arresto;Conducente;M;Illeso;0;;Non utilizzato;Inesploso
4672012;12;22/11/2019 17:30:00;Provinciale;VIA LAURENTINA;in corrispondenza;;della chilometrica;11.1;;Veicolo in marcia contro ostacolo fisso;Rettilineo;Una carreggiata a senso unico di marcia;Asciutto;Asfaltata;Verticale;Nuvoloso;Normale;Sufficiente;Insufficiente;0;0;0;1;12.4818;41.795;-1;1;Autovettura privata;In marcia / fermata / arresto;Conducente;F;Illeso;0;;;
4672020;12;22/11/2019 19:50:00;Provinciale;VIA LAURENTINA;in prossimit�;;della chilometrica;11.8;;Veicolo in marcia contro ostacolo accidentale;Rettilineo;Due carreggiate;Bagnato (umidit� in atto);Asfaltata;Verticale ed orizzontale;Nuvoloso;Normale;Buona;Insufficiente;0;0;0;1;12.4852;41.8101;-1;1;Autovettura privata;In marcia / fermata / arresto;Conducente;M;Illeso;0;;;
4672095;12;22/11/2019 08:20:00;Statale entro l'abitato;VIA CRISTOFORO COLOMBO;da specificare;;;; rampa  uscita 27 GRA altezza complanare dr Ostia;Veicolo in marcia contro ostacolo accidentale;Rettilineo;Una carreggiata a senso unico di marcia;Bagnato (umidit� in atto);Con buche;Verticale ed orizzontale;Nuvoloso;Normale;Buona;Ore Diurne;0;0;0;1;12.4536;41.8089;-1;1;Autovettura privata;In marcia / fermata / arresto;Conducente;F;Illeso;0;;;
4672154;18;22/11/2019 16:45:00;Strada Urbana;VIA DI TORREVECCHIA;in prossimit�;;del civico n.;694;;Veicolo in marcia contro veicolo fermo;Rettilineo;Una carreggiata a doppio senso;Asciutto;Asfaltata;Verticale ed orizzontale;Nuvoloso;Normale;Buona;Sufficiente;0;0;0;4;12.4091;41.9187;-1;1;Autovettura privata;In marcia / fermata / arresto;Conducente;F;Illeso;0;;Non accertato;Inesploso
4672154;18;22/11/2019 16:45:00;Strada Urbana;VIA DI TORREVECCHIA;in prossimit�;;del civico n.;694;;Veicolo in marcia contro veicolo fermo;Rettilineo;Una carreggiata a doppio senso;Asciutto;Asfaltata;Verticale ed orizzontale;Nuvoloso;Normale;Buona;Sufficiente;0;0;0;4;12.4091;41.9187;-1;2;Autovettura privata;In marcia / fermata / arresto;Conducente;M;Illeso;0;;Non accertato;Inesploso
4672154;18;22/11/2019 16:45:00;Strada Urbana;VIA DI TORREVECCHIA;in prossimit�;;del civico n.;694;;Veicolo in marcia contro veicolo fermo;Rettilineo;Una carreggiata a doppio senso;Asciutto;Asfaltata;Verticale ed orizzontale;Nuvoloso;Normale;Buona;Sufficiente;0;0;0;4;12.4091;41.9187;-1;2;Autovettura privata;In marcia / fermata / arresto;Passeggero;M;Illeso;0;;Non accertato;Inesploso
4672154;18;22/11/2019 16:45:00;Strada Urbana;VIA DI TORREVECCHIA;in prossimit�;;del civico n.;694;;Veicolo in marcia contro veicolo fermo;Rettilineo;Una carreggiata a doppio senso;Asciutto;Asfaltata;Verticale ed orizzontale;Nuvoloso;Normale;Buona;Sufficiente;0;0;0;4;12.4091;41.9187;-1;2;Autovettura privata;In marcia / fermata / arresto;Passeggero;F;Illeso;0;;Non accertato;Inesploso
4672207;18;22/11/2019 16:00:00;Strada Urbana;VIA AURELIA;in corrispondenza;;del civico n.;986;;Tamponamento;Pendenza;Una carreggiata a senso unico di marcia;Asciutto;Asfaltata;Verticale ed orizzontale;Sereno;Normale;Buona;Ore Diurne;0;0;0;2;12.3843;41.8863;-1;1;Autovettura privata;In marcia / fermata / arresto;Conducente;M;Illeso;0;;;
4672207;18;22/11/2019 16:00:00;Strada Urbana;VIA AURELIA;in corrispondenza;;del civico n.;986;;Tamponamento;Pendenza;Una carreggiata a senso unico di marcia;Asciutto;Asfaltata;Verticale ed orizzontale;Sereno;Normale;Buona;Ore Diurne;0;0;0;2;12.3843;41.8863;-1;2;Autovettura privata;In marcia / fermata / arresto;Conducente;M;Illeso;0;;;
4672253;19;23/11/2019 13:15:00;Strada Urbana;VIA ALBERTO CADLOLO;in prossimit�;;del civico n.;12;;Veicolo in marcia contro ostacolo accidentale;Rettilineo;Una carreggiata a doppio senso;Asciutto;Asfaltata;Verticale ed orizzontale;Nuvoloso;Scarso;Buona;Ore Diurne;0;0;0;1;12.4471;41.9233;-1;1;Autovettura privata;In marcia / fermata / arresto;Conducente;M;Illeso;0;;;
4672357;20;22/11/2019 18:30:00;Strada Urbana;CORSO DI FRANCIA;in corrispondenza;;del civico n.;144;;Veicolo in marcia contro veicolo fermo;Rettilineo;Due carreggiate;Asciutto;Asfaltata;Verticale ed orizzontale;Sereno;Intenso;Buona;Sufficiente;1;0;0;2;12.4704;41.9428;-1;1;Autovettura privata;In marcia / fermata / arresto;Conducente;M;Illeso;0;;Non accertato;Inesploso
4672357;20;22/11/2019 18:30:00;Strada Urbana;CORSO DI FRANCIA;in corrispondenza;;del civico n.;144;;Veicolo in marcia contro veicolo fermo;Rettilineo;Due carreggiate;Asciutto;Asfaltata;Verticale ed orizzontale;Sereno;Intenso;Buona;Sufficiente;1;0;0;2;12.4704;41.9428;-1;1;Autovettura privata;In marcia / fermata / arresto;Passeggero;F;Rimandato;0;NON DECEDUTO;Non accertato;Inesploso
4672357;20;22/11/2019 18:30:00;Strada Urbana;CORSO DI FRANCIA;in corrispondenza;;del civico n.;144;;Veicolo in marcia contro veicolo fermo;Rettilineo;Due carreggiate;Asciutto;Asfaltata;Verticale ed orizzontale;Sereno;Intenso;Buona;Sufficiente;1;0;0;2;12.4704;41.9428;-1;2;Autobus urbano;In marcia / fermata / arresto;Conducente;M;Illeso;0;;Non accertato;Inesploso
4672359;20;23/11/2019 05:15:00;Strada Urbana;VIA TRIONFALE;da specificare;;;;ingresso stazione FFS IPOGEO DEGLI OTTAVI;Ribaltamento senza urto contro ostacolo fisso;Rettilineo;Una carreggiata a senso unico di marcia;Asciutto;Asfaltata;Verticale ed orizzontale;Sereno;Scarso;Buona;Sufficiente;0;0;0;1;12.4229;41.9409;-1;1;Autovettura privata;In marcia / fermata / arresto;Conducente;M;Illeso;0;;Non accertato;
4672372;20;22/11/2019 15:00:00;Strada Urbana;CORSO DI FRANCIA;in corrispondenza;;del civico n.;178;;Tamponamento Multiplo;Rettilineo;Pi� di due carreggiate;Asciutto;Asfaltata;Verticale ed orizzontale;Sereno;Normale;Buona;Ore Diurne;0;0;0;3;12.4698;41.9438;-1;1;Autovettura privata;In marcia / fermata / arresto;Conducente;F;Illeso;0;;Non accertato;Inesploso
4672372;20;22/11/2019 15:00:00;Strada Urbana;CORSO DI FRANCIA;in corrispondenza;;del civico n.;178;;Tamponamento Multiplo;Rettilineo;Pi� di due carreggiate;Asciutto;Asfaltata;Verticale ed orizzontale;Sereno;Normale;Buona;Ore Diurne;0;0;0;3;12.4698;41.9438;-1;2;Autovettura privata;In marcia / fermata / arresto;Conducente;M;Illeso;0;;Non accertato;Inesploso
4672372;20;22/11/2019 15:00:00;Strada Urbana;CORSO DI FRANCIA;in corrispondenza;;del civico n.;178;;Tamponamento Multiplo;Rettilineo;Pi� di due carreggiate;Asciutto;Asfaltata;Verticale ed orizzontale;Sereno;Normale;Buona;Ore Diurne;0;0;0;3;12.4698;41.9438;-1;3;Quadriciclo leggero;In marcia / fermata / arresto;Conducente;F;Illeso;0;;Non accertato;
4672398;20;22/11/2019 18:35:00;Strada Urbana;VIA CASSIA;all'intersezione con;VIA TOMBA DI NERONE;VIA TOMBA DI NERONE;;;Scontro laterale fra veicoli in marcia;Intersezione non regolata/non segnalata;Una carreggiata a doppio senso;Asciutto;Asfaltata;Orizzontale;Sereno;Intenso;Sufficiente;Sufficiente;0;0;0;4;12.4137;41.9828;-1;1;Motociclo a solo;In marcia / fermata / arresto;Conducente;M;Illeso;0;;Non accertato;
4672398;20;22/11/2019 18:35:00;Strada Urbana;VIA CASSIA;all'intersezione con;VIA TOMBA DI NERONE;VIA TOMBA DI NERONE;;;Scontro laterale fra veicoli in marcia;Intersezione non regolata/non segnalata;Una carreggiata a doppio senso;Asciutto;Asfaltata;Orizzontale;Sereno;Intenso;Sufficiente;Sufficiente;0;0;0;4;12.4137;41.9828;-1;2;Autovettura privata;In marcia / fermata / arresto;Conducente;M;Illeso;0;;Non accertato;Inesploso
4672398;20;22/11/2019 18:35:00;Strada Urbana;VIA CASSIA;all'intersezione con;VIA TOMBA DI NERONE;VIA TOMBA DI NERONE;;;Scontro laterale fra veicoli in marcia;Intersezione non regolata/non segnalata;Una carreggiata a doppio senso;Asciutto;Asfaltata;Orizzontale;Sereno;Intenso;Sufficiente;Sufficiente;0;0;0;4;12.4137;41.9828;-1;2;Autovettura privata;In marcia / fermata / arresto;Passeggero;M;Illeso;0;;Non accertato;
4672398;20;22/11/2019 18:35:00;Strada Urbana;VIA CASSIA;all'intersezione con;VIA TOMBA DI NERONE;VIA TOMBA DI NERONE;;;Scontro laterale fra veicoli in marcia;Intersezione non regolata/non segnalata;Una carreggiata a doppio senso;Asciutto;Asfaltata;Orizzontale;Sereno;Intenso;Sufficiente;Sufficiente;0;0;0;4;12.4137;41.9828;-1;2;Autovettura privata;In marcia / fermata / arresto;Passeggero;F;Illeso;0;;Non accertato;
4672414;20;22/11/2019 18:50:00;Strada Urbana;VIA CONCESIO;da specificare;;;;CIRCA 300 MT DOPO CIV 21 DIR SACROFANO;Veicolo in marcia contro ostacolo accidentale;Curva a visuale libera;Una carreggiata a doppio senso;Asciutto;Asfaltata;Verticale;Nuvoloso;Normale;Sufficiente;Insufficiente;0;0;0;2;12.4835;42.0078;-1;1;Autovettura privata;In marcia / fermata / arresto;Conducente;M;Illeso;0;;Non accertato;Inesploso
4672414;20;22/11/2019 18:50:00;Strada Urbana;VIA CONCESIO;da specificare;;;;CIRCA 300 MT DOPO CIV 21 DIR SACROFANO;Veicolo in marcia contro ostacolo accidentale;Curva a visuale libera;Una carreggiata a doppio senso;Asciutto;Asfaltata;Verticale;Nuvoloso;Normale;Sufficiente;Insufficiente;0;0;0;2;12.4835;42.0078;-1;1;Autovettura privata;In marcia / fermata / arresto;Passeggero;F;Illeso;0;;Non accertato;Inesistente
4672423;20;22/11/2019 19:15:00;Regionale;VIA FLAMINIA NUOVA;da specificare;;;;ALTEZZA SVINCOLO VIA DI GROTTAROSSA;Tamponamento Multiplo;Rettilineo;Due carreggiate;Asciutto;Asfaltata;Verticale ed orizzontale;Nuvoloso;Intenso;Buona;Sufficiente;0;0;0;5;12.4792;41.9609;-1;1;Autovettura privata;In marcia / fermata / arresto;Conducente;F;Illeso;0;;Non accertato;Inesploso
4672423;20;22/11/2019 19:15:00;Regionale;VIA FLAMINIA NUOVA;da specificare;;;;ALTEZZA SVINCOLO VIA DI GROTTAROSSA;Tamponamento Multiplo;Rettilineo;Due carreggiate;Asciutto;Asfaltata;Verticale ed orizzontale;Nuvoloso;Intenso;Buona;Sufficiente;0;0;0;5;12.4792;41.9609;-1;1;Autovettura privata;In marcia / fermata / arresto;Passeggero;M;Illeso;0;;;
4672423;20;22/11/2019 19:15:00;Regionale;VIA FLAMINIA NUOVA;da specificare;;;;ALTEZZA SVINCOLO VIA DI GROTTAROSSA;Tamponamento Multiplo;Rettilineo;Due carreggiate;Asciutto;Asfaltata;Verticale ed orizzontale;Nuvoloso;Intenso;Buona;Sufficiente;0;0;0;5;12.4792;41.9609;-1;1;Autovettura privata;In marcia / fermata / arresto;Passeggero;M;Illeso;0;;Non accertato;Inesploso
4672423;20;22/11/2019 19:15:00;Regionale;VIA FLAMINIA NUOVA;da specificare;;;;ALTEZZA SVINCOLO VIA DI GROTTAROSSA;Tamponamento Multiplo;Rettilineo;Due carreggiate;Asciutto;Asfaltata;Verticale ed orizzontale;Nuvoloso;Intenso;Buona;Sufficiente;0;0;0;5;12.4792;41.9609;-1;2;Autovettura privata;In marcia / fermata / arresto;Conducente;M;Illeso;0;;Non accertato;
4672423;20;22/11/2019 19:15:00;Regionale;VIA FLAMINIA NUOVA;da specificare;;;;ALTEZZA SVINCOLO VIA DI GROTTAROSSA;Tamponamento Multiplo;Rettilineo;Due carreggiate;Asciutto;Asfaltata;Verticale ed orizzontale;Nuvoloso;Intenso;Buona;Sufficiente;0;0;0;5;12.4792;41.9609;-1;3;Autovettura privata;In marcia / fermata / arresto;Conducente;M;Illeso;0;;;
4672994;10;23/11/2019 22:30:00;Strada Urbana;VIA DI PORTA FURBA;in corrispondenza;;del civico n.;54;;Investimento di pedone;Rettilineo;Una carreggiata a doppio senso;Bagnato (pioggia);Asfaltata;Verticale ed orizzontale;Pioggia in atto;Scarso;Sufficiente;Sufficiente;1;0;0;1;12.5412;41.8739;-1;;;;Pedone;F;Rimandato;0;NON DECEDUTO;;
4672994;10;23/11/2019 22:30:00;Strada Urbana;VIA DI PORTA FURBA;in corrispondenza;;del civico n.;54;;Investimento di pedone;Rettilineo;Una carreggiata a doppio senso;Bagnato (pioggia);Asfaltata;Verticale ed orizzontale;Pioggia in atto;Scarso;Sufficiente;Sufficiente;1;0;0;1;12.5412;41.8739;-1;1;Autovettura privata;In marcia / fermata / arresto;Conducente;M;Illeso;0;;Non accertato;Inesploso
4673012;10;24/11/2019 02:45:00;Strada Urbana;VIA TUSCOLANA;all'intersezione con;VIA DI PORTA FURBA;VIA DI PORTA FURBA;;;Scontro frontale/laterale SX fra veicoli in marcia;Intersezione semaforizzata;Due carreggiate;Bagnato (pioggia);Asfaltata;Verticale ed orizzontale;Pioggia in atto;Scarso;Sufficiente;Sufficiente;1;0;0;2;12.538;41.8691;-1;1;Autovettura privata;In marcia / fermata / arresto;Conducente;M;Illeso;0;;Non accertato;Esploso
4673012;10;24/11/2019 02:45:00;Strada Urbana;VIA TUSCOLANA;all'intersezione con;VIA DI PORTA FURBA;VIA DI PORTA FURBA;;;Scontro frontale/laterale SX fra veicoli in marcia;Intersezione semaforizzata;Due carreggiate;Bagnato (pioggia);Asfaltata;Verticale ed orizzontale;Pioggia in atto;Scarso;Sufficiente;Sufficiente;1;0;0;2;12.538;41.8691;-1;1;Autovettura privata;In marcia / fermata / arresto;Passeggero;M;Illeso;0;;Non accertato;Esploso
4673012;10;24/11/2019 02:45:00;Strada Urbana;VIA TUSCOLANA;all'intersezione con;VIA DI PORTA FURBA;VIA DI PORTA FURBA;;;Scontro frontale/laterale SX fra veicoli in marcia;Intersezione semaforizzata;Due carreggiate;Bagnato (pioggia);Asfaltata;Verticale ed orizzontale;Pioggia in atto;Scarso;Sufficiente;Sufficiente;1;0;0;2;12.538;41.8691;-1;2;Autovettura privata;In marcia / fermata / arresto;Conducente;M;Rimandato;0;NON DECEDUTO;Non accertato;Inesploso
4673066;20;23/11/2019 09:30:00;Strada Urbana;VIA DEL FORO ITALICO;in prossimit�;;del palo luce n.;93;;Tamponamento Multiplo;Rettilineo;Due carreggiate;Asciutto;Asfaltata;Verticale ed orizzontale;Nuvoloso;Normale;Buona;Ore Diurne;0;0;0;3;12.4828;41.94;-1;1;Autovettura privata;In marcia / fermata / arresto;Conducente;M;Illeso;0;;Non accertato;Inesploso
4673066;20;23/11/2019 09:30:00;Strada Urbana;VIA DEL FORO ITALICO;in prossimit�;;del palo luce n.;93;;Tamponamento Multiplo;Rettilineo;Due carreggiate;Asciutto;Asfaltata;Verticale ed orizzontale;Nuvoloso;Normale;Buona;Ore Diurne;0;0;0;3;12.4828;41.94;-1;2;Autovettura privata;In marcia / fermata / arresto;Conducente;M;Illeso;0;;Non accertato;
4673066;20;23/11/2019 09:30:00;Strada Urbana;VIA DEL FORO ITALICO;in prossimit�;;del palo luce n.;93;;Tamponamento Multiplo;Rettilineo;Due carreggiate;Asciutto;Asfaltata;Verticale ed orizzontale;Nuvoloso;Normale;Buona;Ore Diurne;0;0;0;3;12.4828;41.94;-1;3;Autovettura privata;In marcia / fermata / arresto;Conducente;M;Illeso;0;;Non accertato;
4673107;20;23/11/2019 20:20:00;Strada Urbana;LUNGOTEVERE MARESCIALLO DIAZ;in corrispondenza;;del palo luce n.;89;;Tamponamento;Rettilineo;Due carreggiate;Bagnato (umidit� in atto);Asfaltata;Verticale ed orizzontale;Pioggia in atto;Scarso;Sufficiente;Sufficiente;0;0;0;4;12.462;41.9339;-1;1;Quadriciclo;In marcia / fermata / arresto;Conducente;M;Illeso;0;;Non accertato;
4673107;20;23/11/2019 20:20:00;Strada Urbana;LUNGOTEVERE MARESCIALLO DIAZ;in corrispondenza;;del palo luce n.;89;;Tamponamento;Rettilineo;Due carreggiate;Bagnato (umidit� in atto);Asfaltata;Verticale ed orizzontale;Pioggia in atto;Scarso;Sufficiente;Sufficiente;0;0;0;4;12.462;41.9339;-1;2;Autovettura privata;In marcia / fermata / arresto;Conducente;M;Illeso;0;;Non accertato;
4673107;20;23/11/2019 20:20:00;Strada Urbana;LUNGOTEVERE MARESCIALLO DIAZ;in corrispondenza;;del palo luce n.;89;;Tamponamento;Rettilineo;Due carreggiate;Bagnato (umidit� in atto);Asfaltata;Verticale ed orizzontale;Pioggia in atto;Scarso;Sufficiente;Sufficiente;0;0;0;4;12.462;41.9339;-1;2;Autovettura privata;In marcia / fermata / arresto;Passeggero;F;Illeso;0;;Non accertato;
4673107;20;23/11/2019 20:20:00;Strada Urbana;LUNGOTEVERE MARESCIALLO DIAZ;in corrispondenza;;del palo luce n.;89;;Tamponamento;Rettilineo;Due carreggiate;Bagnato (umidit� in atto);Asfaltata;Verticale ed orizzontale;Pioggia in atto;Scarso;Sufficiente;Sufficiente;0;0;0;4;12.462;41.9339;-1;2;Autovettura privata;In marcia / fermata / arresto;Passeggero;F;Illeso;0;;Non accertato;Inesploso
4673119;18;24/11/2019 08:20:00;Strada Urbana;PIAZZA PIO XI;all'intersezione semaforizzata con;VIA GREGORIO VII;VIA GREGORIO VII;;;Scontro frontale/laterale DX fra veicoli in marcia;Incrocio;Pi� di due carreggiate;Bagnato (pioggia);Asfaltata;Verticale ed orizzontale;Pioggia in atto;Scarso;Buona;Ore Diurne;0;0;0;2;12.4386;41.895;-1;1;Autovettura privata;In marcia / fermata / arresto;Conducente;F;Illeso;0;;;
4673119;18;24/11/2019 08:20:00;Strada Urbana;PIAZZA PIO XI;all'intersezione semaforizzata con;VIA GREGORIO VII;VIA GREGORIO VII;;;Scontro frontale/laterale DX fra veicoli in marcia;Incrocio;Pi� di due carreggiate;Bagnato (pioggia);Asfaltata;Verticale ed orizzontale;Pioggia in atto;Scarso;Buona;Ore Diurne;0;0;0;2;12.4386;41.895;-1;2;Autovettura privata;In marcia / fermata / arresto;Conducente;M;Illeso;0;;;
4673120;19;24/11/2019 00:30:00;Strada Urbana;VIA TEODOSIO MACROBIO;in corrispondenza;;del civico n.;26;;Veicolo in marcia contro veicolo in sosta;Rettilineo;Una carreggiata a doppio senso;Bagnato (pioggia);Asfaltata;Assente;Pioggia in atto;Scarso;Buona;Sufficiente;0;0;0;1;12.4423;41.9233;-1;1;Quadriciclo;In marcia / fermata / arresto;Conducente;M;Illeso;0;;;
4673120;19;24/11/2019 00:30:00;Strada Urbana;VIA TEODOSIO MACROBIO;in corrispondenza;;del civico n.;26;;Veicolo in marcia contro veicolo in sosta;Rettilineo;Una carreggiata a doppio senso;Bagnato (pioggia);Asfaltata;Assente;Pioggia in atto;Scarso;Buona;Sufficiente;0;0;0;1;12.4423;41.9233;-1;2;Autovettura privata;Sosta;;;;;;;
4673120;19;24/11/2019 00:30:00;Strada Urbana;VIA TEODOSIO MACROBIO;in corrispondenza;;del civico n.;26;;Veicolo in marcia contro veicolo in sosta;Rettilineo;Una carreggiata a doppio senso;Bagnato (pioggia);Asfaltata;Assente;Pioggia in atto;Scarso;Buona;Sufficiente;0;0;0;1;12.4423;41.9233;-1;3;Autovettura privata;Sosta;;;;;;;
4673137;20;23/11/2019 17:45:00;Regionale entro l'abitato;VIA CASSIA;da specificare;;;;FRONTE PALO ACEA 59;Tamponamento;Rettilineo;Una carreggiata a doppio senso;Asciutto;Asfaltata;Orizzontale;Nuvoloso;Normale;Sufficiente;Sufficiente;1;0;0;1;12.4137;41.9828;-1;1;Ciclomotore;In marcia / fermata / arresto;Conducente;M;Rimandato;0;NON DECEDUTO;;
4673137;20;23/11/2019 17:45:00;Regionale entro l'abitato;VIA CASSIA;da specificare;;;;FRONTE PALO ACEA 59;Tamponamento;Rettilineo;Una carreggiata a doppio senso;Asciutto;Asfaltata;Orizzontale;Nuvoloso;Normale;Sufficiente;Sufficiente;1;0;0;1;12.4137;41.9828;-1;2;Autovettura privata;In marcia / fermata / arresto;Conducente;M;Illeso;0;;Non accertato;
4673141;19;23/11/2019 09:30:00;Strada Urbana;VIA MORTARA;in corrispondenza;;del civico n.;2;;Tamponamento;Rotatoria;Una carreggiata a senso unico di marcia;Asciutto;Asfaltata;Assente;Nuvoloso;Scarso;Buona;Ore Diurne;0;0;0;2;12.5177;41.8795;-1;1;Autovettura privata;In marcia / fermata / arresto;Conducente;M;Illeso;0;;;
4673141;19;23/11/2019 09:30:00;Strada Urbana;VIA MORTARA;in corrispondenza;;del civico n.;2;;Tamponamento;Rotatoria;Una carreggiata a senso unico di marcia;Asciutto;Asfaltata;Assente;Nuvoloso;Scarso;Buona;Ore Diurne;0;0;0;2;12.5177;41.8795;-1;2;Autovettura privata;In marcia / fermata / arresto;Conducente;M;Illeso;0;;;
4673151;19;23/11/2019 10:30:00;Strada Urbana;VIA ANDREA BARBATO;in corrispondenza;;del civico n.;28;;Veicolo in marcia contro veicolo fermo;Rettilineo;Una carreggiata a senso unico di marcia;Asciutto;Asfaltata;Orizzontale;Nuvoloso;Normale;Buona;Ore Diurne;1;0;0;0;12.4005;41.9298;-1;1;Autovettura privata;In marcia / fermata / arresto;Conducente;F;Rimandato;0;NON DECEDUTO;Non accertato;Inesploso
4673151;19;23/11/2019 10:30:00;Strada Urbana;VIA ANDREA BARBATO;in corrispondenza;;del civico n.;28;;Veicolo in marcia contro veicolo fermo;Rettilineo;Una carreggiata a senso unico di marcia;Asciutto;Asfaltata;Orizzontale;Nuvoloso;Normale;Buona;Ore Diurne;1;0;0;0;12.4005;41.9298;-1;2;Autovettura privata;Allontanatosi;;;;;;;
4673159;19;23/11/2019 20:00:00;Strada Urbana;VIA TRIONFALE;in corrispondenza;;del civico n.;11393;;Investimento di pedone;Curva a visuale libera;Due carreggiate;Bagnato (pioggia);Asfaltata;Verticale ed orizzontale;Pioggia in atto;Normale;Sufficiente;Sufficiente;1;0;0;1;12.4099;41.9609;-1;;;;Pedone;F;Rimandato;0;NON DECEDUTO;;
4673159;19;23/11/2019 20:00:00;Strada Urbana;VIA TRIONFALE;in corrispondenza;;del civico n.;11393;;Investimento di pedone;Curva a visuale libera;Due carreggiate;Bagnato (pioggia);Asfaltata;Verticale ed orizzontale;Pioggia in atto;Normale;Sufficiente;Sufficiente;1;0;0;1;12.4099;41.9609;-1;1;Motociclo a solo;In marcia / fermata / arresto;Conducente;M;Illeso;0;;Non accertato;
4673166;20;23/11/2019 13:00:00;Regionale entro l'abitato;VIA FLAMINIA NUOVA;da specificare;;;;VIA BOMARZO;Veicolo in marcia contro ostacolo accidentale;Rettilineo;Due carreggiate;Asciutto;Asfaltata;Assente;Nuvoloso;Normale;Buona;Ore Diurne;0;0;0;1;12.4792;41.9609;-1;1;Autovettura privata;In marcia / fermata / arresto;Conducente;M;Illeso;0;;Non accertato;
4673179;20;23/11/2019 21:00:00;Strada Urbana;VIALE DI TOR DI QUINTO;in corrispondenza;;del civico n.;155;;Veicolo in marcia contro ostacolo fisso;Rettilineo;Due carreggiate;Bagnato (umidit� in atto);Asfaltata;Verticale ed orizzontale;Pioggia in atto;Scarso;Sufficiente;Sufficiente;0;0;0;1;12.486;41.9475;-1;1;Autovettura privata;In marcia / fermata / arresto;Conducente;M;Illeso;0;;;
4673326;6;24/11/2019 13:00:00;Strada Urbana;VIALE DELLA VENEZIA GIULIA;da specificare;;;;alt. CITTANOVA D'ISTRIA;Veicolo in marcia contro veicolo fermo;Curva a visuale libera;Una carreggiata a doppio senso;Bagnato (pioggia);Asfaltata;Orizzontale;Pioggia in atto;Normale;Buona;Ore Diurne;0;0;0;3;12.5537;41.8966;-1;1;Autovettura privata;In marcia / fermata / arresto;Conducente;M;Illeso;0;;Non accertato;Inesploso
4673326;6;24/11/2019 13:00:00;Strada Urbana;VIALE DELLA VENEZIA GIULIA;da specificare;;;;alt. CITTANOVA D'ISTRIA;Veicolo in marcia contro veicolo fermo;Curva a visuale libera;Una carreggiata a doppio senso;Bagnato (pioggia);Asfaltata;Orizzontale;Pioggia in atto;Normale;Buona;Ore Diurne;0;0;0;3;12.5537;41.8966;-1;1;Autovettura privata;In marcia / fermata / arresto;Passeggero;F;Illeso;0;;Non accertato;Inesploso
4673326;6;24/11/2019 13:00:00;Strada Urbana;VIALE DELLA VENEZIA GIULIA;da specificare;;;;alt. CITTANOVA D'ISTRIA;Veicolo in marcia contro veicolo fermo;Curva a visuale libera;Una carreggiata a doppio senso;Bagnato (pioggia);Asfaltata;Orizzontale;Pioggia in atto;Normale;Buona;Ore Diurne;0;0;0;3;12.5537;41.8966;-1;2;Autovettura privata;In marcia / fermata / arresto;Conducente;M;Illeso;0;;Non accertato;Inesploso