Protocollo;Gruppo;DataOraIncidente;Localizzazione1;STRADA1;Localizzazione2;STRADA2;Strada02;Chilometrica;DaSpecificare;NaturaIncidente;particolaritastrade;TipoStrada;FondoStradale;Pavimentazione;Segnaletica;CondizioneAtmosferica;Traffico;Visibilita;Illuminazione;NUM_FERITI;NUM_RISERVATA;NUM_MORTI;NUM_ILLESI;Longitudine;Latitudine;Confermato;Progressivo;TipoVeicolo;StatoVeicolo;TipoPersona;Sesso;Tipolesione;Deceduto;DecedutoDopo;CinturaCascoUtilizzato;Airbag;
4676256;18;26/11/2019 07:10:00;Strada Urbana;VIA AURELIA;in corrispondenza;;del civico n.;780;;Tamponamento Multiplo;Rettilineo;Due carreggiate;Bagnato (brina);Asfaltata;Verticale;Sereno;Normale;Buona;Ore Diurne;3;0;0;0;12.4101;41.8898;-1;2;Autovettura privata;In marcia / fermata / arresto;Conducente;F;Rimandato;0;NON DECEDUTO;Non accertato;Inesploso
4676256;18;26/11/2019 07:10:00;Strada Urbana;VIA AURELIA;in corrispondenza;;del civico n.;780;;Tamponamento Multiplo;Rettilineo;Due carreggiate;Bagnato (brina);Asfaltata;Verticale;Sereno;Normale;Buona;Ore Diurne;3;0;0;0;12.4101;41.8898;-1;3;Autovettura privata;In marcia / fermata / arresto;Conducente;F;Rimandato;0;NON DECEDUTO;Non accertato;Inesploso
4676257;20;25/11/2019 19:40:00;Strada Urbana;VIA CASSIA;in corrispondenza;;del civico n.;861;;Investimento di pedone;Rettilineo;Una carreggiata a doppio senso;Bagnato (umidit� in atto);Asfaltata;Verticale ed orizzontale;Sereno;Intenso;Buona;Sufficiente;1;0;0;1;12.4372;41.9691;-1;;;;Pedone;F;Rimandato;0;NON DECEDUTO;;
4676257;20;25/11/2019 19:40:00;Strada Urbana;VIA CASSIA;in corrispondenza;;del civico n.;861;;Investimento di pedone;Rettilineo;Una carreggiata a doppio senso;Bagnato (umidit� in atto);Asfaltata;Verticale ed orizzontale;Sereno;Intenso;Buona;Sufficiente;1;0;0;1;12.4372;41.9691;-1;1;Motociclo a solo;In marcia / fermata / arresto;Conducente;M;Illeso;0;;Non accertato;
4676262;10;25/11/2019 18:30:00;Strada Urbana;VIA ANAGNINA;da specificare;;;;altezza ponte del  GRA dir. fuori Roma;Veicolo in marcia contro ostacolo accidentale;Rettilineo;Una carreggiata a senso unico di marcia;Bagnato (umidit� in atto);Asfaltata;Verticale ed orizzontale;Sereno;Intenso;Buona;Sufficiente;0;0;0;1;12.5902;41.8381;-1;1;Autovettura privata;In marcia / fermata / arresto;Conducente;M;Illeso;0;;Non accertato;Inesploso
4676263;13;25/11/2019 16:40:00;Strada Urbana;VIA FABIANO LANDI;da specificare;;;;altezza via Sondalo;Tamponamento Multiplo;Rettilineo;Una carreggiata a doppio senso;Asciutto;Asfaltata;Assente;Sereno;Normale;Buona;Ore Diurne;0;0;0;3;12.3743;41.7863;-1;1;Autovettura privata;In marcia / fermata / arresto;Conducente;M;Illeso;0;;Non accertato;Inesploso
4676263;13;25/11/2019 16:40:00;Strada Urbana;VIA FABIANO LANDI;da specificare;;;;altezza via Sondalo;Tamponamento Multiplo;Rettilineo;Una carreggiata a doppio senso;Asciutto;Asfaltata;Assente;Sereno;Normale;Buona;Ore Diurne;0;0;0;3;12.3743;41.7863;-1;2;Autovettura privata;In marcia / fermata / arresto;Conducente;M;Illeso;0;;Non accertato;Inesploso
4676263;13;25/11/2019 16:40:00;Strada Urbana;VIA FABIANO LANDI;da specificare;;;;altezza via Sondalo;Tamponamento Multiplo;Rettilineo;Una carreggiata a doppio senso;Asciutto;Asfaltata;Assente;Sereno;Normale;Buona;Ore Diurne;0;0;0;3;12.3743;41.7863;-1;3;Autovettura privata;In marcia / fermata / arresto;Conducente;M;Illeso;0;;Non accertato;Inesistente
4676271;4;25/11/2019 11:30:00;Strada Urbana;VIA SCARPANTO;in corrispondenza;;del civico n.;33;;Veicolo in marcia contro veicolo in sosta;Rettilineo;Due carreggiate;Asciutto;Asfaltata;Verticale ed orizzontale;Sereno;Normale;Buona;Ore Diurne;0;0;0;1;12.5274;41.9474;-1;1;Autovettura privata;Sosta;;;;;;;
4676271;4;25/11/2019 11:30:00;Strada Urbana;VIA SCARPANTO;in corrispondenza;;del civico n.;33;;Veicolo in marcia contro veicolo in sosta;Rettilineo;Due carreggiate;Asciutto;Asfaltata;Verticale ed orizzontale;Sereno;Normale;Buona;Ore Diurne;0;0;0;1;12.5274;41.9474;-1;2;Autovettura privata;In marcia / fermata / arresto;Conducente;M;Illeso;0;;Non accertato;Inesploso
4676272;4;25/11/2019 15:20:00;Strada Urbana;VIALE JONIO;in prossimit�;;del civico n.;270;;Scontro laterale fra veicoli in marcia;Rettilineo;Due carreggiate;Asciutto;Asfaltata;Verticale ed orizzontale;Sereno;Normale;Buona;Ore Diurne;0;0;0;3;12.5311;41.9459;-1;1;Autovettura privata;In marcia / fermata / arresto;Conducente;M;Illeso;0;;Non accertato;Inesploso
4676272;4;25/11/2019 15:20:00;Strada Urbana;VIALE JONIO;in prossimit�;;del civico n.;270;;Scontro laterale fra veicoli in marcia;Rettilineo;Due carreggiate;Asciutto;Asfaltata;Verticale ed orizzontale;Sereno;Normale;Buona;Ore Diurne;0;0;0;3;12.5311;41.9459;-1;1;Autovettura privata;In marcia / fermata / arresto;Passeggero;M;Illeso;0;;;
4676272;4;25/11/2019 15:20:00;Strada Urbana;VIALE JONIO;in prossimit�;;del civico n.;270;;Scontro laterale fra veicoli in marcia;Rettilineo;Due carreggiate;Asciutto;Asfaltata;Verticale ed orizzontale;Sereno;Normale;Buona;Ore Diurne;0;0;0;3;12.5311;41.9459;-1;2;Autovettura privata;In marcia / fermata / arresto;Conducente;F;Illeso;0;;;
4676284;20;25/11/2019 12:00:00;Regionale entro l'abitato;VIA CASSIA NUOVA;da specificare;;;;via Oriolo Romano;Tamponamento;Curva a visuale libera;Una carreggiata a doppio senso;Asciutto;Asfaltata;Verticale ed orizzontale;Sereno;Normale;Buona;Ore Diurne;0;0;0;2;12.4571;41.9574;-1;1;Autovettura privata;In marcia / fermata / arresto;Conducente;M;Illeso;0;;Non accertato;
4676284;20;25/11/2019 12:00:00;Regionale entro l'abitato;VIA CASSIA NUOVA;da specificare;;;;via Oriolo Romano;Tamponamento;Curva a visuale libera;Una carreggiata a doppio senso;Asciutto;Asfaltata;Verticale ed orizzontale;Sereno;Normale;Buona;Ore Diurne;0;0;0;2;12.4571;41.9574;-1;2;Autovettura privata;In marcia / fermata / arresto;Conducente;F;Illeso;0;;;
4676306;10;25/11/2019 20:15:00;Strada Urbana;VIA NUMITORE;in corrispondenza;;del civico n.;1;;Veicolo in marcia contro veicoli in sosta;Rettilineo;Una carreggiata a senso unico di marcia;Asciutto;Asfaltata;Verticale ed orizzontale;Sereno;Normale;Sufficiente;Sufficiente;1;0;0;0;12.5297;41.8718;-1;1;Autovettura privata;In marcia / fermata / arresto;Conducente;M;Rimandato;0;NON DECEDUTO;Non accertato;Inesploso
4676306;10;25/11/2019 20:15:00;Strada Urbana;VIA NUMITORE;in corrispondenza;;del civico n.;1;;Veicolo in marcia contro veicoli in sosta;Rettilineo;Una carreggiata a senso unico di marcia;Asciutto;Asfaltata;Verticale ed orizzontale;Sereno;Normale;Sufficiente;Sufficiente;1;0;0;0;12.5297;41.8718;-1;2;Autovettura privata;Sosta;;;;;;;
4676306;10;25/11/2019 20:15:00;Strada Urbana;VIA NUMITORE;in corrispondenza;;del civico n.;1;;Veicolo in marcia contro veicoli in sosta;Rettilineo;Una carreggiata a senso unico di marcia;Asciutto;Asfaltata;Verticale ed orizzontale;Sereno;Normale;Sufficiente;Sufficiente;1;0;0;0;12.5297;41.8718;-1;3;Autovettura privata;Sosta;;;;;;;
4676306;10;25/11/2019 20:15:00;Strada Urbana;VIA NUMITORE;in corrispondenza;;del civico n.;1;;Veicolo in marcia contro veicoli in sosta;Rettilineo;Una carreggiata a senso unico di marcia;Asciutto;Asfaltata;Verticale ed orizzontale;Sereno;Normale;Sufficiente;Sufficiente;1;0;0;0;12.5297;41.8718;-1;4;Autovettura privata;Sosta;;;;;;;
4676306;10;25/11/2019 20:15:00;Strada Urbana;VIA NUMITORE;in corrispondenza;;del civico n.;1;;Veicolo in marcia contro veicoli in sosta;Rettilineo;Una carreggiata a senso unico di marcia;Asciutto;Asfaltata;Verticale ed orizzontale;Sereno;Normale;Sufficiente;Sufficiente;1;0;0;0;12.5297;41.8718;-1;5;Autovettura privata;Sosta;;;;;;;
4676306;10;25/11/2019 20:15:00;Strada Urbana;VIA NUMITORE;in corrispondenza;;del civico n.;1;;Veicolo in marcia contro veicoli in sosta;Rettilineo;Una carreggiata a senso unico di marcia;Asciutto;Asfaltata;Verticale ed orizzontale;Sereno;Normale;Sufficiente;Sufficiente;1;0;0;0;12.5297;41.8718;-1;6;Autovettura privata;Sosta;;;;;;;
4676308;19;25/11/2019 18:20:00;Strada Urbana;VIA DI CASAL DEL MARMO;in prossimit�;;del civico n.;182;;Veicolo in marcia contro ostacolo fisso;Rettilineo;Una carreggiata a doppio senso;Asciutto;Asfaltata;Verticale ed orizzontale;Sereno;Normale;Buona;Sufficiente;0;0;0;1;12.4036;41.9563;-1;1;Autovettura privata;In marcia / fermata / arresto;Conducente;M;Illeso;0;;Non accertato;Inesploso
4676309;12;25/11/2019 21:15:00;Strada Urbana;VIA DI TRIGORIA;in prossimit�;;del palo luce n.;121;;Veicolo in marcia contro ostacolo accidentale;Rettilineo;Una carreggiata a doppio senso;Bagnato (umidit� in atto);Con buche;Verticale;Sereno;Scarso;Sufficiente;Sufficiente;0;0;0;2;12.4624;41.7464;-1;1;Autovettura privata;In marcia / fermata / arresto;Conducente;M;Illeso;0;;Non accertato;Inesploso
4676309;12;25/11/2019 21:15:00;Strada Urbana;VIA DI TRIGORIA;in prossimit�;;del palo luce n.;121;;Veicolo in marcia contro ostacolo accidentale;Rettilineo;Una carreggiata a doppio senso;Bagnato (umidit� in atto);Con buche;Verticale;Sereno;Scarso;Sufficiente;Sufficiente;0;0;0;2;12.4624;41.7464;-1;1;Autovettura privata;In marcia / fermata / arresto;Passeggero;F;Illeso;0;;Non accertato;Inesploso
4676311;1;25/11/2019 19:45:00;Strada Urbana;VIALE GUIDO BACCELLI;in prossimit�;;del civico n.;56;;Veicolo in marcia contro ostacolo fisso;Rettilineo;Due carreggiate;Asciutto;Asfaltata;Orizzontale;Sereno;Normale;Insufficiente;Insufficiente;1;0;0;0;12.4922;41.8769;-1;1;Autovettura privata;In marcia / fermata / arresto;Conducente;F;Ricoverato;0;NON DECEDUTO;Non accertato;Esploso
4676312;10;26/11/2019 01:55:00;Strada Urbana;VIA DELL'ARCO DI TRAVERTINO;da specificare;;;;fr. civ. 20;Veicolo in marcia contro veicolo fermo;Rettilineo;Due carreggiate;Asciutto;Asfaltata;Verticale ed orizzontale;Sereno;Scarso;Sufficiente;Sufficiente;0;0;0;2;12.5374;41.8685;-1;1;Autovettura privata;In marcia / fermata / arresto;Conducente;M;Illeso;0;;Non accertato;Inesploso
4676312;10;26/11/2019 01:55:00;Strada Urbana;VIA DELL'ARCO DI TRAVERTINO;da specificare;;;;fr. civ. 20;Veicolo in marcia contro veicolo fermo;Rettilineo;Due carreggiate;Asciutto;Asfaltata;Verticale ed orizzontale;Sereno;Scarso;Sufficiente;Sufficiente;0;0;0;2;12.5374;41.8685;-1;2;Autovettura privata;In marcia / fermata / arresto;Conducente;M;Illeso;0;;Non accertato;Inesploso
4676322;13;25/11/2019 17:20:00;Strada Urbana;VIA CESARE LAURENTI;all'intersezione con;VIA CAPO PALINURO;VIA CAPO PALINURO;;;Scontro laterale fra veicoli in marcia;Incrocio;Due carreggiate;Asciutto;Asfaltata;Verticale;Sereno;Normale;Sufficiente;Sufficiente;0;0;0;2;12.2853;41.7338;-1;1;Autovettura privata;In marcia / fermata / arresto;Conducente;M;Illeso;0;;Non accertato;Inesploso
4676322;13;25/11/2019 17:20:00;Strada Urbana;VIA CESARE LAURENTI;all'intersezione con;VIA CAPO PALINURO;VIA CAPO PALINURO;;;Scontro laterale fra veicoli in marcia;Incrocio;Due carreggiate;Asciutto;Asfaltata;Verticale;Sereno;Normale;Sufficiente;Sufficiente;0;0;0;2;12.2853;41.7338;-1;2;Autovettura privata;In marcia / fermata / arresto;Conducente;F;Illeso;0;;Non accertato;Inesploso
4676323;6;26/11/2019 07:10:00;Strada Urbana;VIA DI PORTA FURBA;in prossimit�;;del civico n.;34;;Scontro laterale fra veicoli in marcia;Curva a visuale libera;Una carreggiata a doppio senso;Asciutto;Asfaltata;Orizzontale;Sereno;Intenso;Buona;Ore Diurne;1;0;0;1;12.5408;41.8719;-1;1;Autovettura privata;In marcia / fermata / arresto;Conducente;M;Illeso;0;;Non accertato;Inesploso
4676323;6;26/11/2019 07:10:00;Strada Urbana;VIA DI PORTA FURBA;in prossimit�;;del civico n.;34;;Scontro laterale fra veicoli in marcia;Curva a visuale libera;Una carreggiata a doppio senso;Asciutto;Asfaltata;Orizzontale;Sereno;Intenso;Buona;Ore Diurne;1;0;0;1;12.5408;41.8719;-1;2;Motociclo a solo;In marcia / fermata / arresto;Conducente;M;Rimandato;0;NON DECEDUTO;Non accertato;
4676331;19;25/11/2019 23:10:00;Strada Urbana;VIA DI TORREVECCHIA;all'intersezione con;VIA LEONARDO BIANCHI;VIA LEONARDO BIANCHI;;;Ribaltamento senza urto contro ostacolo fisso;Incrocio;Una carreggiata a doppio senso;Asciutto;Asfaltata;Orizzontale;Sereno;Scarso;Sufficiente;Sufficiente;0;0;0;1;12.4123;41.9234;-1;1;Autovettura privata;In marcia / fermata / arresto;Conducente;M;Illeso;0;;Non accertato;Esploso
4676331;19;25/11/2019 23:10:00;Strada Urbana;VIA DI TORREVECCHIA;all'intersezione con;VIA LEONARDO BIANCHI;VIA LEONARDO BIANCHI;;;Ribaltamento senza urto contro ostacolo fisso;Incrocio;Una carreggiata a doppio senso;Asciutto;Asfaltata;Orizzontale;Sereno;Scarso;Sufficiente;Sufficiente;0;0;0;1;12.4123;41.9234;-1;2;Autovettura privata;Sosta;;;;;;;
4676331;19;25/11/2019 23:10:00;Strada Urbana;VIA DI TORREVECCHIA;all'intersezione con;VIA LEONARDO BIANCHI;VIA LEONARDO BIANCHI;;;Ribaltamento senza urto contro ostacolo fisso;Incrocio;Una carreggiata a doppio senso;Asciutto;Asfaltata;Orizzontale;Sereno;Scarso;Sufficiente;Sufficiente;0;0;0;1;12.4123;41.9234;-1;3;Autovettura privata;Sosta;;;;;;;
4676331;19;25/11/2019 23:10:00;Strada Urbana;VIA DI TORREVECCHIA;all'intersezione con;VIA LEONARDO BIANCHI;VIA LEONARDO BIANCHI;;;Ribaltamento senza urto contro ostacolo fisso;Incrocio;Una carreggiata a doppio senso;Asciutto;Asfaltata;Orizzontale;Sereno;Scarso;Sufficiente;Sufficiente;0;0;0;1;12.4123;41.9234;-1;4;Autovettura privata;Sosta;;;;;;;
4676331;19;25/11/2019 23:10:00;Strada Urbana;VIA DI TORREVECCHIA;all'intersezione con;VIA LEONARDO BIANCHI;VIA LEONARDO BIANCHI;;;Ribaltamento senza urto contro ostacolo fisso;Incrocio;Una carreggiata a doppio senso;Asciutto;Asfaltata;Orizzontale;Sereno;Scarso;Sufficiente;Sufficiente;0;0;0;1;12.4123;41.9234;-1;5;Autovettura privata;Sosta;;;;;;;
4676343;4;25/11/2019 06:30:00;Statale;VIA SALARIA;in corrispondenza;;della chilometrica;16.4;;Scontro frontale fra veicoli in marcia;Rettilineo;Una carreggiata a doppio senso;Bagnato (umidit� in atto);Asfaltata;Verticale ed orizzontale;Nuvoloso;Normale;Buona;Ore Diurne;2;0;0;0;12.5141;41.9923;-1;1;Autovettura privata;In marcia / fermata / arresto;Conducente;M;Rifiuta cure immediate;0;NON DECEDUTO;Non accertato;Esploso
4676343;4;25/11/2019 06:30:00;Statale;VIA SALARIA;in corrispondenza;;della chilometrica;16.4;;Scontro frontale fra veicoli in marcia;Rettilineo;Una carreggiata a doppio senso;Bagnato (umidit� in atto);Asfaltata;Verticale ed orizzontale;Nuvoloso;Normale;Buona;Ore Diurne;2;0;0;0;12.5141;41.9923;-1;2;Autovettura privata;In marcia / fermata / arresto;Conducente;M;Rimandato;0;NON DECEDUTO;;
4676349;5;25/11/2019 18:45:00;Strada Urbana;VIA FURIO CICOGNA;da specificare;;;;circa 30 mt. dopo area di parcheggio;Tamponamento;Rettilineo;Una carreggiata a doppio senso;Asciutto;Asfaltata;Orizzontale;Sereno;Normale;Sufficiente;Sufficiente;0;0;0;2;12.5638;41.9272;-1;1;Autovettura privata;In marcia / fermata / arresto;Conducente;F;Illeso;0;;Non accertato;Inesploso
4676349;5;25/11/2019 18:45:00;Strada Urbana;VIA FURIO CICOGNA;da specificare;;;;circa 30 mt. dopo area di parcheggio;Tamponamento;Rettilineo;Una carreggiata a doppio senso;Asciutto;Asfaltata;Orizzontale;Sereno;Normale;Sufficiente;Sufficiente;0;0;0;2;12.5638;41.9272;-1;2;Autovettura privata;In marcia / fermata / arresto;Conducente;F;Illeso;0;;Non accertato;Inesploso
4676356;1;25/11/2019 14:45:00;Strada Urbana;VIA DELL'AMBA ARADAM;in prossimit�;;del palo luce n.;1;;Scontro laterale fra veicoli in marcia;Curva a visuale libera;Una carreggiata a doppio senso;Asciutto;Asfaltata;Verticale ed orizzontale;Sereno;Normale;Buona;Ore Diurne;0;0;0;4;12.5016;41.8847;-1;1;Autovettura privata;In marcia / fermata / arresto;Conducente;M;Illeso;0;;;Esploso
4676356;1;25/11/2019 14:45:00;Strada Urbana;VIA DELL'AMBA ARADAM;in prossimit�;;del palo luce n.;1;;Scontro laterale fra veicoli in marcia;Curva a visuale libera;Una carreggiata a doppio senso;Asciutto;Asfaltata;Verticale ed orizzontale;Sereno;Normale;Buona;Ore Diurne;0;0;0;4;12.5016;41.8847;-1;1;Autovettura privata;In marcia / fermata / arresto;Passeggero;F;Illeso;0;;;
4676356;1;25/11/2019 14:45:00;Strada Urbana;VIA DELL'AMBA ARADAM;in prossimit�;;del palo luce n.;1;;Scontro laterale fra veicoli in marcia;Curva a visuale libera;Una carreggiata a doppio senso;Asciutto;Asfaltata;Verticale ed orizzontale;Sereno;Normale;Buona;Ore Diurne;0;0;0;4;12.5016;41.8847;-1;1;Autovettura privata;In marcia / fermata / arresto;Passeggero;M;Illeso;0;;;Inesploso
4676356;1;25/11/2019 14:45:00;Strada Urbana;VIA DELL'AMBA ARADAM;in prossimit�;;del palo luce n.;1;;Scontro laterale fra veicoli in marcia;Curva a visuale libera;Una carreggiata a doppio senso;Asciutto;Asfaltata;Verticale ed orizzontale;Sereno;Normale;Buona;Ore Diurne;0;0;0;4;12.5016;41.8847;-1;2;Autocarro superiore 35 q.;In marcia / fermata / arresto;Conducente;M;Illeso;0;;Non accertato;
4676359;5;25/11/2019 18:30:00;Strada Urbana;VIA BELMONTE IN SABINA;da specificare;;;;altezza svincolo GRA dir. Torraccia;Scontro frontale/laterale DX fra veicoli in marcia;Rettilineo;Due carreggiate;Asciutto;Asfaltata;Verticale ed orizzontale;Sereno;Intenso;Sufficiente;Sufficiente;2;0;0;1;12.5899;41.9451;-1;1;Ciclomotore;In marcia / fermata / arresto;Conducente;F;Rimandato;0;NON DECEDUTO;Non accertato;
4676359;5;25/11/2019 18:30:00;Strada Urbana;VIA BELMONTE IN SABINA;da specificare;;;;altezza svincolo GRA dir. Torraccia;Scontro frontale/laterale DX fra veicoli in marcia;Rettilineo;Due carreggiate;Asciutto;Asfaltata;Verticale ed orizzontale;Sereno;Intenso;Sufficiente;Sufficiente;2;0;0;1;12.5899;41.9451;-1;1;Ciclomotore;In marcia / fermata / arresto;Passeggero;F;Rimandato;0;NON DECEDUTO;Non accertato;
4676359;5;25/11/2019 18:30:00;Strada Urbana;VIA BELMONTE IN SABINA;da specificare;;;;altezza svincolo GRA dir. Torraccia;Scontro frontale/laterale DX fra veicoli in marcia;Rettilineo;Due carreggiate;Asciutto;Asfaltata;Verticale ed orizzontale;Sereno;Intenso;Sufficiente;Sufficiente;2;0;0;1;12.5899;41.9451;-1;2;Autovettura privata;In marcia / fermata / arresto;Conducente;M;Illeso;0;;Non accertato;Inesploso
4676362;13;25/11/2019 22:45:00;Strada Urbana;VIA MAR DEI CARAIBI;da specificare;;;;prossimit� v.m. dei coralli;Tamponamento;Rettilineo;Una carreggiata a doppio senso;Asciutto;Asfaltata;Orizzontale;Sereno;Scarso;Sufficiente;Sufficiente;2;0;0;2;12.3029;41.7312;-1;1;Autovettura privata;In marcia / fermata / arresto;Conducente;F;Illeso;0;;Non accertato;Inesploso
4676362;13;25/11/2019 22:45:00;Strada Urbana;VIA MAR DEI CARAIBI;da specificare;;;;prossimit� v.m. dei coralli;Tamponamento;Rettilineo;Una carreggiata a doppio senso;Asciutto;Asfaltata;Orizzontale;Sereno;Scarso;Sufficiente;Sufficiente;2;0;0;2;12.3029;41.7312;-1;1;Autovettura privata;In marcia / fermata / arresto;Passeggero;M;Illeso;0;;Non accertato;Inesploso
4676362;13;25/11/2019 22:45:00;Strada Urbana;VIA MAR DEI CARAIBI;da specificare;;;;prossimit� v.m. dei coralli;Tamponamento;Rettilineo;Una carreggiata a doppio senso;Asciutto;Asfaltata;Orizzontale;Sereno;Scarso;Sufficiente;Sufficiente;2;0;0;2;12.3029;41.7312;-1;2;Motociclo a solo;In marcia / fermata / arresto;Conducente;M;Rimandato;0;NON DECEDUTO;Non accertato;
4676362;13;25/11/2019 22:45:00;Strada Urbana;VIA MAR DEI CARAIBI;da specificare;;;;prossimit� v.m. dei coralli;Tamponamento;Rettilineo;Una carreggiata a doppio senso;Asciutto;Asfaltata;Orizzontale;Sereno;Scarso;Sufficiente;Sufficiente;2;0;0;2;12.3029;41.7312;-1;2;Motociclo a solo;In marcia / fermata / arresto;Passeggero;F;Rimandato;0;NON DECEDUTO;Non accertato;
4676366;4;25/11/2019 11:20:00;Strada Urbana;VIA DELL'ATENEO SALESIANO;in prossimit�;;del civico n.;135;;Veicolo in marcia contro ostacolo fisso;Rettilineo;Una carreggiata a doppio senso;Asciutto;Con buche;Assente;Sereno;Scarso;Buona;Ore Diurne;0;0;0;3;12.5305;41.9583;-1;1;Autovettura di polizia;In marcia / fermata / arresto;Conducente;F;Illeso;0;;;
4676366;4;25/11/2019 11:20:00;Strada Urbana;VIA DELL'ATENEO SALESIANO;in prossimit�;;del civico n.;135;;Veicolo in marcia contro ostacolo fisso;Rettilineo;Una carreggiata a doppio senso;Asciutto;Con buche;Assente;Sereno;Scarso;Buona;Ore Diurne;0;0;0;3;12.5305;41.9583;-1;1;Autovettura di polizia;In marcia / fermata / arresto;Passeggero;M;Illeso;0;;;
4676366;4;25/11/2019 11:20:00;Strada Urbana;VIA DELL'ATENEO SALESIANO;in prossimit�;;del civico n.;135;;Veicolo in marcia contro ostacolo fisso;Rettilineo;Una carreggiata a doppio senso;Asciutto;Con buche;Assente;Sereno;Scarso;Buona;Ore Diurne;0;0;0;3;12.5305;41.9583;-1;1;Autovettura di polizia;In marcia / fermata / arresto;Passeggero;M;Illeso;0;;;
4676371;4;25/11/2019 13:09:00;Strada Urbana;VIA GENNARO RIGHELLI;in prossimit�;;del civico n.;82;;Scontro laterale fra veicoli in marcia;Rettilineo;Due carreggiate;Asciutto;Asfaltata;Verticale ed orizzontale;Sereno;Scarso;Buona;Ore Diurne;0;0;0;4;12.5677;41.948;-1;1;Autocarro inferiore 35 q.;In marcia / fermata / arresto;Conducente;M;Illeso;0;;;
4676371;4;25/11/2019 13:09:00;Strada Urbana;VIA GENNARO RIGHELLI;in prossimit�;;del civico n.;82;;Scontro laterale fra veicoli in marcia;Rettilineo;Due carreggiate;Asciutto;Asfaltata;Verticale ed orizzontale;Sereno;Scarso;Buona;Ore Diurne;0;0;0;4;12.5677;41.948;-1;1;Autocarro inferiore 35 q.;In marcia / fermata / arresto;Passeggero;M;Illeso;0;;;
4676371;4;25/11/2019 13:09:00;Strada Urbana;VIA GENNARO RIGHELLI;in prossimit�;;del civico n.;82;;Scontro laterale fra veicoli in marcia;Rettilineo;Due carreggiate;Asciutto;Asfaltata;Verticale ed orizzontale;Sereno;Scarso;Buona;Ore Diurne;0;0;0;4;12.5677;41.948;-1;2;Autovettura privata;In marcia / fermata / arresto;Conducente;F;Illeso;0;;;
4676371;4;25/11/2019 13:09:00;Strada Urbana;VIA GENNARO RIGHELLI;in prossimit�;;del civico n.;82;;Scontro laterale fra veicoli in marcia;Rettilineo;Due carreggiate;Asciutto;Asfaltata;Verticale ed orizzontale;Sereno;Scarso;Buona;Ore Diurne;0;0;0;4;12.5677;41.948;-1;2;Autovettura privata;In marcia / fermata / arresto;Passeggero;F;Illeso;0;;;
4676374;5;25/11/2019 14:30:00;Strada Urbana;VIA ZOE FONTANA;da specificare;;;;in prossimit� Via Monteflavio;Veicolo in marcia contro veicolo in sosta;Rettilineo;Una carreggiata a senso unico di marcia;Asciutto;Asfaltata;Verticale ed orizzontale;Sereno;Normale;Buona;Ore Diurne;0;0;0;1;12.6091;41.9311;-1;1;Autoarticolato;In marcia / fermata / arresto;Conducente;M;Illeso;0;;Non accertato;Inesploso
4676374;5;25/11/2019 14:30:00;Strada Urbana;VIA ZOE FONTANA;da specificare;;;;in prossimit� Via Monteflavio;Veicolo in marcia contro veicolo in sosta;Rettilineo;Una carreggiata a senso unico di marcia;Asciutto;Asfaltata;Verticale ed orizzontale;Sereno;Normale;Buona;Ore Diurne;0;0;0;1;12.6091;41.9311;-1;2;Autovettura privata;Sosta;;;;;;;
4676376;20;25/11/2019 10:40:00;Strada Urbana;VIA BELLAGIO;in prossimit�;;del civico n.;25;;Veicolo in marcia contro ostacolo accidentale;Curva senza visuale libera;Una carreggiata a doppio senso;Asciutto;Asfaltata;Verticale ed orizzontale;Sereno;Normale;Buona;Ore Diurne;1;0;0;0;12.4927;41.9897;-1;1;Motociclo a solo;In marcia / fermata / arresto;Conducente;M;Rimandato;0;NON DECEDUTO;Non accertato;
4676383;5;25/11/2019 22:20:00;Strada Urbana;VIA DELLA TENUTA DEL CAVALIERE;da specificare;;;;tra Osteria delle Capannace e Tiburtina;Veicolo in marcia contro ostacolo accidentale;Rettilineo;Una carreggiata a doppio senso;Asciutto;Asfaltata;Assente;Sereno;Scarso;Insufficiente;Inesistente;0;0;0;1;12.6552;41.9393;-1;1;Autovettura privata;In marcia / fermata / arresto;Conducente;M;Illeso;0;;Non accertato;Inesploso
4676386;13;25/11/2019 17:45:00;Strada Urbana;LUNGOMARE DUILIO;all'intersezione con;VIA DEI PESCATORI;VIA DEI PESCATORI;;;Tamponamento;Incrocio;Due carreggiate;Asciutto;Asfaltata;Verticale ed orizzontale;Sereno;Normale;Buona;Ore Diurne;0;0;0;2;12.2988;41.721;-1;1;Autovettura privata;In marcia / fermata / arresto;Conducente;M;Illeso;0;;Non accertato;Inesploso
4676386;13;25/11/2019 17:45:00;Strada Urbana;LUNGOMARE DUILIO;all'intersezione con;VIA DEI PESCATORI;VIA DEI PESCATORI;;;Tamponamento;Incrocio;Due carreggiate;Asciutto;Asfaltata;Verticale ed orizzontale;Sereno;Normale;Buona;Ore Diurne;0;0;0;2;12.2988;41.721;-1;2;Autovettura privata;In marcia / fermata / arresto;Conducente;M;Illeso;0;;Non accertato;Inesploso
4676392;19;25/11/2019 21:40:00;Strada Urbana;VIA DI TORREVECCHIA;in prossimit�;;del civico n.;576;;Scontro laterale fra veicoli in marcia;Rettilineo;Una carreggiata a doppio senso;Asciutto;Asfaltata;Verticale ed orizzontale;Sereno;Normale;Buona;Sufficiente;0;0;0;2;12.4122;41.9235;-1;1;Motociclo a solo;In marcia / fermata / arresto;Conducente;M;Illeso;0;;Non accertato;