Protocollo;Gruppo;DataOraIncidente;Localizzazione1;STRADA1;Localizzazione2;STRADA2;Strada02;Chilometrica;DaSpecificare;NaturaIncidente;particolaritastrade;TipoStrada;FondoStradale;Pavimentazione;Segnaletica;CondizioneAtmosferica;Traffico;Visibilita;Illuminazione;NUM_FERITI;NUM_RISERVATA;NUM_MORTI;NUM_ILLESI;Longitudine;Latitudine;Confermato;Progressivo;TipoVeicolo;StatoVeicolo;TipoPersona;Sesso;Tipolesione;Deceduto;DecedutoDopo;CinturaCascoUtilizzato;Airbag;
4677764;5;26/11/2019 14:20:00;Strada Urbana;VIA FILIPPO MEDA;all'intersezione con;VIA ACHILLE BENEDETTI;VIA ACHILLE BENEDETTI;;;Scontro frontale/laterale DX fra veicoli in marcia;Incrocio;Una carreggiata a doppio senso;Asciutto;Asfaltata;Verticale ed orizzontale;Sereno;Normale;Buona;Ore Diurne;0;0;0;2;12.5436;41.9132;-1;3;Motociclo a solo;Sosta;;;;;;;
4677764;5;26/11/2019 14:20:00;Strada Urbana;VIA FILIPPO MEDA;all'intersezione con;VIA ACHILLE BENEDETTI;VIA ACHILLE BENEDETTI;;;Scontro frontale/laterale DX fra veicoli in marcia;Incrocio;Una carreggiata a doppio senso;Asciutto;Asfaltata;Verticale ed orizzontale;Sereno;Normale;Buona;Ore Diurne;0;0;0;2;12.5436;41.9132;-1;4;Autovettura privata;Sosta;;;;;;;
4677767;20;26/11/2019 18:40:00;Strada Urbana;VIA FLAMINIA NUOVA;in corrispondenza;;della chilometrica;8.6;;Scontro laterale fra veicoli in marcia;Rettilineo;Due carreggiate;Asciutto;Asfaltata;Verticale ed orizzontale;Sereno;Intenso;Buona;Sufficiente;0;0;0;2;12.4869;41.9584;-1;1;Autovettura pubblica;In marcia / fermata / arresto;Conducente;M;Illeso;0;;;
4677767;20;26/11/2019 18:40:00;Strada Urbana;VIA FLAMINIA NUOVA;in corrispondenza;;della chilometrica;8.6;;Scontro laterale fra veicoli in marcia;Rettilineo;Due carreggiate;Asciutto;Asfaltata;Verticale ed orizzontale;Sereno;Intenso;Buona;Sufficiente;0;0;0;2;12.4869;41.9584;-1;2;Autovettura privata;In marcia / fermata / arresto;Conducente;F;Illeso;0;;;
4677769;12;25/11/2019 18:15:00;Strada Urbana;VIALE DELL'UMANESIMO;da specificare;;;;fr civ. 42 area parcheggio Osp. S. Eugenio ;Veicolo in marcia contro veicolo fermo;Rettilineo;Una carreggiata a doppio senso;Asciutto;Asfaltata;Verticale ed orizzontale;Sereno;Scarso;Insufficiente;Insufficiente;0;0;0;2;12.4736;41.822;-1;1;Autovettura privata;In marcia / fermata / arresto;Conducente;M;Illeso;0;;;
4677769;12;25/11/2019 18:15:00;Strada Urbana;VIALE DELL'UMANESIMO;da specificare;;;;fr civ. 42 area parcheggio Osp. S. Eugenio ;Veicolo in marcia contro veicolo fermo;Rettilineo;Una carreggiata a doppio senso;Asciutto;Asfaltata;Verticale ed orizzontale;Sereno;Scarso;Insufficiente;Insufficiente;0;0;0;2;12.4736;41.822;-1;2;Autovettura privata;In marcia / fermata / arresto;Conducente;M;Illeso;0;;;
4677771;10;26/11/2019 08:20:00;Strada Urbana;VIA FRANCESCO DI BENEDETTO;all'intersezione con;VIA DOMENICO BACCARINI;VIA DOMENICO BACCARINI;;;Scontro frontale fra veicoli in marcia;Incrocio;Una carreggiata a doppio senso;Asciutto;Asfaltata;Assente;Sereno;Normale;Buona;Ore Diurne;0;0;0;2;12.5953;41.8404;-1;1;Autovettura privata;In marcia / fermata / arresto;Conducente;F;Illeso;0;;Non accertato;Inesploso
4677771;10;26/11/2019 08:20:00;Strada Urbana;VIA FRANCESCO DI BENEDETTO;all'intersezione con;VIA DOMENICO BACCARINI;VIA DOMENICO BACCARINI;;;Scontro frontale fra veicoli in marcia;Incrocio;Una carreggiata a doppio senso;Asciutto;Asfaltata;Assente;Sereno;Normale;Buona;Ore Diurne;0;0;0;2;12.5953;41.8404;-1;2;Autovettura privata;In marcia / fermata / arresto;Conducente;M;Illeso;0;;Non accertato;Inesploso
4677771;10;26/11/2019 08:20:00;Strada Urbana;VIA FRANCESCO DI BENEDETTO;all'intersezione con;VIA DOMENICO BACCARINI;VIA DOMENICO BACCARINI;;;Scontro frontale fra veicoli in marcia;Incrocio;Una carreggiata a doppio senso;Asciutto;Asfaltata;Assente;Sereno;Normale;Buona;Ore Diurne;0;0;0;2;12.5953;41.8404;-1;3;Autovettura privata;Sosta;;;;;;;
4677773;5;26/11/2019 15:30:00;Strada Urbana;VIA TIBURTINA;in prossimit�;;del civico n.;1227;;Scontro laterale fra veicoli in marcia;Rettilineo;Due carreggiate;Asciutto;Asfaltata;Verticale ed orizzontale;Sereno;Normale;Buona;Ore Diurne;0;0;0;2;12.6037;41.9338;-1;1;Autocarro inferiore 35 q.;In marcia / fermata / arresto;Conducente;M;Illeso;0;;Non accertato;Inesploso
4677773;5;26/11/2019 15:30:00;Strada Urbana;VIA TIBURTINA;in prossimit�;;del civico n.;1227;;Scontro laterale fra veicoli in marcia;Rettilineo;Due carreggiate;Asciutto;Asfaltata;Verticale ed orizzontale;Sereno;Normale;Buona;Ore Diurne;0;0;0;2;12.6037;41.9338;-1;2;Autovettura privata;In marcia / fermata / arresto;Conducente;M;Illeso;0;;Non accertato;Inesploso
4677774;12;26/11/2019 13:20:00;Strada Urbana;VIA TOMMASO ARCIDIACONO;all'intersezione con;VIA NICOLO' GIORGI;VIA NICOLO' GIORGI;;;Scontro laterale fra veicoli in marcia;Incrocio;Una carreggiata a doppio senso;Asciutto;Asfaltata;Verticale ed orizzontale;Sereno;Normale;Buona;Ore Diurne;1;0;0;2;12.5097;41.8224;-1;1;Autovettura privata;In marcia / fermata / arresto;Conducente;F;Illeso;0;;Utilizzato;Inesploso
4677774;12;26/11/2019 13:20:00;Strada Urbana;VIA TOMMASO ARCIDIACONO;all'intersezione con;VIA NICOLO' GIORGI;VIA NICOLO' GIORGI;;;Scontro laterale fra veicoli in marcia;Incrocio;Una carreggiata a doppio senso;Asciutto;Asfaltata;Verticale ed orizzontale;Sereno;Normale;Buona;Ore Diurne;1;0;0;2;12.5097;41.8224;-1;1;Autovettura privata;In marcia / fermata / arresto;Passeggero;F;Illeso;0;;Utilizzato;Inesploso
4677774;12;26/11/2019 13:20:00;Strada Urbana;VIA TOMMASO ARCIDIACONO;all'intersezione con;VIA NICOLO' GIORGI;VIA NICOLO' GIORGI;;;Scontro laterale fra veicoli in marcia;Incrocio;Una carreggiata a doppio senso;Asciutto;Asfaltata;Verticale ed orizzontale;Sereno;Normale;Buona;Ore Diurne;1;0;0;2;12.5097;41.8224;-1;2;Motociclo a solo;In marcia / fermata / arresto;Conducente;M;Rimandato;0;NON DECEDUTO;Utilizzato;
4677779;5;26/11/2019 15:35:00;Strada Urbana;VIALE ETTORE FRANCESCHINI;in corrispondenza;;del civico n.;39;;Veicolo in marcia contro ostacolo accidentale;Rettilineo;Due carreggiate;Bagnato (umidit� in atto);Con buche;Verticale;Sereno;Normale;Buona;Ore Diurne;0;0;0;1;12.5767;41.9126;-1;1;Autovettura privata;In marcia / fermata / arresto;Conducente;M;Illeso;0;;Non accertato;
4677783;13;26/11/2019 11:30:00;Strada Urbana;VIA DEGLI STRAUSS;all'intersezione con;VIA GIAN FRANCESCO MALIPIERO;VIA GIAN FRANCESCO MALIPIERO;;;Scontro frontale/laterale SX fra veicoli in marcia;Incrocio;Una carreggiata a doppio senso;Asciutto;Asfaltata;Verticale;Sereno;Normale;Buona;Ore Diurne;1;0;0;1;12.3723;41.7519;-1;1;Autovettura privata;In marcia / fermata / arresto;Conducente;M;Illeso;0;;Non accertato;Inesploso
4677783;13;26/11/2019 11:30:00;Strada Urbana;VIA DEGLI STRAUSS;all'intersezione con;VIA GIAN FRANCESCO MALIPIERO;VIA GIAN FRANCESCO MALIPIERO;;;Scontro frontale/laterale SX fra veicoli in marcia;Incrocio;Una carreggiata a doppio senso;Asciutto;Asfaltata;Verticale;Sereno;Normale;Buona;Ore Diurne;1;0;0;1;12.3723;41.7519;-1;2;Autovettura privata;In marcia / fermata / arresto;Conducente;F;Rimandato;0;NON DECEDUTO;Non accertato;Inesploso
4677786;17;25/11/2019 20:00:00;Strada Urbana;PIAZZALE DEGLI EROI;all'intersezione semaforizzata con;VIA ANDREA DORIA;VIA ANDREA DORIA;;;Scontro frontale fra veicoli in marcia;Intersezione semaforizzata;Una carreggiata a senso unico di marcia;Asciutto;Asfaltata;Verticale ed orizzontale;Sereno;Normale;Buona;Sufficiente;0;0;0;2;12.4494;41.9091;-1;1;Autovettura pubblica;In marcia / fermata / arresto;Conducente;M;Illeso;0;;;
4677786;17;25/11/2019 20:00:00;Strada Urbana;PIAZZALE DEGLI EROI;all'intersezione semaforizzata con;VIA ANDREA DORIA;VIA ANDREA DORIA;;;Scontro frontale fra veicoli in marcia;Intersezione semaforizzata;Una carreggiata a senso unico di marcia;Asciutto;Asfaltata;Verticale ed orizzontale;Sereno;Normale;Buona;Sufficiente;0;0;0;2;12.4494;41.9091;-1;2;Motociclo a solo;In marcia / fermata / arresto;Conducente;M;Illeso;0;;;
4677792;10;26/11/2019 09:00:00;Strada Urbana;VIA TUSCOLANA;da specificare;;;;altezza ponte Tor Vergata dir Roma;Tamponamento;Rettilineo;Due carreggiate;Asciutto;Asfaltata;Verticale ed orizzontale;Sereno;Normale;Buona;Ore Diurne;1;0;0;1;12.6203;41.8302;-1;1;Autovettura privata;In marcia / fermata / arresto;Conducente;M;Illeso;0;;Non accertato;Inesploso
4677792;10;26/11/2019 09:00:00;Strada Urbana;VIA TUSCOLANA;da specificare;;;;altezza ponte Tor Vergata dir Roma;Tamponamento;Rettilineo;Due carreggiate;Asciutto;Asfaltata;Verticale ed orizzontale;Sereno;Normale;Buona;Ore Diurne;1;0;0;1;12.6203;41.8302;-1;2;Autovettura privata;In marcia / fermata / arresto;Conducente;F;Rimandato;0;NON DECEDUTO;Non accertato;Inesploso
4677801;6;26/11/2019 18:55:00;Strada Urbana;VIA DI PORTONACCIO;da specificare;;;;alt. Latino Silvio dir. Prenestina;Scontro frontale/laterale SX fra veicoli in marcia;Rettilineo;Due carreggiate;Asciutto;Asfaltata;Verticale ed orizzontale;Nuvoloso;Normale;Sufficiente;Sufficiente;2;0;0;2;12.5413;41.8959;-1;1;Autovettura privata;In marcia / fermata / arresto;Conducente;M;Illeso;0;;Non accertato;Inesploso
4677801;6;26/11/2019 18:55:00;Strada Urbana;VIA DI PORTONACCIO;da specificare;;;;alt. Latino Silvio dir. Prenestina;Scontro frontale/laterale SX fra veicoli in marcia;Rettilineo;Due carreggiate;Asciutto;Asfaltata;Verticale ed orizzontale;Nuvoloso;Normale;Sufficiente;Sufficiente;2;0;0;2;12.5413;41.8959;-1;1;Autovettura privata;In marcia / fermata / arresto;Passeggero;F;Rifiuta cure immediate;0;NON DECEDUTO;Non accertato;Inesploso
4677801;6;26/11/2019 18:55:00;Strada Urbana;VIA DI PORTONACCIO;da specificare;;;;alt. Latino Silvio dir. Prenestina;Scontro frontale/laterale SX fra veicoli in marcia;Rettilineo;Due carreggiate;Asciutto;Asfaltata;Verticale ed orizzontale;Nuvoloso;Normale;Sufficiente;Sufficiente;2;0;0;2;12.5413;41.8959;-1;1;Autovettura privata;In marcia / fermata / arresto;Passeggero;M;Rifiuta cure immediate;0;NON DECEDUTO;Non accertato;Inesploso
4677801;6;26/11/2019 18:55:00;Strada Urbana;VIA DI PORTONACCIO;da specificare;;;;alt. Latino Silvio dir. Prenestina;Scontro frontale/laterale SX fra veicoli in marcia;Rettilineo;Due carreggiate;Asciutto;Asfaltata;Verticale ed orizzontale;Nuvoloso;Normale;Sufficiente;Sufficiente;2;0;0;2;12.5413;41.8959;-1;2;Autovettura privata;In marcia / fermata / arresto;Conducente;M;Illeso;0;;Non accertato;Inesploso
4677810;10;26/11/2019 10:10:00;Strada Urbana;VIA CALPURNIO FIAMMA;in corrispondenza;;del civico n.;3;;Scontro laterale fra veicoli in marcia;Rettilineo;Due carreggiate;Asciutto;Asfaltata;Verticale ed orizzontale;Sereno;Normale;Buona;Ore Diurne;0;0;0;6;12.5591;41.859;-1;1;Autovettura privata;In marcia / fermata / arresto;Conducente;M;Illeso;0;;Non accertato;Inesploso
4677810;10;26/11/2019 10:10:00;Strada Urbana;VIA CALPURNIO FIAMMA;in corrispondenza;;del civico n.;3;;Scontro laterale fra veicoli in marcia;Rettilineo;Due carreggiate;Asciutto;Asfaltata;Verticale ed orizzontale;Sereno;Normale;Buona;Ore Diurne;0;0;0;6;12.5591;41.859;-1;1;Autovettura privata;In marcia / fermata / arresto;Passeggero;M;Illeso;0;;Non accertato;Inesploso
4677810;10;26/11/2019 10:10:00;Strada Urbana;VIA CALPURNIO FIAMMA;in corrispondenza;;del civico n.;3;;Scontro laterale fra veicoli in marcia;Rettilineo;Due carreggiate;Asciutto;Asfaltata;Verticale ed orizzontale;Sereno;Normale;Buona;Ore Diurne;0;0;0;6;12.5591;41.859;-1;1;Autovettura privata;In marcia / fermata / arresto;Passeggero;F;Illeso;0;;Non accertato;Inesploso
4677810;10;26/11/2019 10:10:00;Strada Urbana;VIA CALPURNIO FIAMMA;in corrispondenza;;del civico n.;3;;Scontro laterale fra veicoli in marcia;Rettilineo;Due carreggiate;Asciutto;Asfaltata;Verticale ed orizzontale;Sereno;Normale;Buona;Ore Diurne;0;0;0;6;12.5591;41.859;-1;1;Autovettura privata;In marcia / fermata / arresto;Passeggero;M;Illeso;0;;Non accertato;Inesploso
4677810;10;26/11/2019 10:10:00;Strada Urbana;VIA CALPURNIO FIAMMA;in corrispondenza;;del civico n.;3;;Scontro laterale fra veicoli in marcia;Rettilineo;Due carreggiate;Asciutto;Asfaltata;Verticale ed orizzontale;Sereno;Normale;Buona;Ore Diurne;0;0;0;6;12.5591;41.859;-1;2;Autovettura privata;In marcia / fermata / arresto;Conducente;M;Illeso;0;;Non accertato;Inesploso
4677821;13;26/11/2019 15:30:00;Strada Urbana;VIA NICENETO;all'intersezione con;LARGO ALCIBIADE;LARGO ALCIBIADE;;;Scontro frontale/laterale DX fra veicoli in marcia;Incrocio;Una carreggiata a doppio senso;Asciutto;Asfaltata;Verticale;Sereno;Normale;Buona;Ore Diurne;0;0;0;3;;;0;1;Autovettura privata;In marcia / fermata / arresto;Conducente;F;Illeso;0;;Non accertato;Inesploso
4677821;13;26/11/2019 15:30:00;Strada Urbana;VIA NICENETO;all'intersezione con;LARGO ALCIBIADE;LARGO ALCIBIADE;;;Scontro frontale/laterale DX fra veicoli in marcia;Incrocio;Una carreggiata a doppio senso;Asciutto;Asfaltata;Verticale;Sereno;Normale;Buona;Ore Diurne;0;0;0;3;;;0;2;Autovettura privata;In marcia / fermata / arresto;Conducente;F;Illeso;0;;Non accertato;Inesploso
4677821;13;26/11/2019 15:30:00;Strada Urbana;VIA NICENETO;all'intersezione con;LARGO ALCIBIADE;LARGO ALCIBIADE;;;Scontro frontale/laterale DX fra veicoli in marcia;Incrocio;Una carreggiata a doppio senso;Asciutto;Asfaltata;Verticale;Sereno;Normale;Buona;Ore Diurne;0;0;0;3;;;0;2;Autovettura privata;In marcia / fermata / arresto;Passeggero;M;Illeso;0;;Non accertato;Inesploso
4677838;10;26/11/2019 13:20:00;Strada Urbana;VIA MARCO VALERIO CORVO;in corrispondenza;;del civico n.;51;;Scontro frontale/laterale SX fra veicoli in marcia;Rettilineo;Una carreggiata a senso unico di marcia;Asciutto;Asfaltata;Verticale ed orizzontale;Sereno;Normale;Buona;Ore Diurne;0;0;0;2;12.5586;41.8574;-1;1;Autovettura privata;In marcia / fermata / arresto;Conducente;F;Illeso;0;;Non accertato;Inesploso
4677838;10;26/11/2019 13:20:00;Strada Urbana;VIA MARCO VALERIO CORVO;in corrispondenza;;del civico n.;51;;Scontro frontale/laterale SX fra veicoli in marcia;Rettilineo;Una carreggiata a senso unico di marcia;Asciutto;Asfaltata;Verticale ed orizzontale;Sereno;Normale;Buona;Ore Diurne;0;0;0;2;12.5586;41.8574;-1;2;Autovettura privata;In marcia / fermata / arresto;Conducente;M;Illeso;0;;Non accertato;Inesploso
4677838;10;26/11/2019 13:20:00;Strada Urbana;VIA MARCO VALERIO CORVO;in corrispondenza;;del civico n.;51;;Scontro frontale/laterale SX fra veicoli in marcia;Rettilineo;Una carreggiata a senso unico di marcia;Asciutto;Asfaltata;Verticale ed orizzontale;Sereno;Normale;Buona;Ore Diurne;0;0;0;2;12.5586;41.8574;-1;3;Autovettura privata;Sosta;;;;;;;
4677838;10;26/11/2019 13:20:00;Strada Urbana;VIA MARCO VALERIO CORVO;in corrispondenza;;del civico n.;51;;Scontro frontale/laterale SX fra veicoli in marcia;Rettilineo;Una carreggiata a senso unico di marcia;Asciutto;Asfaltata;Verticale ed orizzontale;Sereno;Normale;Buona;Ore Diurne;0;0;0;2;12.5586;41.8574;-1;4;Autovettura privata;Sosta;;;;;;;
4678172;8;26/11/2019 13:40:00;Strada Urbana;VIA GIORGIO GRAPPELLI;in prossimit�;;del palo luce n.;25;;Scontro laterale fra veicoli in marcia;Rettilineo;Due carreggiate;Asciutto;Asfaltata;Verticale ed orizzontale;Sereno;Normale;Buona;Ore Diurne;0;0;0;2;12.6573;41.9117;-1;1;Autovettura privata;In marcia / fermata / arresto;Conducente;M;Illeso;0;;Non accertato;Inesploso
4678172;8;26/11/2019 13:40:00;Strada Urbana;VIA GIORGIO GRAPPELLI;in prossimit�;;del palo luce n.;25;;Scontro laterale fra veicoli in marcia;Rettilineo;Due carreggiate;Asciutto;Asfaltata;Verticale ed orizzontale;Sereno;Normale;Buona;Ore Diurne;0;0;0;2;12.6573;41.9117;-1;2;Autovettura privata;In marcia / fermata / arresto;Conducente;F;Illeso;0;;Non accertato;Inesploso
4678177;8;26/11/2019 11:10:00;Strada Urbana;VIALE OXFORD;all'intersezione con;VIALE DELLA SORBONA;VIALE DELLA SORBONA;;;Scontro laterale fra veicoli in marcia;Rotatoria;Una carreggiata a senso unico di marcia;Asciutto;Asfaltata;Verticale ed orizzontale;Sereno;Normale;Buona;Ore Diurne;0;0;0;5;12.6276;41.8611;-1;1;Autovettura privata;In marcia / fermata / arresto;Conducente;M;Illeso;0;;Non accertato;Inesploso
4678177;8;26/11/2019 11:10:00;Strada Urbana;VIALE OXFORD;all'intersezione con;VIALE DELLA SORBONA;VIALE DELLA SORBONA;;;Scontro laterale fra veicoli in marcia;Rotatoria;Una carreggiata a senso unico di marcia;Asciutto;Asfaltata;Verticale ed orizzontale;Sereno;Normale;Buona;Ore Diurne;0;0;0;5;12.6276;41.8611;-1;1;Autovettura privata;In marcia / fermata / arresto;Passeggero;F;Illeso;0;;Non accertato;Inesploso
4678177;8;26/11/2019 11:10:00;Strada Urbana;VIALE OXFORD;all'intersezione con;VIALE DELLA SORBONA;VIALE DELLA SORBONA;;;Scontro laterale fra veicoli in marcia;Rotatoria;Una carreggiata a senso unico di marcia;Asciutto;Asfaltata;Verticale ed orizzontale;Sereno;Normale;Buona;Ore Diurne;0;0;0;5;12.6276;41.8611;-1;1;Autovettura privata;In marcia / fermata / arresto;Passeggero;F;Illeso;0;;Non accertato;Inesploso
4678177;8;26/11/2019 11:10:00;Strada Urbana;VIALE OXFORD;all'intersezione con;VIALE DELLA SORBONA;VIALE DELLA SORBONA;;;Scontro laterale fra veicoli in marcia;Rotatoria;Una carreggiata a senso unico di marcia;Asciutto;Asfaltata;Verticale ed orizzontale;Sereno;Normale;Buona;Ore Diurne;0;0;0;5;12.6276;41.8611;-1;2;Autocarro inferiore 35 q.;In marcia / fermata / arresto;Conducente;M;Illeso;0;;Non accertato;Inesploso
4678177;8;26/11/2019 11:10:00;Strada Urbana;VIALE OXFORD;all'intersezione con;VIALE DELLA SORBONA;VIALE DELLA SORBONA;;;Scontro laterale fra veicoli in marcia;Rotatoria;Una carreggiata a senso unico di marcia;Asciutto;Asfaltata;Verticale ed orizzontale;Sereno;Normale;Buona;Ore Diurne;0;0;0;5;12.6276;41.8611;-1;2;Autocarro inferiore 35 q.;In marcia / fermata / arresto;Passeggero;M;Illeso;0;;Non accertato;Inesploso
4678182;8;26/11/2019 08:20:00;Strada Urbana;VIA CASILINA;in prossimit�;;del palo luce n.;612;;Scontro laterale fra veicoli in marcia;Rettilineo;Una carreggiata a doppio senso;Asciutto;Asfaltata;Verticale ed orizzontale;Sereno;Intenso;Buona;Ore Diurne;0;0;0;2;12.6199;41.8628;-1;1;Ciclomotore;In marcia / fermata / arresto;Conducente;M;Illeso;0;;;
4678182;8;26/11/2019 08:20:00;Strada Urbana;VIA CASILINA;in prossimit�;;del palo luce n.;612;;Scontro laterale fra veicoli in marcia;Rettilineo;Una carreggiata a doppio senso;Asciutto;Asfaltata;Verticale ed orizzontale;Sereno;Intenso;Buona;Ore Diurne;0;0;0;2;12.6199;41.8628;-1;2;Autovettura privata;In marcia / fermata / arresto;Conducente;M;Illeso;0;;;
4678243;7;26/11/2019 16:30:00;Strada Urbana;VIALE PALMIRO TOGLIATTI;in corrispondenza;;del civico n.;945;;Veicolo in marcia contro veicolo in sosta;Rettilineo;Due carreggiate;Asciutto;Asfaltata;Verticale ed orizzontale;Sereno;Normale;Buona;Ore Diurne;0;0;0;1;12.5741;41.8921;-1;1;Autocarro inferiore 35 q.;In marcia / fermata / arresto;Conducente;M;Illeso;0;;Non accertato;Inesploso
4678243;7;26/11/2019 16:30:00;Strada Urbana;VIALE PALMIRO TOGLIATTI;in corrispondenza;;del civico n.;945;;Veicolo in marcia contro veicolo in sosta;Rettilineo;Due carreggiate;Asciutto;Asfaltata;Verticale ed orizzontale;Sereno;Normale;Buona;Ore Diurne;0;0;0;1;12.5741;41.8921;-1;2;Autovettura privata;Sosta;;;;;;;
4678288;19;26/11/2019 18:00:00;Strada Urbana;VIA MARIO ROMAGNOLI;in prossimit�;;del civico n.;10;;Scontro laterale fra veicoli in marcia;Rettilineo;Una carreggiata a doppio senso;Asciutto;Asfaltata;Verticale ed orizzontale;Sereno;Normale;Buona;Ore Diurne;1;0;0;1;12.4422;41.9194;-1;1;Ciclomotore;In marcia / fermata / arresto;Conducente;F;Rimandato;0;NON DECEDUTO;Non accertato;
4678288;19;26/11/2019 18:00:00;Strada Urbana;VIA MARIO ROMAGNOLI;in prossimit�;;del civico n.;10;;Scontro laterale fra veicoli in marcia;Rettilineo;Una carreggiata a doppio senso;Asciutto;Asfaltata;Verticale ed orizzontale;Sereno;Normale;Buona;Ore Diurne;1;0;0;1;12.4422;41.9194;-1;2;Autovettura privata;In marcia / fermata / arresto;Conducente;F;Illeso;0;;Non accertato;Inesploso
4678291;12;23/11/2019 21:10:00;Provinciale;VIA DEL MARE;in corrispondenza;;della chilometrica;10.6;;Veicolo in marcia contro ostacolo accidentale;Rettilineo;Una carreggiata a doppio senso;Bagnato (pioggia);Asfaltata;Verticale ed orizzontale;Pioggia in atto;Normale;Insufficiente;Insufficiente;0;0;0;2;12.4632;41.8403;-1;1;Autovettura privata;In marcia / fermata / arresto;Conducente;M;Illeso;0;;Non accertato;Inesploso
4678291;12;23/11/2019 21:10:00;Provinciale;VIA DEL MARE;in corrispondenza;;della chilometrica;10.6;;Veicolo in marcia contro ostacolo accidentale;Rettilineo;Una carreggiata a doppio senso;Bagnato (pioggia);Asfaltata;Verticale ed orizzontale;Pioggia in atto;Normale;Insufficiente;Insufficiente;0;0;0;2;12.4632;41.8403;-1;1;Autovettura privata;In marcia / fermata / arresto;Passeggero;M;Illeso;0;;Non accertato;Inesploso
4678301;5;26/11/2019 17:20:00;Strada Urbana;VIA DEI DURANTINI;in corrispondenza;;del civico n.;382;;Investimento di pedone;Rettilineo;Una carreggiata a doppio senso;Asciutto;Asfaltata;Verticale ed orizzontale;Sereno;Normale;Sufficiente;Sufficiente;0;1;0;1;12.5463;41.9199;-1;;;;Pedone;M;Prognosi riservata;0;NON DECEDUTO;;
4678301;5;26/11/2019 17:20:00;Strada Urbana;VIA DEI DURANTINI;in corrispondenza;;del civico n.;382;;Investimento di pedone;Rettilineo;Una carreggiata a doppio senso;Asciutto;Asfaltata;Verticale ed orizzontale;Sereno;Normale;Sufficiente;Sufficiente;0;1;0;1;12.5463;41.9199;-1;1;Motociclo a solo;In marcia / fermata / arresto;Conducente;M;Illeso;0;;Non accertato;
4678303;11;26/11/2019 21:35:00;Strada Urbana;VIA CRISTOFORO COLOMBO;da specificare;;;;altezza fermata Atac "Fontanellato";Scontro laterale fra veicoli in marcia;Rettilineo;Due carreggiate;Asciutto;Asfaltata;Verticale ed orizzontale;Sereno;Normale;Buona;Sufficiente;0;0;0;4;12.4828;41.8486;-1;1;Autovettura privata;In marcia / fermata / arresto;Conducente;M;Illeso;0;;Non accertato;
4678303;11;26/11/2019 21:35:00;Strada Urbana;VIA CRISTOFORO COLOMBO;da specificare;;;;altezza fermata Atac "Fontanellato";Scontro laterale fra veicoli in marcia;Rettilineo;Due carreggiate;Asciutto;Asfaltata;Verticale ed orizzontale;Sereno;Normale;Buona;Sufficiente;0;0;0;4;12.4828;41.8486;-1;2;Autovettura privata;In marcia / fermata / arresto;Conducente;M;Illeso;0;;Non accertato;
4678303;11;26/11/2019 21:35:00;Strada Urbana;VIA CRISTOFORO COLOMBO;da specificare;;;;altezza fermata Atac "Fontanellato";Scontro laterale fra veicoli in marcia;Rettilineo;Due carreggiate;Asciutto;Asfaltata;Verticale ed orizzontale;Sereno;Normale;Buona;Sufficiente;0;0;0;4;12.4828;41.8486;-1;2;Autovettura privata;In marcia / fermata / arresto;Passeggero;M;Illeso;0;;Non accertato;
4678304;19;26/11/2019 13:30:00;Comunale extraurbana;VIA DI S. MARIA DI GALERIA;da specificare;;;;200 m dopo il n. civ. 691 dir. Boccea;Veicolo in marcia contro ostacolo accidentale;Rettilineo;Una carreggiata a doppio senso;Bagnato (umidit� in atto);Asfaltata;Assente;Sereno;Normale;Buona;Ore Diurne;0;0;0;1;12.3104;42.0205;-1;1;Autovettura privata;In marcia / fermata / arresto;Conducente;F;Illeso;0;;Non accertato;Inesploso
4678309;1;26/11/2019 16:30:00;Strada Urbana;VIALE MANZONI;all'intersezione semaforizzata con;VIA EMANUELE FILIBERTO;VIA EMANUELE FILIBERTO;;;Scontro laterale fra veicoli in marcia;Intersezione semaforizzata;Pi� di due carreggiate;Asciutto;Asfaltata;Verticale ed orizzontale;Sereno;Intenso;Buona;Ore Diurne;0;0;0;4;12.5079;41.8913;-1;1;Autovettura privata;In marcia / fermata / arresto;Conducente;M;Illeso;0;;Non accertato;Inesploso
4678309;1;26/11/2019 16:30:00;Strada Urbana;VIALE MANZONI;all'intersezione semaforizzata con;VIA EMANUELE FILIBERTO;VIA EMANUELE FILIBERTO;;;Scontro laterale fra veicoli in marcia;Intersezione semaforizzata;Pi� di due carreggiate;Asciutto;Asfaltata;Verticale ed orizzontale;Sereno;Intenso;Buona;Ore Diurne;0;0;0;4;12.5079;41.8913;-1;1;Autovettura privata;In marcia / fermata / arresto;Passeggero;M;Illeso;0;;Non accertato;Inesploso
4678309;1;26/11/2019 16:30:00;Strada Urbana;VIALE MANZONI;all'intersezione semaforizzata con;VIA EMANUELE FILIBERTO;VIA EMANUELE FILIBERTO;;;Scontro laterale fra veicoli in marcia;Intersezione semaforizzata;Pi� di due carreggiate;Asciutto;Asfaltata;Verticale ed orizzontale;Sereno;Intenso;Buona;Ore Diurne;0;0;0;4;12.5079;41.8913;-1;1;Autovettura privata;In marcia / fermata / arresto;Passeggero;M;Illeso;0;;Non accertato;Inesploso