Protocollo;Gruppo;DataOraIncidente;Localizzazione1;STRADA1;Localizzazione2;STRADA2;Strada02;Chilometrica;DaSpecificare;NaturaIncidente;particolaritastrade;TipoStrada;FondoStradale;Pavimentazione;Segnaletica;CondizioneAtmosferica;Traffico;Visibilita;Illuminazione;NUM_FERITI;NUM_RISERVATA;NUM_MORTI;NUM_ILLESI;Longitudine;Latitudine;Confermato;Progressivo;TipoVeicolo;StatoVeicolo;TipoPersona;Sesso;Tipolesione;Deceduto;DecedutoDopo;CinturaCascoUtilizzato;Airbag;
4678309;1;26/11/2019 16:30:00;Strada Urbana;VIALE MANZONI;all'intersezione semaforizzata con;VIA EMANUELE FILIBERTO;VIA EMANUELE FILIBERTO;;;Scontro laterale fra veicoli in marcia;Intersezione semaforizzata;Pi� di due carreggiate;Asciutto;Asfaltata;Verticale ed orizzontale;Sereno;Intenso;Buona;Ore Diurne;0;0;0;4;12.5079;41.8913;-1;2;Autovettura privata;In marcia / fermata / arresto;Conducente;M;Illeso;0;;Non accertato;Inesploso
4678310;11;26/11/2019 09:15:00;Strada Urbana;VIA DI VIGNA MURATA;in prossimit�;;del civico n.;571/573;;Scontro laterale fra veicoli in marcia;Rettilineo;Due carreggiate;Asciutto;Asfaltata;Orizzontale;Sereno;Normale;Buona;Ore Diurne;0;0;0;3;12.5115;41.8275;-1;1;Autovettura privata;In marcia / fermata / arresto;Conducente;F;Illeso;0;;;
4678310;11;26/11/2019 09:15:00;Strada Urbana;VIA DI VIGNA MURATA;in prossimit�;;del civico n.;571/573;;Scontro laterale fra veicoli in marcia;Rettilineo;Due carreggiate;Asciutto;Asfaltata;Orizzontale;Sereno;Normale;Buona;Ore Diurne;0;0;0;3;12.5115;41.8275;-1;2;Autovettura privata;In marcia / fermata / arresto;Conducente;M;Illeso;0;;;
4678310;11;26/11/2019 09:15:00;Strada Urbana;VIA DI VIGNA MURATA;in prossimit�;;del civico n.;571/573;;Scontro laterale fra veicoli in marcia;Rettilineo;Due carreggiate;Asciutto;Asfaltata;Orizzontale;Sereno;Normale;Buona;Ore Diurne;0;0;0;3;12.5115;41.8275;-1;2;Autovettura privata;In marcia / fermata / arresto;Passeggero;M;Illeso;0;;;
4678316;19;26/11/2019 18:45:00;Strada Urbana;VIA DELLA BALDUINA;in prossimit�;;del civico n.;316;;Veicolo in marcia contro ostacolo accidentale;Rettilineo;Una carreggiata a doppio senso;Asciutto;Asfaltata;Assente;Sereno;Normale;Sufficiente;Sufficiente;0;0;0;1;12.4418;41.9275;-1;1;Motociclo a solo;In marcia / fermata / arresto;Conducente;M;Illeso;0;;Non accertato;
4678329;19;27/11/2019 04:30:00;Strada Urbana;VIALE MONFORTANI;in prossimit�;;del civico n.;45;;Veicolo in marcia contro veicoli in sosta;Rettilineo;Una carreggiata a senso unico alternato;Asciutto;Asfaltata;Verticale ed orizzontale;Sereno;Scarso;Buona;Sufficiente;0;0;0;1;12.4244;41.9369;-1;1;Autovettura privata;In marcia / fermata / arresto;Conducente;F;Illeso;0;;Non accertato;Esploso
4678329;19;27/11/2019 04:30:00;Strada Urbana;VIALE MONFORTANI;in prossimit�;;del civico n.;45;;Veicolo in marcia contro veicoli in sosta;Rettilineo;Una carreggiata a senso unico alternato;Asciutto;Asfaltata;Verticale ed orizzontale;Sereno;Scarso;Buona;Sufficiente;0;0;0;1;12.4244;41.9369;-1;2;Autovettura privata;Sosta;;;;;;;
4678329;19;27/11/2019 04:30:00;Strada Urbana;VIALE MONFORTANI;in prossimit�;;del civico n.;45;;Veicolo in marcia contro veicoli in sosta;Rettilineo;Una carreggiata a senso unico alternato;Asciutto;Asfaltata;Verticale ed orizzontale;Sereno;Scarso;Buona;Sufficiente;0;0;0;1;12.4244;41.9369;-1;3;Autovettura privata;Sosta;;;;;;;
4678329;19;27/11/2019 04:30:00;Strada Urbana;VIALE MONFORTANI;in prossimit�;;del civico n.;45;;Veicolo in marcia contro veicoli in sosta;Rettilineo;Una carreggiata a senso unico alternato;Asciutto;Asfaltata;Verticale ed orizzontale;Sereno;Scarso;Buona;Sufficiente;0;0;0;1;12.4244;41.9369;-1;4;Autovettura privata;Sosta;;;;;;;
4678329;19;27/11/2019 04:30:00;Strada Urbana;VIALE MONFORTANI;in prossimit�;;del civico n.;45;;Veicolo in marcia contro veicoli in sosta;Rettilineo;Una carreggiata a senso unico alternato;Asciutto;Asfaltata;Verticale ed orizzontale;Sereno;Scarso;Buona;Sufficiente;0;0;0;1;12.4244;41.9369;-1;5;Autovettura privata;Sosta;;;;;;;
4678333;13;26/11/2019 08:20:00;Strada Urbana;VIALE DEI ROMAGNOLI;in prossimit�;;del civico n.;2233;;Veicolo in marcia contro ostacolo accidentale;Rettilineo;Una carreggiata a senso unico di marcia;Asciutto;Asfaltata;Verticale ed orizzontale;Sereno;Normale;Buona;Ore Diurne;0;0;0;2;12.3669;41.7866;-1;1;Motociclo con passeggero;In marcia / fermata / arresto;Conducente;M;Illeso;0;;Utilizzato;
4678333;13;26/11/2019 08:20:00;Strada Urbana;VIALE DEI ROMAGNOLI;in prossimit�;;del civico n.;2233;;Veicolo in marcia contro ostacolo accidentale;Rettilineo;Una carreggiata a senso unico di marcia;Asciutto;Asfaltata;Verticale ed orizzontale;Sereno;Normale;Buona;Ore Diurne;0;0;0;2;12.3669;41.7866;-1;1;Motociclo con passeggero;In marcia / fermata / arresto;Passeggero;F;Illeso;0;;;
4678367;18;26/11/2019 18:15:00;Strada Urbana;VIA AURELIA;in corrispondenza;;del civico n.;273;;Scontro laterale fra veicoli in marcia;Rettilineo;Una carreggiata a doppio senso;Asciutto;Asfaltata;Verticale ed orizzontale;Sereno;Normale;Buona;Sufficiente;1;0;0;1;12.4388;41.8983;-1;1;Autovettura privata;In marcia / fermata / arresto;Conducente;M;Illeso;0;;;
4678367;18;26/11/2019 18:15:00;Strada Urbana;VIA AURELIA;in corrispondenza;;del civico n.;273;;Scontro laterale fra veicoli in marcia;Rettilineo;Una carreggiata a doppio senso;Asciutto;Asfaltata;Verticale ed orizzontale;Sereno;Normale;Buona;Sufficiente;1;0;0;1;12.4388;41.8983;-1;2;Autovettura privata;Sosta;;;;;;;
4678367;18;26/11/2019 18:15:00;Strada Urbana;VIA AURELIA;in corrispondenza;;del civico n.;273;;Scontro laterale fra veicoli in marcia;Rettilineo;Una carreggiata a doppio senso;Asciutto;Asfaltata;Verticale ed orizzontale;Sereno;Normale;Buona;Sufficiente;1;0;0;1;12.4388;41.8983;-1;3;Autovettura privata;In marcia / fermata / arresto;Conducente;F;Rimandato;0;NON DECEDUTO;;
4678367;18;26/11/2019 18:15:00;Strada Urbana;VIA AURELIA;in corrispondenza;;del civico n.;273;;Scontro laterale fra veicoli in marcia;Rettilineo;Una carreggiata a doppio senso;Asciutto;Asfaltata;Verticale ed orizzontale;Sereno;Normale;Buona;Sufficiente;1;0;0;1;12.4388;41.8983;-1;4;Autovettura privata;Sosta;;;;;;;
4678367;18;26/11/2019 18:15:00;Strada Urbana;VIA AURELIA;in corrispondenza;;del civico n.;273;;Scontro laterale fra veicoli in marcia;Rettilineo;Una carreggiata a doppio senso;Asciutto;Asfaltata;Verticale ed orizzontale;Sereno;Normale;Buona;Sufficiente;1;0;0;1;12.4388;41.8983;-1;5;Autovettura privata;Sosta;;;;;;;
4678374;15;26/11/2019 12:30:00;Strada Urbana;VIA DEL TRULLO;all'intersezione con;VIA DELLA MAGLIANA;VIA DELLA MAGLIANA;;;Veicolo in marcia contro ostacolo accidentale;Incrocio;Due carreggiate;Asciutto;Asfaltata;Orizzontale;Sereno;Normale;Buona;Ore Diurne;0;0;0;2;12.4368;41.843;-1;1;Autovettura privata;In marcia / fermata / arresto;Conducente;M;Illeso;0;;Utilizzato;Inesploso
4678374;15;26/11/2019 12:30:00;Strada Urbana;VIA DEL TRULLO;all'intersezione con;VIA DELLA MAGLIANA;VIA DELLA MAGLIANA;;;Veicolo in marcia contro ostacolo accidentale;Incrocio;Due carreggiate;Asciutto;Asfaltata;Orizzontale;Sereno;Normale;Buona;Ore Diurne;0;0;0;2;12.4368;41.843;-1;1;Autovettura privata;In marcia / fermata / arresto;Passeggero;M;Illeso;0;;Utilizzato;Inesploso
4678386;12;25/11/2019 19:40:00;Provinciale;VIA ARDEATINA;in corrispondenza;;della chilometrica;22.7;;Veicolo in marcia contro ostacolo accidentale;Rettilineo;Una carreggiata a doppio senso;Asciutto;Asfaltata;Verticale ed orizzontale;Sereno;Intenso;Insufficiente;Inesistente;0;0;0;1;12.5392;41.783;-1;1;Autovettura privata;In marcia / fermata / arresto;Conducente;M;Illeso;0;;Utilizzato;Inesploso
4678398;15;26/11/2019 18:20:00;Strada Urbana;PIAZZA AUGUSTO RIGHI;all'intersezione con;PONTE GUGLIELMO MARCONI;PONTE GUGLIELMO MARCONI;;;Scontro frontale/laterale DX fra veicoli in marcia;Incrocio;Una carreggiata a doppio senso;Asciutto;Asfaltata;Verticale;Sereno;Intenso;Buona;Sufficiente;0;0;0;3;12.4701;41.8618;-1;1;Autovettura privata;In marcia / fermata / arresto;Conducente;M;Illeso;0;;Non accertato;Esploso
4678398;15;26/11/2019 18:20:00;Strada Urbana;PIAZZA AUGUSTO RIGHI;all'intersezione con;PONTE GUGLIELMO MARCONI;PONTE GUGLIELMO MARCONI;;;Scontro frontale/laterale DX fra veicoli in marcia;Incrocio;Una carreggiata a doppio senso;Asciutto;Asfaltata;Verticale;Sereno;Intenso;Buona;Sufficiente;0;0;0;3;12.4701;41.8618;-1;2;Autovettura privata;In marcia / fermata / arresto;Conducente;F;Illeso;0;;Non accertato;Inesploso
4678398;15;26/11/2019 18:20:00;Strada Urbana;PIAZZA AUGUSTO RIGHI;all'intersezione con;PONTE GUGLIELMO MARCONI;PONTE GUGLIELMO MARCONI;;;Scontro frontale/laterale DX fra veicoli in marcia;Incrocio;Una carreggiata a doppio senso;Asciutto;Asfaltata;Verticale;Sereno;Intenso;Buona;Sufficiente;0;0;0;3;12.4701;41.8618;-1;2;Autovettura privata;In marcia / fermata / arresto;Passeggero;M;Illeso;0;;Non accertato;Inesploso
4678413;4;26/11/2019 19:00:00;Strada Urbana;VIA POLICARPO PETROCCHI;all'intersezione con;VIA UGO OJETTI;VIA UGO OJETTI;;;Investimento di pedone;Intersezione non regolata/non segnalata;Una carreggiata a senso unico di marcia;Asciutto;Asfaltata;Verticale ed orizzontale;Sereno;Normale;Sufficiente;Sufficiente;1;0;0;1;12.5546;41.947;-1;;;;Pedone;F;Rimandato;0;NON DECEDUTO;;
4678413;4;26/11/2019 19:00:00;Strada Urbana;VIA POLICARPO PETROCCHI;all'intersezione con;VIA UGO OJETTI;VIA UGO OJETTI;;;Investimento di pedone;Intersezione non regolata/non segnalata;Una carreggiata a senso unico di marcia;Asciutto;Asfaltata;Verticale ed orizzontale;Sereno;Normale;Sufficiente;Sufficiente;1;0;0;1;12.5546;41.947;-1;1;Autovettura privata;In marcia / fermata / arresto;Conducente;M;Illeso;0;;;Inesistente
4678414;4;26/11/2019 07:40:00;Strada Urbana;VIALE TIRRENO;all'intersezione con;VIA VAL DI LANZO;VIA VAL DI LANZO;;;Investimento di pedone;Intersezione semaforizzata;Due carreggiate;Asciutto;Asfaltata;Verticale ed orizzontale;Sereno;Normale;Buona;Ore Diurne;1;0;0;3;12.5297;41.9407;-1;;;;Pedone;F;Rimandato;0;NON DECEDUTO;;
4678414;4;26/11/2019 07:40:00;Strada Urbana;VIALE TIRRENO;all'intersezione con;VIA VAL DI LANZO;VIA VAL DI LANZO;;;Investimento di pedone;Intersezione semaforizzata;Due carreggiate;Asciutto;Asfaltata;Verticale ed orizzontale;Sereno;Normale;Buona;Ore Diurne;1;0;0;3;12.5297;41.9407;-1;1;Autovettura privata;In marcia / fermata / arresto;Conducente;M;Illeso;0;;Non accertato;Inesploso
4678414;4;26/11/2019 07:40:00;Strada Urbana;VIALE TIRRENO;all'intersezione con;VIA VAL DI LANZO;VIA VAL DI LANZO;;;Investimento di pedone;Intersezione semaforizzata;Due carreggiate;Asciutto;Asfaltata;Verticale ed orizzontale;Sereno;Normale;Buona;Ore Diurne;1;0;0;3;12.5297;41.9407;-1;1;Autovettura privata;In marcia / fermata / arresto;Passeggero;F;Illeso;0;;;
4678414;4;26/11/2019 07:40:00;Strada Urbana;VIALE TIRRENO;all'intersezione con;VIA VAL DI LANZO;VIA VAL DI LANZO;;;Investimento di pedone;Intersezione semaforizzata;Due carreggiate;Asciutto;Asfaltata;Verticale ed orizzontale;Sereno;Normale;Buona;Ore Diurne;1;0;0;3;12.5297;41.9407;-1;1;Autovettura privata;In marcia / fermata / arresto;Passeggero;F;Illeso;0;;;
4678415;4;26/11/2019 19:40:00;Statale entro l'abitato;VIA SALARIA;da specificare;;;;dir. Monterotondo altezza cavalcavia Prati Fiscali;Tamponamento Multiplo;Rettilineo;Una carreggiata a senso unico di marcia;Asciutto;Asfaltata;Orizzontale;Sereno;Normale;Buona;Sufficiente;1;0;0;2;12.5141;41.9923;-1;1;Autocarro inferiore 35 q.;In marcia / fermata / arresto;Conducente;M;Illeso;0;;Non accertato;Inesistente
4678415;4;26/11/2019 19:40:00;Statale entro l'abitato;VIA SALARIA;da specificare;;;;dir. Monterotondo altezza cavalcavia Prati Fiscali;Tamponamento Multiplo;Rettilineo;Una carreggiata a senso unico di marcia;Asciutto;Asfaltata;Orizzontale;Sereno;Normale;Buona;Sufficiente;1;0;0;2;12.5141;41.9923;-1;2;Autovettura privata;In marcia / fermata / arresto;Conducente;F;Rifiuta cure immediate;0;NON DECEDUTO;Non accertato;Inesistente
4678415;4;26/11/2019 19:40:00;Statale entro l'abitato;VIA SALARIA;da specificare;;;;dir. Monterotondo altezza cavalcavia Prati Fiscali;Tamponamento Multiplo;Rettilineo;Una carreggiata a senso unico di marcia;Asciutto;Asfaltata;Orizzontale;Sereno;Normale;Buona;Sufficiente;1;0;0;2;12.5141;41.9923;-1;3;Autovettura privata;In marcia / fermata / arresto;Conducente;M;Illeso;0;;Non accertato;Inesploso
4678420;15;26/11/2019 16:10:00;Strada Urbana;VIA ODERISI DA GUBBIO;all'intersezione con;PIAZZA DELLA RADIO;PIAZZA DELLA RADIO;;;Scontro laterale fra veicoli in marcia;Intersezione semaforizzata;Una carreggiata a doppio senso;Asciutto;Asfaltata;Verticale ed orizzontale;Sereno;Normale;Buona;Ore Diurne;0;0;0;2;12.4653;41.8654;-1;1;Autovettura privata;In marcia / fermata / arresto;Conducente;M;Illeso;0;;;
4678420;15;26/11/2019 16:10:00;Strada Urbana;VIA ODERISI DA GUBBIO;all'intersezione con;PIAZZA DELLA RADIO;PIAZZA DELLA RADIO;;;Scontro laterale fra veicoli in marcia;Intersezione semaforizzata;Una carreggiata a doppio senso;Asciutto;Asfaltata;Verticale ed orizzontale;Sereno;Normale;Buona;Ore Diurne;0;0;0;2;12.4653;41.8654;-1;2;Autocarro superiore 35 q.;In marcia / fermata / arresto;Conducente;M;Illeso;0;;;
4678431;16;26/11/2019 18:50:00;Strada Urbana;VIALE DI TRASTEVERE;in corrispondenza;;del civico n.;283;;Scontro laterale fra veicoli in marcia;Rettilineo;Pi� di due carreggiate;Asciutto;Asfaltata;Verticale ed orizzontale;Sereno;Normale;Sufficiente;Sufficiente;1;0;0;1;12.4661;41.8749;-1;1;Motociclo a solo;In marcia / fermata / arresto;Conducente;M;Rimandato;0;NON DECEDUTO;Non accertato;
4678431;16;26/11/2019 18:50:00;Strada Urbana;VIALE DI TRASTEVERE;in corrispondenza;;del civico n.;283;;Scontro laterale fra veicoli in marcia;Rettilineo;Pi� di due carreggiate;Asciutto;Asfaltata;Verticale ed orizzontale;Sereno;Normale;Sufficiente;Sufficiente;1;0;0;1;12.4661;41.8749;-1;2;Autovettura privata;In marcia / fermata / arresto;Conducente;F;Illeso;0;;Non accertato;Inesploso
4678438;13;26/11/2019 06:00:00;Strada Urbana;VIA ERMANNO WOLF FERRARI;da specificare;;;;prossimit� via c. colombo;Veicolo in marcia contro ostacolo accidentale;Rettilineo;Una carreggiata a doppio senso;Bagnato (umidit� in atto);Asfaltata;Assente;Sereno;Normale;Sufficiente;Sufficiente;0;0;0;1;12.3765;41.7477;-1;1;Autovettura privata;In marcia / fermata / arresto;Conducente;M;Illeso;0;;Non accertato;Inesploso
4678443;4;26/11/2019 08:10:00;Strada Urbana;VIA DEL MONTE DI CASA;in corrispondenza;;del civico n.;21;;Scontro frontale/laterale SX fra veicoli in marcia;Rettilineo;Una carreggiata a doppio senso;Bagnato (umidit� in atto);Asfaltata;Assente;Sereno;Normale;Buona;Ore Diurne;1;0;0;1;12.519;41.99;-1;1;Autovettura privata;In marcia / fermata / arresto;Conducente;M;Illeso;0;;;
4678443;4;26/11/2019 08:10:00;Strada Urbana;VIA DEL MONTE DI CASA;in corrispondenza;;del civico n.;21;;Scontro frontale/laterale SX fra veicoli in marcia;Rettilineo;Una carreggiata a doppio senso;Bagnato (umidit� in atto);Asfaltata;Assente;Sereno;Normale;Buona;Ore Diurne;1;0;0;1;12.519;41.99;-1;2;Motociclo a solo;In marcia / fermata / arresto;Conducente;M;Rimandato;0;NON DECEDUTO;;
4678470;7;26/11/2019 12:45:00;Strada Urbana;VIA DI TOR SAPIENZA;in corrispondenza;;del civico n.;44;;Veicolo in marcia contro veicolo fermo;Rettilineo;Una carreggiata a doppio senso;Asciutto;Asfaltata;Verticale ed orizzontale;Sereno;Normale;Buona;Ore Diurne;1;0;0;2;12.59;41.9025;-1;1;Autovettura privata;In marcia / fermata / arresto;Conducente;M;Rimandato;0;NON DECEDUTO;Non accertato;Inesploso
4678470;7;26/11/2019 12:45:00;Strada Urbana;VIA DI TOR SAPIENZA;in corrispondenza;;del civico n.;44;;Veicolo in marcia contro veicolo fermo;Rettilineo;Una carreggiata a doppio senso;Asciutto;Asfaltata;Verticale ed orizzontale;Sereno;Normale;Buona;Ore Diurne;1;0;0;2;12.59;41.9025;-1;1;Autovettura privata;In marcia / fermata / arresto;Passeggero;F;Illeso;0;;Non accertato;Inesploso
4678470;7;26/11/2019 12:45:00;Strada Urbana;VIA DI TOR SAPIENZA;in corrispondenza;;del civico n.;44;;Veicolo in marcia contro veicolo fermo;Rettilineo;Una carreggiata a doppio senso;Asciutto;Asfaltata;Verticale ed orizzontale;Sereno;Normale;Buona;Ore Diurne;1;0;0;2;12.59;41.9025;-1;2;Autovettura privata;In marcia / fermata / arresto;Conducente;M;Illeso;0;;Non accertato;Inesploso
4678478;13;26/11/2019 09:40:00;Strada Urbana;VIA VINCENZO PETRA;in corrispondenza;;del civico n.;200;;Scontro frontale/laterale SX fra veicoli in marcia;Rettilineo;Una carreggiata a doppio senso;Asciutto;Asfaltata;Verticale ed orizzontale;Sereno;Normale;Buona;Ore Diurne;1;0;0;1;12.3391;41.7888;-1;1;Autovettura privata;In marcia / fermata / arresto;Conducente;F;Rimandato;0;NON DECEDUTO;Non accertato;Esploso
4678478;13;26/11/2019 09:40:00;Strada Urbana;VIA VINCENZO PETRA;in corrispondenza;;del civico n.;200;;Scontro frontale/laterale SX fra veicoli in marcia;Rettilineo;Una carreggiata a doppio senso;Asciutto;Asfaltata;Verticale ed orizzontale;Sereno;Normale;Buona;Ore Diurne;1;0;0;1;12.3391;41.7888;-1;2;Autovettura privata;In marcia / fermata / arresto;Conducente;F;Illeso;0;;Non accertato;Esploso
4678479;12;26/11/2019 21:00:00;Strada Urbana;VIA PADRE MASSARUTI;in corrispondenza;;del civico n.;257;;Veicolo in marcia contro ostacolo accidentale;Rettilineo;Due carreggiate;Asciutto;Asfaltata;Verticale ed orizzontale;Sereno;Scarso;Insufficiente;Insufficiente;0;0;0;1;12.3506;41.7679;-1;1;Autovettura privata;In marcia / fermata / arresto;Conducente;M;Illeso;0;;Non accertato;Inesploso
4678508;13;26/11/2019 10:15:00;Strada Urbana;VIA CRISTOFORO COLOMBO;da specificare;;;;ALTEZZA KM 17.00;Tamponamento Multiplo;Rettilineo;Due carreggiate;Asciutto;Asfaltata;Verticale ed orizzontale;Sereno;Intenso;Buona;Ore Diurne;2;0;0;1;12.4536;41.8089;-1;1;Autovettura privata;In marcia / fermata / arresto;Conducente;M;Rifiuta cure immediate;0;NON DECEDUTO;Non accertato;Inesploso
4678508;13;26/11/2019 10:15:00;Strada Urbana;VIA CRISTOFORO COLOMBO;da specificare;;;;ALTEZZA KM 17.00;Tamponamento Multiplo;Rettilineo;Due carreggiate;Asciutto;Asfaltata;Verticale ed orizzontale;Sereno;Intenso;Buona;Ore Diurne;2;0;0;1;12.4536;41.8089;-1;2;Autovettura privata;In marcia / fermata / arresto;Conducente;M;Rimandato;0;NON DECEDUTO;Non accertato;Inesploso
4678508;13;26/11/2019 10:15:00;Strada Urbana;VIA CRISTOFORO COLOMBO;da specificare;;;;ALTEZZA KM 17.00;Tamponamento Multiplo;Rettilineo;Due carreggiate;Asciutto;Asfaltata;Verticale ed orizzontale;Sereno;Intenso;Buona;Ore Diurne;2;0;0;1;12.4536;41.8089;-1;3;Autocarro inferiore 35 q.;In marcia / fermata / arresto;Conducente;M;Illeso;0;;Non accertato;Inesploso
4678508;13;26/11/2019 10:15:00;Strada Urbana;VIA CRISTOFORO COLOMBO;da specificare;;;;ALTEZZA KM 17.00;Tamponamento Multiplo;Rettilineo;Due carreggiate;Asciutto;Asfaltata;Verticale ed orizzontale;Sereno;Intenso;Buona;Ore Diurne;2;0;0;1;12.4536;41.8089;-1;4;Autovettura privata;Allontanatosi;;;;;;;
4678523;7;26/11/2019 08:15:00;Strada Urbana;VIA TUSCOLANA;in corrispondenza;;del civico n.;390;;Veicolo in marcia contro veicolo in sosta;Rettilineo;Una carreggiata a doppio senso;Asciutto;Asfaltata;Orizzontale;Sereno;Intenso;Buona;Ore Diurne;0;0;0;2;12.529;41.8744;-1;1;Autovettura privata;Sosta;Passeggero;M;Illeso;0;;Non accertato;Inesploso
4678523;7;26/11/2019 08:15:00;Strada Urbana;VIA TUSCOLANA;in corrispondenza;;del civico n.;390;;Veicolo in marcia contro veicolo in sosta;Rettilineo;Una carreggiata a doppio senso;Asciutto;Asfaltata;Orizzontale;Sereno;Intenso;Buona;Ore Diurne;0;0;0;2;12.529;41.8744;-1;2;Autovettura privata;In marcia / fermata / arresto;Conducente;F;Illeso;0;;Non accertato;Inesploso
4678529;17;25/11/2019 23:15:00;Strada Urbana;VIA LEONE IV;in corrispondenza;;del civico n.;77;;Scontro laterale fra veicoli in marcia;Rettilineo;Una carreggiata a doppio senso;Asciutto;Asfaltata;Verticale ed orizzontale;Sereno;Scarso;Sufficiente;Sufficiente;0;0;0;2;12.4556;41.9085;0;1;Motociclo a solo;In marcia / fermata / arresto;Conducente;M;Illeso;0;;;
4678529;17;25/11/2019 23:15:00;Strada Urbana;VIA LEONE IV;in corrispondenza;;del civico n.;77;;Scontro laterale fra veicoli in marcia;Rettilineo;Una carreggiata a doppio senso;Asciutto;Asfaltata;Verticale ed orizzontale;Sereno;Scarso;Sufficiente;Sufficiente;0;0;0;2;12.4556;41.9085;0;1;Motociclo a solo;In marcia / fermata / arresto;Passeggero;F;Illeso;0;;;
4678544;4;26/11/2019 16:00:00;Statale;VIA SALARIA;in prossimit�;;del civico n.;15,600;;Scontro frontale fra veicoli in marcia;Rettilineo;Due carreggiate;Asciutto;Asfaltata;Verticale ed orizzontale;Sereno;Intenso;Buona;Ore Diurne;2;0;0;1;12.5115;41.9873;-1;1;Autovettura privata;In marcia / fermata / arresto;Conducente;F;Rimandato;0;NON DECEDUTO;;
4678544;4;26/11/2019 16:00:00;Statale;VIA SALARIA;in prossimit�;;del civico n.;15,600;;Scontro frontale fra veicoli in marcia;Rettilineo;Due carreggiate;Asciutto;Asfaltata;Verticale ed orizzontale;Sereno;Intenso;Buona;Ore Diurne;2;0;0;1;12.5115;41.9873;-1;2;Autovettura privata;In marcia / fermata / arresto;Conducente;M;Illeso;0;;;
4678544;4;26/11/2019 16:00:00;Statale;VIA SALARIA;in prossimit�;;del civico n.;15,600;;Scontro frontale fra veicoli in marcia;Rettilineo;Due carreggiate;Asciutto;Asfaltata;Verticale ed orizzontale;Sereno;Intenso;Buona;Ore Diurne;2;0;0;1;12.5115;41.9873;-1;2;Autovettura privata;In marcia / fermata / arresto;Passeggero;F;Rimandato;0;NON DECEDUTO;;
4678547;7;27/11/2019;Strada Urbana;VIALE GIORGIO MORANDI;in corrispondenza;;del civico n.;106;;Veicolo in marcia contro ostacolo fisso;Rettilineo;Una carreggiata a senso unico di marcia;Asciutto;Asfaltata;Verticale ed orizzontale;Sereno;Scarso;Buona;Sufficiente;0;0;0;0;12.5832;41.8994;0;1;Autovettura privata;In marcia / fermata / arresto;;;;;;;
4678562;13;27/11/2019 07:40:00;Strada Urbana;VIA ERMANNO WOLF FERRARI;da specificare;;;;civ. 324 (distr. Esso);Scontro frontale/laterale DX fra veicoli in marcia;Rettilineo;Una carreggiata a doppio senso;Asciutto;Asfaltata;Verticale ed orizzontale;Sereno;Intenso;Buona;Ore Diurne;0;0;0;3;12.3779;41.7482;-1;1;Autovettura privata;In marcia / fermata / arresto;Conducente;M;Illeso;0;;;
4678562;13;27/11/2019 07:40:00;Strada Urbana;VIA ERMANNO WOLF FERRARI;da specificare;;;;civ. 324 (distr. Esso);Scontro frontale/laterale DX fra veicoli in marcia;Rettilineo;Una carreggiata a doppio senso;Asciutto;Asfaltata;Verticale ed orizzontale;Sereno;Intenso;Buona;Ore Diurne;0;0;0;3;12.3779;41.7482;-1;1;Autovettura privata;In marcia / fermata / arresto;Passeggero;F;Illeso;0;;;
4678562;13;27/11/2019 07:40:00;Strada Urbana;VIA ERMANNO WOLF FERRARI;da specificare;;;;civ. 324 (distr. Esso);Scontro frontale/laterale DX fra veicoli in marcia;Rettilineo;Una carreggiata a doppio senso;Asciutto;Asfaltata;Verticale ed orizzontale;Sereno;Intenso;Buona;Ore Diurne;0;0;0;3;12.3779;41.7482;-1;1;Autovettura privata;In marcia / fermata / arresto;Passeggero;F;Illeso;0;;;
4678562;13;27/11/2019 07:40:00;Strada Urbana;VIA ERMANNO WOLF FERRARI;da specificare;;;;civ. 324 (distr. Esso);Scontro frontale/laterale DX fra veicoli in marcia;Rettilineo;Una carreggiata a doppio senso;Asciutto;Asfaltata;Verticale ed orizzontale;Sereno;Intenso;Buona;Ore Diurne;0;0;0;3;12.3779;41.7482;-1;2;Autovettura privata;Allontanatosi;;;;;;;
4678570;17;18/11/2019 17:20:00;Strada Urbana;VIALE DELLE MEDAGLIE D'ORO;all'intersezione con;PIAZZALE DEGLI EROI;PIAZZALE DEGLI EROI;;;Scontro laterale fra veicoli in marcia;Incrocio;Una carreggiata a doppio senso;Bagnato (pioggia);Asfaltata;Verticale ed orizzontale;Pioggia in atto;Normale;Sufficiente;Sufficiente;1;0;0;0;12.4428;41.9168;-1;1;Motociclo a solo;In marcia / fermata / arresto;;;;;;;
4678570;17;18/11/2019 17:20:00;Strada Urbana;VIALE DELLE MEDAGLIE D'ORO;all'intersezione con;PIAZZALE DEGLI EROI;PIAZZALE DEGLI EROI;;;Scontro laterale fra veicoli in marcia;Incrocio;Una carreggiata a doppio senso;Bagnato (pioggia);Asfaltata;Verticale ed orizzontale;Pioggia in atto;Normale;Sufficiente;Sufficiente;1;0;0;0;12.4428;41.9168;-1;2;Motociclo a solo;In marcia / fermata / arresto;Conducente;M;Rimandato;0;NON DECEDUTO;;
4678578;12;27/11/2019 00:10:00;Provinciale entro l'abitato;VIA OSTIENSE;da specificare;;;;800 mt prima di via Fosso del Torrino dir. Roma;Veicolo in marcia contro ostacolo fisso;Rettilineo;Due carreggiate;Asciutto;Asfaltata;Verticale ed orizzontale;Sereno;Intenso;Insufficiente;Inesistente;0;0;0;1;12.4229;41.8109;-1;1;Autovettura privata;In marcia / fermata / arresto;Conducente;M;Illeso;0;;Non accertato;Inesploso