Protocollo;Gruppo;DataOraIncidente;Localizzazione1;STRADA1;Localizzazione2;STRADA2;Strada02;Chilometrica;DaSpecificare;NaturaIncidente;particolaritastrade;TipoStrada;FondoStradale;Pavimentazione;Segnaletica;CondizioneAtmosferica;Traffico;Visibilita;Illuminazione;NUM_FERITI;NUM_RISERVATA;NUM_MORTI;NUM_ILLESI;Longitudine;Latitudine;Confermato;Progressivo;TipoVeicolo;StatoVeicolo;TipoPersona;Sesso;Tipolesione;Deceduto;DecedutoDopo;CinturaCascoUtilizzato;Airbag;
4679019;17;26/11/2019 12:30:00;Strada Urbana;PIAZZALE CLODIO;all'intersezione semaforizzata con;VIALE GIOVANNI FALCONE E PAOLO BORSELLINO;VIALE GIOVANNI FALCONE E PAOLO BORSELLINO;;;Scontro frontale/laterale DX fra veicoli in marcia;Intersezione semaforizzata;Una carreggiata a senso unico di marcia;Asciutto;Asfaltata;Verticale ed orizzontale;Sereno;Normale;Buona;Ore Diurne;1;0;0;2;12.4544;41.9169;-1;1;Autovettura privata;In marcia / fermata / arresto;Conducente;M;Illeso;0;;Non accertato;
4679019;17;26/11/2019 12:30:00;Strada Urbana;PIAZZALE CLODIO;all'intersezione semaforizzata con;VIALE GIOVANNI FALCONE E PAOLO BORSELLINO;VIALE GIOVANNI FALCONE E PAOLO BORSELLINO;;;Scontro frontale/laterale DX fra veicoli in marcia;Intersezione semaforizzata;Una carreggiata a senso unico di marcia;Asciutto;Asfaltata;Verticale ed orizzontale;Sereno;Normale;Buona;Ore Diurne;1;0;0;2;12.4544;41.9169;-1;2;Autovettura privata;In marcia / fermata / arresto;Conducente;M;Rimandato;0;NON DECEDUTO;Non accertato;
4679019;17;26/11/2019 12:30:00;Strada Urbana;PIAZZALE CLODIO;all'intersezione semaforizzata con;VIALE GIOVANNI FALCONE E PAOLO BORSELLINO;VIALE GIOVANNI FALCONE E PAOLO BORSELLINO;;;Scontro frontale/laterale DX fra veicoli in marcia;Intersezione semaforizzata;Una carreggiata a senso unico di marcia;Asciutto;Asfaltata;Verticale ed orizzontale;Sereno;Normale;Buona;Ore Diurne;1;0;0;2;12.4544;41.9169;-1;2;Autovettura privata;In marcia / fermata / arresto;Passeggero;F;Illeso;0;;Non accertato;
4679028;12;26/11/2019 16:40:00;Provinciale;VIA CRISTOFORO COLOMBO;da specificare;;;;laterale dir Ostia, prossimit� Via Bonelli;Scontro laterale fra veicoli in marcia;Rettilineo;Una carreggiata a senso unico di marcia;Asciutto;Asfaltata;Verticale ed orizzontale;Sereno;Intenso;Buona;Ore Diurne;0;0;0;2;12.4536;41.8089;-1;1;Autocarro superiore 35 q.;In marcia / fermata / arresto;Conducente;M;Illeso;0;;Utilizzato;Inesploso
4679028;12;26/11/2019 16:40:00;Provinciale;VIA CRISTOFORO COLOMBO;da specificare;;;;laterale dir Ostia, prossimit� Via Bonelli;Scontro laterale fra veicoli in marcia;Rettilineo;Una carreggiata a senso unico di marcia;Asciutto;Asfaltata;Verticale ed orizzontale;Sereno;Intenso;Buona;Ore Diurne;0;0;0;2;12.4536;41.8089;-1;2;Autovettura privata;In marcia / fermata / arresto;Conducente;F;Illeso;0;;Utilizzato;Inesploso
4679058;13;26/11/2019 22:40:00;;VIALE DEI ROMAGNOLI;in corrispondenza;;del civico n.;74;;Investimento di pedone;;;;;;;;;;1;0;0;1;;;0;;;;Pedone;F;Rimandato;0;NON DECEDUTO;;
4679058;13;26/11/2019 22:40:00;;VIALE DEI ROMAGNOLI;in corrispondenza;;del civico n.;74;;Investimento di pedone;;;;;;;;;;1;0;0;1;;;0;1;Autovettura privata;In marcia / fermata / arresto;Conducente;M;Illeso;0;;;
4679074;17;26/11/2019 15:45:00;Strada Urbana;VIALE DELLE MILIZIE;in prossimit�;;del civico n.;106;;Veicolo in marcia contro ostacolo accidentale;Rettilineo;Pi� di due carreggiate;Asciutto;Asfaltata;Verticale ed orizzontale;Sereno;Normale;Sufficiente;Ore Diurne;0;0;0;1;12.4585;41.9115;-1;1;Autovettura privata;In marcia / fermata / arresto;Conducente;M;Illeso;0;;;
4679119;15;27/11/2019 12:20:00;Strada Urbana;VIA DEI GROTTONI;all'intersezione con;VICOLO DEI GROTTONI;VICOLO DEI GROTTONI;;;Scontro laterale fra veicoli in marcia;Incrocio;Una carreggiata a senso unico di marcia;Asciutto;Asfaltata;Verticale;Nuvoloso;Normale;Buona;Ore Diurne;1;0;0;1;12.4573;41.8564;-1;1;Autovettura privata;In marcia / fermata / arresto;Conducente;M;Illeso;0;;Non accertato;Inesploso
4679119;15;27/11/2019 12:20:00;Strada Urbana;VIA DEI GROTTONI;all'intersezione con;VICOLO DEI GROTTONI;VICOLO DEI GROTTONI;;;Scontro laterale fra veicoli in marcia;Incrocio;Una carreggiata a senso unico di marcia;Asciutto;Asfaltata;Verticale;Nuvoloso;Normale;Buona;Ore Diurne;1;0;0;1;12.4573;41.8564;-1;2;Motociclo a solo;In marcia / fermata / arresto;Conducente;M;Rimandato;0;NON DECEDUTO;Non accertato;
4679154;17;26/11/2019 19:55:00;Strada Urbana;CIRCONVALLAZIONE CLODIA;in corrispondenza;;del civico n.;74 A;;Tamponamento;Rettilineo;Una carreggiata a doppio senso;Asciutto;Asfaltata;Verticale ed orizzontale;Sereno;Normale;Sufficiente;Sufficiente;1;0;0;1;12.4572;41.9194;-1;1;Autovettura privata;In marcia / fermata / arresto;Conducente;F;Illeso;0;;Non accertato;
4679154;17;26/11/2019 19:55:00;Strada Urbana;CIRCONVALLAZIONE CLODIA;in corrispondenza;;del civico n.;74 A;;Tamponamento;Rettilineo;Una carreggiata a doppio senso;Asciutto;Asfaltata;Verticale ed orizzontale;Sereno;Normale;Sufficiente;Sufficiente;1;0;0;1;12.4572;41.9194;-1;2;Motociclo a solo;In marcia / fermata / arresto;Conducente;M;Rimandato;0;NON DECEDUTO;Non accertato;
4679167;1;27/11/2019 11:15:00;Strada Urbana;VIA LEONIDA BISSOLATI;all'intersezione con;VIA DI S. NICOLA DA TOLENTINO;VIA DI S. NICOLA DA TOLENTINO;;;Scontro frontale/laterale DX fra veicoli in marcia;Intersezione stradale segnalata;Una carreggiata a doppio senso;Asciutto;Asfaltata;Verticale ed orizzontale;Nuvoloso;Normale;Buona;Ore Diurne;0;0;0;2;12.4913;41.9057;-1;1;Motociclo a solo;In marcia / fermata / arresto;Conducente;M;Illeso;0;;Non accertato;
4679167;1;27/11/2019 11:15:00;Strada Urbana;VIA LEONIDA BISSOLATI;all'intersezione con;VIA DI S. NICOLA DA TOLENTINO;VIA DI S. NICOLA DA TOLENTINO;;;Scontro frontale/laterale DX fra veicoli in marcia;Intersezione stradale segnalata;Una carreggiata a doppio senso;Asciutto;Asfaltata;Verticale ed orizzontale;Nuvoloso;Normale;Buona;Ore Diurne;0;0;0;2;12.4913;41.9057;-1;2;Autovettura privata;In marcia / fermata / arresto;Conducente;M;Illeso;0;;Non accertato;Inesploso
4679192;20;27/11/2019 13:00:00;Strada Urbana;VIA DELLA STAZIONE DI TOR DI QUINTO;all'intersezione con;VIALE DI TOR DI QUINTO;VIALE DI TOR DI QUINTO;;;Tamponamento;Incrocio;Una carreggiata a doppio senso;Asciutto;Asfaltata;Verticale ed orizzontale;Nuvoloso;Normale;Buona;Ore Diurne;0;0;0;2;12.4853;41.9483;-1;1;Autovettura privata;In marcia / fermata / arresto;Conducente;F;Illeso;0;;Non accertato;Inesploso
4679192;20;27/11/2019 13:00:00;Strada Urbana;VIA DELLA STAZIONE DI TOR DI QUINTO;all'intersezione con;VIALE DI TOR DI QUINTO;VIALE DI TOR DI QUINTO;;;Tamponamento;Incrocio;Una carreggiata a doppio senso;Asciutto;Asfaltata;Verticale ed orizzontale;Nuvoloso;Normale;Buona;Ore Diurne;0;0;0;2;12.4853;41.9483;-1;2;Autovettura privata;In marcia / fermata / arresto;Conducente;M;Illeso;0;;Non accertato;Inesploso
4679269;17;27/11/2019 09:10:00;Strada Urbana;VIALE GIUSEPPE MAZZINI;all'intersezione con;VIA CARLO ALBERTO RACCHIA;VIA CARLO ALBERTO RACCHIA;;;Veicolo in marcia contro veicolo in sosta;Incrocio;Una carreggiata a senso unico di marcia;Bagnato (umidit� in atto);Asfaltata;Verticale ed orizzontale;Sereno;Normale;Buona;Ore Diurne;0;0;0;1;12.4626;41.9158;-1;1;Autovettura privata;In marcia / fermata / arresto;Conducente;F;Illeso;0;;;
4679269;17;27/11/2019 09:10:00;Strada Urbana;VIALE GIUSEPPE MAZZINI;all'intersezione con;VIA CARLO ALBERTO RACCHIA;VIA CARLO ALBERTO RACCHIA;;;Veicolo in marcia contro veicolo in sosta;Incrocio;Una carreggiata a senso unico di marcia;Bagnato (umidit� in atto);Asfaltata;Verticale ed orizzontale;Sereno;Normale;Buona;Ore Diurne;0;0;0;1;12.4626;41.9158;-1;2;Motociclo a solo;Sosta;;;;;;;
4679283;17;27/11/2019 08:10:00;Strada Urbana;VIA VIRGINIO ORSINI;all'intersezione con;VIA DEGLI SCIPIONI;VIA DEGLI SCIPIONI;;;Scontro frontale/laterale SX fra veicoli in marcia;Intersezione non regolata/non segnalata;Una carreggiata a senso unico di marcia;Asciutto;Asfaltata;Verticale ed orizzontale;Sereno;Normale;Buona;Ore Diurne;0;0;0;2;12.4691;41.9113;-1;1;Autovettura privata;In marcia / fermata / arresto;Conducente;F;Illeso;0;;;
4679283;17;27/11/2019 08:10:00;Strada Urbana;VIA VIRGINIO ORSINI;all'intersezione con;VIA DEGLI SCIPIONI;VIA DEGLI SCIPIONI;;;Scontro frontale/laterale SX fra veicoli in marcia;Intersezione non regolata/non segnalata;Una carreggiata a senso unico di marcia;Asciutto;Asfaltata;Verticale ed orizzontale;Sereno;Normale;Buona;Ore Diurne;0;0;0;2;12.4691;41.9113;-1;2;Autocarro inferiore 35 q.;In marcia / fermata / arresto;Conducente;M;Illeso;0;;;
4679322;9;27/11/2019 10:50:00;Strada Urbana;VIA LATINA;all'intersezione con;VIA CAMERIA;VIA CAMERIA;;;Scontro frontale/laterale SX fra veicoli in marcia;Intersezione stradale segnalata;Una carreggiata a doppio senso;Asciutto;Asfaltata;Verticale ed orizzontale;Nuvoloso;Normale;Sufficiente;Ore Diurne;0;0;0;2;12.5036;41.8759;-1;1;Autovettura privata;In marcia / fermata / arresto;Conducente;M;Illeso;0;;Non accertato;Inesploso
4679322;9;27/11/2019 10:50:00;Strada Urbana;VIA LATINA;all'intersezione con;VIA CAMERIA;VIA CAMERIA;;;Scontro frontale/laterale SX fra veicoli in marcia;Intersezione stradale segnalata;Una carreggiata a doppio senso;Asciutto;Asfaltata;Verticale ed orizzontale;Nuvoloso;Normale;Sufficiente;Ore Diurne;0;0;0;2;12.5036;41.8759;-1;2;Autovettura privata;In marcia / fermata / arresto;Conducente;M;Illeso;0;;Non accertato;Inesploso
4679328;12;27/11/2019 13:30:00;Strada Urbana;VIALE DEI CADUTI NELLA GUERRA DI LIBERAZIONE;in prossimit�;;del civico n.;570;;Scontro laterale fra veicoli in marcia;Rettilineo;Una carreggiata a senso unico di marcia;Asciutto;Asfaltata;Verticale;Nuvoloso;Scarso;Buona;Ore Diurne;0;0;0;4;12.4416;41.7818;-1;1;Autovettura privata;In marcia / fermata / arresto;Conducente;M;Illeso;0;;Non accertato;Inesploso
4679328;12;27/11/2019 13:30:00;Strada Urbana;VIALE DEI CADUTI NELLA GUERRA DI LIBERAZIONE;in prossimit�;;del civico n.;570;;Scontro laterale fra veicoli in marcia;Rettilineo;Una carreggiata a senso unico di marcia;Asciutto;Asfaltata;Verticale;Nuvoloso;Scarso;Buona;Ore Diurne;0;0;0;4;12.4416;41.7818;-1;2;Autovettura privata;In marcia / fermata / arresto;Conducente;M;Illeso;0;;Utilizzato;Inesploso
4679328;12;27/11/2019 13:30:00;Strada Urbana;VIALE DEI CADUTI NELLA GUERRA DI LIBERAZIONE;in prossimit�;;del civico n.;570;;Scontro laterale fra veicoli in marcia;Rettilineo;Una carreggiata a senso unico di marcia;Asciutto;Asfaltata;Verticale;Nuvoloso;Scarso;Buona;Ore Diurne;0;0;0;4;12.4416;41.7818;-1;2;Autovettura privata;In marcia / fermata / arresto;Passeggero;F;Illeso;0;;Non accertato;Inesploso
4679328;12;27/11/2019 13:30:00;Strada Urbana;VIALE DEI CADUTI NELLA GUERRA DI LIBERAZIONE;in prossimit�;;del civico n.;570;;Scontro laterale fra veicoli in marcia;Rettilineo;Una carreggiata a senso unico di marcia;Asciutto;Asfaltata;Verticale;Nuvoloso;Scarso;Buona;Ore Diurne;0;0;0;4;12.4416;41.7818;-1;2;Autovettura privata;In marcia / fermata / arresto;Passeggero;F;Illeso;0;;Non utilizzato;Inesistente
4679351;10;27/11/2019 14:20:00;Strada Urbana;VIA BERNARDINO ALIMENA;all'intersezione con;VIALE LUIGI SCHIAVONETTI;VIALE LUIGI SCHIAVONETTI;;;Scontro laterale fra veicoli in marcia;Intersezione stradale segnalata;Due carreggiate;Bagnato (umidit� in atto);Asfaltata;Verticale ed orizzontale;Nuvoloso;Normale;Buona;Ore Diurne;0;0;0;3;12.6107;41.845;-1;1;Autovettura privata;In marcia / fermata / arresto;Conducente;F;Illeso;0;;Non accertato;Inesploso
4679351;10;27/11/2019 14:20:00;Strada Urbana;VIA BERNARDINO ALIMENA;all'intersezione con;VIALE LUIGI SCHIAVONETTI;VIALE LUIGI SCHIAVONETTI;;;Scontro laterale fra veicoli in marcia;Intersezione stradale segnalata;Due carreggiate;Bagnato (umidit� in atto);Asfaltata;Verticale ed orizzontale;Nuvoloso;Normale;Buona;Ore Diurne;0;0;0;3;12.6107;41.845;-1;2;Autovettura privata;In marcia / fermata / arresto;Conducente;M;Illeso;0;;Non accertato;Inesploso
4679351;10;27/11/2019 14:20:00;Strada Urbana;VIA BERNARDINO ALIMENA;all'intersezione con;VIALE LUIGI SCHIAVONETTI;VIALE LUIGI SCHIAVONETTI;;;Scontro laterale fra veicoli in marcia;Intersezione stradale segnalata;Due carreggiate;Bagnato (umidit� in atto);Asfaltata;Verticale ed orizzontale;Nuvoloso;Normale;Buona;Ore Diurne;0;0;0;3;12.6107;41.845;-1;2;Autovettura privata;In marcia / fermata / arresto;Passeggero;F;Illeso;0;;Non accertato;Inesploso
4679386;1;27/11/2019 09:45:00;Strada Urbana;VIALE DI TRASTEVERE;all'intersezione semaforizzata con;VIA DI S. FRANCESCO A RIPA;VIA DI S. FRANCESCO A RIPA;;;Scontro laterale fra veicoli in marcia;Intersezione semaforizzata;Pi� di due carreggiate;Asciutto;Asfaltata;Verticale ed orizzontale;Nuvoloso;Normale;Buona;Ore Diurne;1;0;0;1;12.4679;41.8817;-1;1;Autovettura privata;In marcia / fermata / arresto;Conducente;M;Illeso;0;;Non accertato;Inesploso
4679386;1;27/11/2019 09:45:00;Strada Urbana;VIALE DI TRASTEVERE;all'intersezione semaforizzata con;VIA DI S. FRANCESCO A RIPA;VIA DI S. FRANCESCO A RIPA;;;Scontro laterale fra veicoli in marcia;Intersezione semaforizzata;Pi� di due carreggiate;Asciutto;Asfaltata;Verticale ed orizzontale;Nuvoloso;Normale;Buona;Ore Diurne;1;0;0;1;12.4679;41.8817;-1;2;Velocipede;In marcia / fermata / arresto;Conducente;F;Rimandato;0;NON DECEDUTO;Esente;
4679428;9;27/11/2019 11:00:00;Strada Urbana;LARGO VOLUMNIA;all'intersezione con;VIA DELLE CAVE;VIA DELLE CAVE;;;Scontro laterale fra veicoli in marcia;Intersezione semaforizzata;Due carreggiate;Asciutto;Asfaltata;Verticale ed orizzontale;Sereno;Normale;Buona;Ore Diurne;0;0;0;1;12.5335;41.8719;-1;1;Autovettura privata;Allontanatosi;;;;;;;
4679428;9;27/11/2019 11:00:00;Strada Urbana;LARGO VOLUMNIA;all'intersezione con;VIA DELLE CAVE;VIA DELLE CAVE;;;Scontro laterale fra veicoli in marcia;Intersezione semaforizzata;Due carreggiate;Asciutto;Asfaltata;Verticale ed orizzontale;Sereno;Normale;Buona;Ore Diurne;0;0;0;1;12.5335;41.8719;-1;2;Autovettura privata;In marcia / fermata / arresto;Conducente;F;Illeso;0;;;
4679431;18;27/11/2019 07:40:00;Strada Urbana;VIA DI TORREVECCHIA;in prossimit�;;del civico n.;793;;Scontro laterale fra veicoli in marcia;Rettilineo;Una carreggiata a doppio senso;Asciutto;Asfaltata;Verticale ed orizzontale;Nuvoloso;Normale;Buona;Ore Diurne;2;0;0;1;12.4101;41.9193;-1;1;Motociclo con passeggero;In marcia / fermata / arresto;Conducente;F;Rimandato;0;NON DECEDUTO;;
4679431;18;27/11/2019 07:40:00;Strada Urbana;VIA DI TORREVECCHIA;in prossimit�;;del civico n.;793;;Scontro laterale fra veicoli in marcia;Rettilineo;Una carreggiata a doppio senso;Asciutto;Asfaltata;Verticale ed orizzontale;Nuvoloso;Normale;Buona;Ore Diurne;2;0;0;1;12.4101;41.9193;-1;1;Motociclo con passeggero;In marcia / fermata / arresto;Passeggero;F;Rifiuta cure immediate;0;NON DECEDUTO;;
4679431;18;27/11/2019 07:40:00;Strada Urbana;VIA DI TORREVECCHIA;in prossimit�;;del civico n.;793;;Scontro laterale fra veicoli in marcia;Rettilineo;Una carreggiata a doppio senso;Asciutto;Asfaltata;Verticale ed orizzontale;Nuvoloso;Normale;Buona;Ore Diurne;2;0;0;1;12.4101;41.9193;-1;2;Autocarro inferiore 35 q.;In marcia / fermata / arresto;Conducente;M;Illeso;0;;;
4679464;18;27/11/2019 11:00:00;Strada Urbana;VIA DI BOCCEA;in corrispondenza;;del civico n.;288D;;Veicolo in marcia contro veicoli in sosta;Rettilineo;Una carreggiata a doppio senso;Asciutto;Asfaltata;Verticale ed orizzontale;Nuvoloso;Normale;Buona;Ore Diurne;1;0;0;0;12.4173;41.9038;-1;1;Autovettura privata;In marcia / fermata / arresto;Conducente;M;Rifiuta cure immediate;0;NON DECEDUTO;Non accertato;
4679464;18;27/11/2019 11:00:00;Strada Urbana;VIA DI BOCCEA;in corrispondenza;;del civico n.;288D;;Veicolo in marcia contro veicoli in sosta;Rettilineo;Una carreggiata a doppio senso;Asciutto;Asfaltata;Verticale ed orizzontale;Nuvoloso;Normale;Buona;Ore Diurne;1;0;0;0;12.4173;41.9038;-1;2;Autovettura privata;Sosta;;;;;;;
4679464;18;27/11/2019 11:00:00;Strada Urbana;VIA DI BOCCEA;in corrispondenza;;del civico n.;288D;;Veicolo in marcia contro veicoli in sosta;Rettilineo;Una carreggiata a doppio senso;Asciutto;Asfaltata;Verticale ed orizzontale;Nuvoloso;Normale;Buona;Ore Diurne;1;0;0;0;12.4173;41.9038;-1;3;Autovettura privata;Sosta;;;;;;;
4679531;19;27/11/2019 13:00:00;Strada Urbana;VIA BRACCIANENSE;da specificare;;;;corrispondenzaintersezione Stazione Olgiata;Scontro frontale/laterale DX fra veicoli in marcia;Rettilineo;Una carreggiata a doppio senso;Asciutto;Asfaltata;Verticale ed orizzontale;Nuvoloso;Normale;Buona;Ore Diurne;0;0;0;2;12.3653;42.0132;-1;1;Autovettura privata;In marcia / fermata / arresto;Conducente;M;Illeso;0;;;
4679531;19;27/11/2019 13:00:00;Strada Urbana;VIA BRACCIANENSE;da specificare;;;;corrispondenzaintersezione Stazione Olgiata;Scontro frontale/laterale DX fra veicoli in marcia;Rettilineo;Una carreggiata a doppio senso;Asciutto;Asfaltata;Verticale ed orizzontale;Nuvoloso;Normale;Buona;Ore Diurne;0;0;0;2;12.3653;42.0132;-1;2;Autovettura privata;In marcia / fermata / arresto;Conducente;M;Illeso;0;;;
4679566;19;27/11/2019 13:38:00;Strada Urbana;VIA S. GIUSEPPE DA COPERTINO;da specificare;;;;rotonda G.R.A.;Scontro laterale fra veicoli in marcia;Rotatoria;Una carreggiata a senso unico di marcia;Asciutto;Asfaltata;Verticale ed orizzontale;Nuvoloso;Normale;Buona;Ore Diurne;0;0;0;2;12.4038;41.9761;-1;1;Autovettura privata;In marcia / fermata / arresto;Conducente;M;Illeso;0;;;
4679566;19;27/11/2019 13:38:00;Strada Urbana;VIA S. GIUSEPPE DA COPERTINO;da specificare;;;;rotonda G.R.A.;Scontro laterale fra veicoli in marcia;Rotatoria;Una carreggiata a senso unico di marcia;Asciutto;Asfaltata;Verticale ed orizzontale;Nuvoloso;Normale;Buona;Ore Diurne;0;0;0;2;12.4038;41.9761;-1;2;Autovettura privata;In marcia / fermata / arresto;Conducente;M;Illeso;0;;;
4679570;3;22/11/2019 19:45:00;Strada Urbana;LARGO GUIDO MAZZONI;da specificare;;;;fronte  Via Pietro l'Eremita;Veicolo in marcia contro veicoli in sosta;Rettilineo;Una carreggiata a senso unico di marcia;Asciutto;Asfaltata;Verticale ed orizzontale;Sereno;Scarso;Buona;Sufficiente;0;0;0;3;12.527;41.9097;-1;1;Autocarro inferiore 35 q.;In marcia / fermata / arresto;Conducente;M;Illeso;0;;;
4679570;3;22/11/2019 19:45:00;Strada Urbana;LARGO GUIDO MAZZONI;da specificare;;;;fronte  Via Pietro l'Eremita;Veicolo in marcia contro veicoli in sosta;Rettilineo;Una carreggiata a senso unico di marcia;Asciutto;Asfaltata;Verticale ed orizzontale;Sereno;Scarso;Buona;Sufficiente;0;0;0;3;12.527;41.9097;-1;2;Autovettura privata;Sosta;Passeggero;M;Illeso;0;;;
4679570;3;22/11/2019 19:45:00;Strada Urbana;LARGO GUIDO MAZZONI;da specificare;;;;fronte  Via Pietro l'Eremita;Veicolo in marcia contro veicoli in sosta;Rettilineo;Una carreggiata a senso unico di marcia;Asciutto;Asfaltata;Verticale ed orizzontale;Sereno;Scarso;Buona;Sufficiente;0;0;0;3;12.527;41.9097;-1;3;Autovettura privata;In marcia / fermata / arresto;Conducente;M;Illeso;0;;;
4679659;3;27/11/2019 10:10:00;Strada Urbana;VIA CESARE DE LOLLIS;in corrispondenza;;del civico n.;41;;Scontro laterale fra veicoli in marcia;Rettilineo;Una carreggiata a senso unico di marcia;Asciutto;Asfaltata;Orizzontale;Sereno;Intenso;Buona;Ore Diurne;0;0;0;2;12.5183;41.9019;-1;1;Autovettura privata;In marcia / fermata / arresto;Conducente;F;Illeso;0;;;
4679659;3;27/11/2019 10:10:00;Strada Urbana;VIA CESARE DE LOLLIS;in corrispondenza;;del civico n.;41;;Scontro laterale fra veicoli in marcia;Rettilineo;Una carreggiata a senso unico di marcia;Asciutto;Asfaltata;Orizzontale;Sereno;Intenso;Buona;Ore Diurne;0;0;0;2;12.5183;41.9019;-1;2;Autocarro inferiore 35 q.;In marcia / fermata / arresto;Conducente;M;Illeso;0;;;
4679664;10;27/11/2019 15:20:00;Strada Urbana;VIA ANNIA REGILLA;in corrispondenza;;del civico n.;276;;Scontro laterale fra veicoli in marcia;Rettilineo;Una carreggiata a senso unico di marcia;Bagnato (pioggia);Asfaltata;Verticale ed orizzontale;Pioggia in atto;Normale;Buona;Ore Diurne;0;0;0;2;12.5499;41.8475;-1;1;Autovettura privata;In marcia / fermata / arresto;Conducente;F;Illeso;0;;Non accertato;Inesploso
4679664;10;27/11/2019 15:20:00;Strada Urbana;VIA ANNIA REGILLA;in corrispondenza;;del civico n.;276;;Scontro laterale fra veicoli in marcia;Rettilineo;Una carreggiata a senso unico di marcia;Bagnato (pioggia);Asfaltata;Verticale ed orizzontale;Pioggia in atto;Normale;Buona;Ore Diurne;0;0;0;2;12.5499;41.8475;-1;2;Motociclo a solo;Allontanatosi;Conducente;M;Illeso;0;;Non accertato;
4679705;1;27/11/2019 14:20:00;Strada Urbana;VIA MARIA CRISTINA;in corrispondenza;;del civico n.;6;;Scontro laterale fra veicoli in marcia;Rettilineo;Una carreggiata a senso unico di marcia;Asciutto;Asfaltata;Verticale ed orizzontale;Nuvoloso;Scarso;Buona;Ore Diurne;0;0;0;2;12.4743;41.9109;-1;1;Autovettura privata;In marcia / fermata / arresto;Conducente;M;Illeso;0;;;
4679705;1;27/11/2019 14:20:00;Strada Urbana;VIA MARIA CRISTINA;in corrispondenza;;del civico n.;6;;Scontro laterale fra veicoli in marcia;Rettilineo;Una carreggiata a senso unico di marcia;Asciutto;Asfaltata;Verticale ed orizzontale;Nuvoloso;Scarso;Buona;Ore Diurne;0;0;0;2;12.4743;41.9109;-1;2;Autovettura privata;In marcia / fermata / arresto;Conducente;M;Illeso;0;;;
4679707;3;25/11/2019 08:00:00;Strada Urbana;Tang Est dir San Giovanni;da specificare;;;;altezza uscita Passamonti;Tamponamento Multiplo;Curva a visuale libera;Due carreggiate;Asciutto;Asfaltata;Verticale ed orizzontale;Nuvoloso;Intenso;Buona;Ore Diurne;0;0;0;4;12.5215;41.8973;-1;1;Autovettura privata;In marcia / fermata / arresto;Conducente;F;Illeso;0;;;
4679707;3;25/11/2019 08:00:00;Strada Urbana;Tang Est dir San Giovanni;da specificare;;;;altezza uscita Passamonti;Tamponamento Multiplo;Curva a visuale libera;Due carreggiate;Asciutto;Asfaltata;Verticale ed orizzontale;Nuvoloso;Intenso;Buona;Ore Diurne;0;0;0;4;12.5215;41.8973;-1;2;Autovettura privata;In marcia / fermata / arresto;Conducente;F;Illeso;0;;;
4679707;3;25/11/2019 08:00:00;Strada Urbana;Tang Est dir San Giovanni;da specificare;;;;altezza uscita Passamonti;Tamponamento Multiplo;Curva a visuale libera;Due carreggiate;Asciutto;Asfaltata;Verticale ed orizzontale;Nuvoloso;Intenso;Buona;Ore Diurne;0;0;0;4;12.5215;41.8973;-1;2;Autovettura privata;In marcia / fermata / arresto;Passeggero;F;Illeso;0;;;
4679707;3;25/11/2019 08:00:00;Strada Urbana;Tang Est dir San Giovanni;da specificare;;;;altezza uscita Passamonti;Tamponamento Multiplo;Curva a visuale libera;Due carreggiate;Asciutto;Asfaltata;Verticale ed orizzontale;Nuvoloso;Intenso;Buona;Ore Diurne;0;0;0;4;12.5215;41.8973;-1;3;Autovettura privata;In marcia / fermata / arresto;Conducente;F;Illeso;0;;;
4679728;3;26/11/2019 16:30:00;Strada Urbana;CIRCONVALLAZIONE TIBURTINA;da specificare;;;;altezza Scalo S.Lorenzo dir.ne A24;Tamponamento;Rettilineo;Una carreggiata a senso unico di marcia;Asciutto;Asfaltata;Orizzontale;Sereno;Intenso;Buona;Ore Diurne;1;0;0;1;12.528;41.8994;-1;1;Motociclo a solo;In marcia / fermata / arresto;Conducente;M;Illeso;0;;;
4679728;3;26/11/2019 16:30:00;Strada Urbana;CIRCONVALLAZIONE TIBURTINA;da specificare;;;;altezza Scalo S.Lorenzo dir.ne A24;Tamponamento;Rettilineo;Una carreggiata a senso unico di marcia;Asciutto;Asfaltata;Orizzontale;Sereno;Intenso;Buona;Ore Diurne;1;0;0;1;12.528;41.8994;-1;2;Motociclo a solo;In marcia / fermata / arresto;Conducente;F;Rimandato;0;NON DECEDUTO;;
4679739;3;26/11/2019 10:00:00;Strada Urbana;VIA LORENZO IL MAGNIFICO;in corrispondenza;;del civico n.;114;;Veicolo in marcia contro veicolo in sosta;Pendenza;Una carreggiata a doppio senso;Asciutto;Asfaltata;Verticale ed orizzontale;Sereno;Normale;Buona;Ore Diurne;0;0;0;1;12.5261;41.9117;-1;1;Autovettura privata;In marcia / fermata / arresto;Conducente;F;Illeso;0;;;
4679739;3;26/11/2019 10:00:00;Strada Urbana;VIA LORENZO IL MAGNIFICO;in corrispondenza;;del civico n.;114;;Veicolo in marcia contro veicolo in sosta;Pendenza;Una carreggiata a doppio senso;Asciutto;Asfaltata;Verticale ed orizzontale;Sereno;Normale;Buona;Ore Diurne;0;0;0;1;12.5261;41.9117;-1;2;Autovettura privata;Sosta;;;;;;;
4679759;3;27/11/2019 12:50:00;Strada Urbana;VIA NOMENTANA;all'intersezione con;VIALE VENTUNO APRILE;VIALE VENTUNO APRILE;;;Tamponamento;Intersezione semaforizzata;Pi� di due carreggiate;Asciutto;Asfaltata;Verticale ed orizzontale;Nuvoloso;Normale;Buona;Ore Diurne;1;0;0;2;12.5176;41.9209;-1;1;Motociclo a solo;In marcia / fermata / arresto;Conducente;M;Ricoverato;0;NON DECEDUTO;;