Protocollo;Gruppo;DataOraIncidente;Localizzazione1;STRADA1;Localizzazione2;STRADA2;Strada02;Chilometrica;DaSpecificare;NaturaIncidente;particolaritastrade;TipoStrada;FondoStradale;Pavimentazione;Segnaletica;CondizioneAtmosferica;Traffico;Visibilita;Illuminazione;NUM_FERITI;NUM_RISERVATA;NUM_MORTI;NUM_ILLESI;Longitudine;Latitudine;Confermato;Progressivo;TipoVeicolo;StatoVeicolo;TipoPersona;Sesso;Tipolesione;Deceduto;DecedutoDopo;CinturaCascoUtilizzato;Airbag;
4684080;11;29/11/2019 20:20:00;Strada Urbana;VIALE GUGLIELMO MARCONI;all'intersezione semaforizzata con;VIA SALVATORE PINCHERLE;VIA SALVATORE PINCHERLE;;;Scontro laterale fra veicoli in marcia;Incrocio;Due carreggiate;Asciutto;Asfaltata;Verticale ed orizzontale;Sereno;Scarso;Buona;Sufficiente;0;0;0;6;12.4731;41.8524;-1;2;Autovettura privata;In marcia / fermata / arresto;Passeggero;F;Illeso;0;;Non accertato;
4684080;11;29/11/2019 20:20:00;Strada Urbana;VIALE GUGLIELMO MARCONI;all'intersezione semaforizzata con;VIA SALVATORE PINCHERLE;VIA SALVATORE PINCHERLE;;;Scontro laterale fra veicoli in marcia;Incrocio;Due carreggiate;Asciutto;Asfaltata;Verticale ed orizzontale;Sereno;Scarso;Buona;Sufficiente;0;0;0;6;12.4731;41.8524;-1;2;Autovettura privata;In marcia / fermata / arresto;Passeggero;F;Illeso;0;;Non accertato;
4684091;8;29/11/2019 07:05:00;Strada Urbana;VIA DI TOR BELLA MONACA;da specificare;;;;altezza svincolo GRA;Tamponamento Multiplo;Rettilineo;Una carreggiata a senso unico di marcia;Bagnato (umidit� in atto);Asfaltata;Verticale ed orizzontale;Nuvoloso;Normale;Buona;Ore Diurne;3;0;0;1;12.6281;41.8764;-1;1;Autovettura privata;In marcia / fermata / arresto;Conducente;M;Illeso;0;;Non accertato;Inesploso
4684091;8;29/11/2019 07:05:00;Strada Urbana;VIA DI TOR BELLA MONACA;da specificare;;;;altezza svincolo GRA;Tamponamento Multiplo;Rettilineo;Una carreggiata a senso unico di marcia;Bagnato (umidit� in atto);Asfaltata;Verticale ed orizzontale;Nuvoloso;Normale;Buona;Ore Diurne;3;0;0;1;12.6281;41.8764;-1;2;Autovettura privata;In marcia / fermata / arresto;Conducente;M;Rifiuta cure immediate;0;NON DECEDUTO;Non accertato;Inesploso
4684091;8;29/11/2019 07:05:00;Strada Urbana;VIA DI TOR BELLA MONACA;da specificare;;;;altezza svincolo GRA;Tamponamento Multiplo;Rettilineo;Una carreggiata a senso unico di marcia;Bagnato (umidit� in atto);Asfaltata;Verticale ed orizzontale;Nuvoloso;Normale;Buona;Ore Diurne;3;0;0;1;12.6281;41.8764;-1;3;Autovettura privata;In marcia / fermata / arresto;Conducente;F;Rifiuta cure immediate;0;NON DECEDUTO;Non accertato;Inesploso
4684091;8;29/11/2019 07:05:00;Strada Urbana;VIA DI TOR BELLA MONACA;da specificare;;;;altezza svincolo GRA;Tamponamento Multiplo;Rettilineo;Una carreggiata a senso unico di marcia;Bagnato (umidit� in atto);Asfaltata;Verticale ed orizzontale;Nuvoloso;Normale;Buona;Ore Diurne;3;0;0;1;12.6281;41.8764;-1;3;Autovettura privata;In marcia / fermata / arresto;Passeggero;F;Rifiuta cure immediate;0;NON DECEDUTO;Non accertato;Inesploso
4684093;8;29/11/2019 09:40:00;Strada Urbana;VIA MARIO PASTORE;da specificare;;;;prossimit� semaforo direzione via Passolombardo;Scontro laterale fra veicoli in marcia;Rettilineo;Una carreggiata a senso unico di marcia;Asciutto;Asfaltata;Verticale ed orizzontale;Sereno;Normale;Buona;Ore Diurne;0;0;0;2;12.6157;41.8468;-1;1;Autovettura privata;In marcia / fermata / arresto;Conducente;M;Illeso;0;;Non accertato;Inesploso
4684093;8;29/11/2019 09:40:00;Strada Urbana;VIA MARIO PASTORE;da specificare;;;;prossimit� semaforo direzione via Passolombardo;Scontro laterale fra veicoli in marcia;Rettilineo;Una carreggiata a senso unico di marcia;Asciutto;Asfaltata;Verticale ed orizzontale;Sereno;Normale;Buona;Ore Diurne;0;0;0;2;12.6157;41.8468;-1;2;Autocarro inferiore 35 q.;In marcia / fermata / arresto;Conducente;M;Illeso;0;;Non accertato;Inesploso
4684095;8;29/11/2019 12:20:00;Strada Urbana;VIA PRENESTINA;da specificare;;;;altezza via VICO EQUENSE;Tamponamento;Rettilineo;Una carreggiata a doppio senso;Asciutto;Asfaltata;Orizzontale;Nuvoloso;Normale;Buona;Ore Diurne;2;0;0;1;12.6155;41.8933;-1;1;Autovettura privata;In marcia / fermata / arresto;Conducente;M;Illeso;0;;Non accertato;Inesploso
4684095;8;29/11/2019 12:20:00;Strada Urbana;VIA PRENESTINA;da specificare;;;;altezza via VICO EQUENSE;Tamponamento;Rettilineo;Una carreggiata a doppio senso;Asciutto;Asfaltata;Orizzontale;Nuvoloso;Normale;Buona;Ore Diurne;2;0;0;1;12.6155;41.8933;-1;2;Autovettura privata;In marcia / fermata / arresto;Conducente;F;Rimandato;0;NON DECEDUTO;Non accertato;Inesploso
4684095;8;29/11/2019 12:20:00;Strada Urbana;VIA PRENESTINA;da specificare;;;;altezza via VICO EQUENSE;Tamponamento;Rettilineo;Una carreggiata a doppio senso;Asciutto;Asfaltata;Orizzontale;Nuvoloso;Normale;Buona;Ore Diurne;2;0;0;1;12.6155;41.8933;-1;2;Autovettura privata;In marcia / fermata / arresto;Passeggero;M;Rifiuta cure immediate;0;NON DECEDUTO;Non accertato;Inesploso
4684101;8;29/11/2019 15:50:00;Strada Urbana;VIA DI LUNGHEZZINA;in prossimit�;;del palo luce n.;325;;Scontro frontale/laterale SX fra veicoli in marcia;Rettilineo;Una carreggiata a doppio senso;Bagnato (pioggia);Asfaltata;Orizzontale;Nuvoloso;Intenso;Insufficiente;Insufficiente;0;0;0;3;12.708;41.9293;-1;1;Autovettura privata;In marcia / fermata / arresto;Conducente;M;Illeso;0;;Non accertato;Inesploso
4684101;8;29/11/2019 15:50:00;Strada Urbana;VIA DI LUNGHEZZINA;in prossimit�;;del palo luce n.;325;;Scontro frontale/laterale SX fra veicoli in marcia;Rettilineo;Una carreggiata a doppio senso;Bagnato (pioggia);Asfaltata;Orizzontale;Nuvoloso;Intenso;Insufficiente;Insufficiente;0;0;0;3;12.708;41.9293;-1;2;Autovettura privata;In marcia / fermata / arresto;Conducente;M;Illeso;0;;Non accertato;Inesploso
4684101;8;29/11/2019 15:50:00;Strada Urbana;VIA DI LUNGHEZZINA;in prossimit�;;del palo luce n.;325;;Scontro frontale/laterale SX fra veicoli in marcia;Rettilineo;Una carreggiata a doppio senso;Bagnato (pioggia);Asfaltata;Orizzontale;Nuvoloso;Intenso;Insufficiente;Insufficiente;0;0;0;3;12.708;41.9293;-1;2;Autovettura privata;In marcia / fermata / arresto;Passeggero;F;Illeso;0;;Non accertato;Inesploso
4684102;8;29/11/2019 16:20:00;Strada Urbana;VIA EMILIO MACRO;in prossimit�;;del civico n.;25;;Investimento di pedone;Rettilineo;Una carreggiata a doppio senso;Asciutto;Asfaltata;Verticale ed orizzontale;Nuvoloso;Normale;Sufficiente;Ore Diurne;1;0;0;3;12.5763;41.871;-1;;;;Pedone;F;Rimandato;0;NON DECEDUTO;;
4684102;8;29/11/2019 16:20:00;Strada Urbana;VIA EMILIO MACRO;in prossimit�;;del civico n.;25;;Investimento di pedone;Rettilineo;Una carreggiata a doppio senso;Asciutto;Asfaltata;Verticale ed orizzontale;Nuvoloso;Normale;Sufficiente;Ore Diurne;1;0;0;3;12.5763;41.871;-1;1;Autovettura privata;In marcia / fermata / arresto;Conducente;M;Illeso;0;;Non accertato;Inesploso
4684102;8;29/11/2019 16:20:00;Strada Urbana;VIA EMILIO MACRO;in prossimit�;;del civico n.;25;;Investimento di pedone;Rettilineo;Una carreggiata a doppio senso;Asciutto;Asfaltata;Verticale ed orizzontale;Nuvoloso;Normale;Sufficiente;Ore Diurne;1;0;0;3;12.5763;41.871;-1;1;Autovettura privata;In marcia / fermata / arresto;Passeggero;F;Illeso;0;;Non accertato;
4684102;8;29/11/2019 16:20:00;Strada Urbana;VIA EMILIO MACRO;in prossimit�;;del civico n.;25;;Investimento di pedone;Rettilineo;Una carreggiata a doppio senso;Asciutto;Asfaltata;Verticale ed orizzontale;Nuvoloso;Normale;Sufficiente;Ore Diurne;1;0;0;3;12.5763;41.871;-1;1;Autovettura privata;In marcia / fermata / arresto;Passeggero;M;Illeso;0;;;
4684103;11;29/11/2019 12:40:00;Strada Urbana;VIA VALCO DI S. PAOLO;in prossimit�;;del palo luce n.;4;;Scontro laterale fra veicoli in marcia;Rettilineo;Una carreggiata a doppio senso;Asciutto;Asfaltata;Verticale ed orizzontale;Nuvoloso;Normale;Buona;Ore Diurne;0;0;0;2;12.4754;41.8524;-1;1;Autovettura privata;In marcia / fermata / arresto;Conducente;M;Illeso;0;;Non accertato;
4684103;11;29/11/2019 12:40:00;Strada Urbana;VIA VALCO DI S. PAOLO;in prossimit�;;del palo luce n.;4;;Scontro laterale fra veicoli in marcia;Rettilineo;Una carreggiata a doppio senso;Asciutto;Asfaltata;Verticale ed orizzontale;Nuvoloso;Normale;Buona;Ore Diurne;0;0;0;2;12.4754;41.8524;-1;2;Autovettura privata;In marcia / fermata / arresto;Conducente;F;Illeso;0;;Non accertato;
4684104;8;29/11/2019 18:00:00;Strada Urbana;VIA CASILINA;all'intersezione con;VIA GRANITI;VIA GRANITI;;;Scontro laterale fra veicoli in marcia;Incrocio;Una carreggiata a doppio senso;Bagnato (pioggia);Asfaltata;Verticale ed orizzontale;Nuvoloso;Normale;Buona;Sufficiente;0;0;0;3;12.6984;41.8647;-1;1;Autocarro inferiore 35 q.;In marcia / fermata / arresto;Conducente;M;Illeso;0;;Non accertato;Inesistente
4684104;8;29/11/2019 18:00:00;Strada Urbana;VIA CASILINA;all'intersezione con;VIA GRANITI;VIA GRANITI;;;Scontro laterale fra veicoli in marcia;Incrocio;Una carreggiata a doppio senso;Bagnato (pioggia);Asfaltata;Verticale ed orizzontale;Nuvoloso;Normale;Buona;Sufficiente;0;0;0;3;12.6984;41.8647;-1;1;Autocarro inferiore 35 q.;In marcia / fermata / arresto;Passeggero;M;Illeso;0;;Non accertato;Inesploso
4684104;8;29/11/2019 18:00:00;Strada Urbana;VIA CASILINA;all'intersezione con;VIA GRANITI;VIA GRANITI;;;Scontro laterale fra veicoli in marcia;Incrocio;Una carreggiata a doppio senso;Bagnato (pioggia);Asfaltata;Verticale ed orizzontale;Nuvoloso;Normale;Buona;Sufficiente;0;0;0;3;12.6984;41.8647;-1;2;Autovettura privata;In marcia / fermata / arresto;Conducente;M;Illeso;0;;Non accertato;Inesploso
4684105;8;29/11/2019 19:25:00;Strada Urbana;VIA LETOIANNI;all'intersezione con;VIA CAMPOFIORITO;VIA CAMPOFIORITO;;;Scontro frontale/laterale SX fra veicoli in marcia;Incrocio;Una carreggiata a senso unico di marcia;Asciutto;Asfaltata;Verticale;Nuvoloso;Scarso;Sufficiente;Sufficiente;0;0;0;2;12.6947;41.8647;-1;1;Autovettura privata;In marcia / fermata / arresto;Conducente;M;Illeso;0;;Non accertato;Inesploso
4684105;8;29/11/2019 19:25:00;Strada Urbana;VIA LETOIANNI;all'intersezione con;VIA CAMPOFIORITO;VIA CAMPOFIORITO;;;Scontro frontale/laterale SX fra veicoli in marcia;Incrocio;Una carreggiata a senso unico di marcia;Asciutto;Asfaltata;Verticale;Nuvoloso;Scarso;Sufficiente;Sufficiente;0;0;0;2;12.6947;41.8647;-1;2;Autovettura privata;In marcia / fermata / arresto;Conducente;F;Illeso;0;;Non accertato;Inesploso
4684107;8;29/11/2019 22:50:00;Strada Urbana;VIALE PAOLO FERDINANDO QUAGLIA;in corrispondenza;;del civico n.;136;;Veicolo in marcia contro veicolo in sosta;Rettilineo;Una carreggiata a doppio senso;Asciutto;Asfaltata;Verticale ed orizzontale;Nuvoloso;Normale;Sufficiente;Sufficiente;0;0;0;1;12.6409;41.8683;-1;1;Autovettura privata;In marcia / fermata / arresto;Conducente;F;Illeso;0;;Non accertato;Inesploso
4684107;8;29/11/2019 22:50:00;Strada Urbana;VIALE PAOLO FERDINANDO QUAGLIA;in corrispondenza;;del civico n.;136;;Veicolo in marcia contro veicolo in sosta;Rettilineo;Una carreggiata a doppio senso;Asciutto;Asfaltata;Verticale ed orizzontale;Nuvoloso;Normale;Sufficiente;Sufficiente;0;0;0;1;12.6409;41.8683;-1;2;Autovettura privata;Sosta;;;;;;;
4684135;11;29/11/2019 12:50:00;Strada Urbana;VIA ARDEATINA;da specificare;;;;altezza civico 547;Scontro frontale/laterale DX fra veicoli in marcia;Rotatoria;Una carreggiata a doppio senso;Asciutto;Asfaltata;Verticale ed orizzontale;Sereno;Scarso;Buona;Sufficiente;0;0;0;2;12.5186;41.8264;-1;1;Autovettura privata;In marcia / fermata / arresto;Conducente;M;Illeso;0;;;
4684135;11;29/11/2019 12:50:00;Strada Urbana;VIA ARDEATINA;da specificare;;;;altezza civico 547;Scontro frontale/laterale DX fra veicoli in marcia;Rotatoria;Una carreggiata a doppio senso;Asciutto;Asfaltata;Verticale ed orizzontale;Sereno;Scarso;Buona;Sufficiente;0;0;0;2;12.5186;41.8264;-1;2;Autovettura privata;In marcia / fermata / arresto;Conducente;M;Illeso;0;;;
4684142;20;29/11/2019 19:45:00;Regionale;VIA CASSIA;da specificare;;;;fronte civico 2041;Tamponamento;Rettilineo;Una carreggiata a doppio senso;Bagnato (umidit� in atto);Asfaltata;Verticale ed orizzontale;Nuvoloso;Normale;Sufficiente;Insufficiente;1;0;0;1;12.4137;41.9828;-1;1;Quadriciclo leggero;In marcia / fermata / arresto;Conducente;M;Rimandato;0;NON DECEDUTO;;
4684142;20;29/11/2019 19:45:00;Regionale;VIA CASSIA;da specificare;;;;fronte civico 2041;Tamponamento;Rettilineo;Una carreggiata a doppio senso;Bagnato (umidit� in atto);Asfaltata;Verticale ed orizzontale;Nuvoloso;Normale;Sufficiente;Insufficiente;1;0;0;1;12.4137;41.9828;-1;2;Autovettura privata;In marcia / fermata / arresto;Conducente;M;Illeso;0;;;
4684157;20;29/11/2019 14:30:00;Strada Urbana;VIA DELLA GIUSTINIANA;in corrispondenza;;del palo luce n.;247;;Veicolo in marcia contro ostacolo accidentale;Curva senza visuale libera;Una carreggiata a doppio senso;Bagnato (pioggia);Asfaltata;Orizzontale;Pioggia in atto;Scarso;Sufficiente;Ore Diurne;0;0;0;1;12.4552;41.9947;-1;1;Motociclo a solo;In marcia / fermata / arresto;Conducente;M;Illeso;0;;Non accertato;
4684175;20;29/11/2019 14:40:00;Strada Urbana;VIA DELLA GIUSTINIANA;in corrispondenza;;del palo luce n.;247;;Veicolo in marcia contro ostacolo accidentale;Curva senza visuale libera;Una carreggiata a doppio senso;Bagnato (pioggia);Asfaltata;Orizzontale;Pioggia in atto;Scarso;Sufficiente;Ore Diurne;0;0;0;1;12.4552;41.9947;-1;1;Autovettura privata;In marcia / fermata / arresto;Conducente;M;Illeso;0;;Non accertato;
4684178;11;30/11/2019 03:35:00;Strada Urbana;VIA DELLA STAZIONE DI PAVONA;in prossimit�;;del civico n.;187;;Scontro frontale fra veicoli in marcia;Rettilineo;Una carreggiata a doppio senso;Bagnato (umidit� in atto);Asfaltata;Orizzontale;Sereno;Scarso;Buona;Sufficiente;4;0;0;0;12.5895;41.7197;-1;1;Autovettura privata;In marcia / fermata / arresto;Conducente;M;Rimandato;0;NON DECEDUTO;Non accertato;
4684178;11;30/11/2019 03:35:00;Strada Urbana;VIA DELLA STAZIONE DI PAVONA;in prossimit�;;del civico n.;187;;Scontro frontale fra veicoli in marcia;Rettilineo;Una carreggiata a doppio senso;Bagnato (umidit� in atto);Asfaltata;Orizzontale;Sereno;Scarso;Buona;Sufficiente;4;0;0;0;12.5895;41.7197;-1;1;Autovettura privata;In marcia / fermata / arresto;Passeggero;M;Rimandato;0;NON DECEDUTO;;
4684178;11;30/11/2019 03:35:00;Strada Urbana;VIA DELLA STAZIONE DI PAVONA;in prossimit�;;del civico n.;187;;Scontro frontale fra veicoli in marcia;Rettilineo;Una carreggiata a doppio senso;Bagnato (umidit� in atto);Asfaltata;Orizzontale;Sereno;Scarso;Buona;Sufficiente;4;0;0;0;12.5895;41.7197;-1;1;Autovettura privata;In marcia / fermata / arresto;Passeggero;M;Rimandato;0;NON DECEDUTO;;
4684178;11;30/11/2019 03:35:00;Strada Urbana;VIA DELLA STAZIONE DI PAVONA;in prossimit�;;del civico n.;187;;Scontro frontale fra veicoli in marcia;Rettilineo;Una carreggiata a doppio senso;Bagnato (umidit� in atto);Asfaltata;Orizzontale;Sereno;Scarso;Buona;Sufficiente;4;0;0;0;12.5895;41.7197;-1;2;Autovettura privata;In marcia / fermata / arresto;Conducente;M;Rimandato;0;NON DECEDUTO;Non accertato;
4684192;13;29/11/2019 20:30:00;Strada Urbana;VIA DEL COLLETTORE PRIMARIO;all'intersezione con;VIALE DEI ROMAGNOLI;VIALE DEI ROMAGNOLI;;;Scontro frontale fra veicoli in marcia;Incrocio;Una carreggiata a doppio senso;Asciutto;Asfaltata;Verticale ed orizzontale;Sereno;Normale;Sufficiente;Sufficiente;0;0;0;2;12.3058;41.7768;-1;1;Autovettura privata;In marcia / fermata / arresto;Conducente;M;Illeso;0;;Non accertato;Inesploso
4684192;13;29/11/2019 20:30:00;Strada Urbana;VIA DEL COLLETTORE PRIMARIO;all'intersezione con;VIALE DEI ROMAGNOLI;VIALE DEI ROMAGNOLI;;;Scontro frontale fra veicoli in marcia;Incrocio;Una carreggiata a doppio senso;Asciutto;Asfaltata;Verticale ed orizzontale;Sereno;Normale;Sufficiente;Sufficiente;0;0;0;2;12.3058;41.7768;-1;2;Autovettura privata;In marcia / fermata / arresto;Conducente;F;Illeso;0;;Non accertato;Inesploso
4684201;8;29/11/2019 12:50:00;Strada Urbana;VIALE DEI ROMANISTI;da specificare;;;;fronte civico 110;Infortunio per sola frenata improvvisa;Rettilineo;Una carreggiata a senso unico di marcia;Bagnato (pioggia);Strada pavimentata dissestata;Verticale ed orizzontale;Nuvoloso;Scarso;Buona;Ore Diurne;1;0;0;2;12.5774;41.8675;-1;1;Autovettura privata;In marcia / fermata / arresto;Conducente;F;Illeso;0;;Non accertato;Inesploso
4684201;8;29/11/2019 12:50:00;Strada Urbana;VIALE DEI ROMANISTI;da specificare;;;;fronte civico 110;Infortunio per sola frenata improvvisa;Rettilineo;Una carreggiata a senso unico di marcia;Bagnato (pioggia);Strada pavimentata dissestata;Verticale ed orizzontale;Nuvoloso;Scarso;Buona;Ore Diurne;1;0;0;2;12.5774;41.8675;-1;1;Autovettura privata;In marcia / fermata / arresto;Passeggero;M;Illeso;0;;Non accertato;Inesploso
4684201;8;29/11/2019 12:50:00;Strada Urbana;VIALE DEI ROMANISTI;da specificare;;;;fronte civico 110;Infortunio per sola frenata improvvisa;Rettilineo;Una carreggiata a senso unico di marcia;Bagnato (pioggia);Strada pavimentata dissestata;Verticale ed orizzontale;Nuvoloso;Scarso;Buona;Ore Diurne;1;0;0;2;12.5774;41.8675;-1;2;Motociclo a solo;In marcia / fermata / arresto;Conducente;M;Rimandato;0;NON DECEDUTO;Non accertato;
4684206;8;30/11/2019 00:45:00;Strada Urbana;VIA DEI CASTANI;all'intersezione con;VIA DEI GELSI;VIA DEI GELSI;;;Scontro frontale/laterale SX fra veicoli in marcia;Incrocio;Una carreggiata a doppio senso;Asciutto;Asfaltata;Verticale ed orizzontale;Sereno;Intenso;Sufficiente;Sufficiente;1;0;0;5;12.5683;41.8891;-1;1;Autovettura privata;In marcia / fermata / arresto;Conducente;M;Rifiuta cure immediate;0;NON DECEDUTO;Non accertato;Inesploso
4684206;8;30/11/2019 00:45:00;Strada Urbana;VIA DEI CASTANI;all'intersezione con;VIA DEI GELSI;VIA DEI GELSI;;;Scontro frontale/laterale SX fra veicoli in marcia;Incrocio;Una carreggiata a doppio senso;Asciutto;Asfaltata;Verticale ed orizzontale;Sereno;Intenso;Sufficiente;Sufficiente;1;0;0;5;12.5683;41.8891;-1;1;Autovettura privata;In marcia / fermata / arresto;Passeggero;M;Illeso;0;;;
4684206;8;30/11/2019 00:45:00;Strada Urbana;VIA DEI CASTANI;all'intersezione con;VIA DEI GELSI;VIA DEI GELSI;;;Scontro frontale/laterale SX fra veicoli in marcia;Incrocio;Una carreggiata a doppio senso;Asciutto;Asfaltata;Verticale ed orizzontale;Sereno;Intenso;Sufficiente;Sufficiente;1;0;0;5;12.5683;41.8891;-1;1;Autovettura privata;In marcia / fermata / arresto;Passeggero;F;Illeso;0;;;
4684206;8;30/11/2019 00:45:00;Strada Urbana;VIA DEI CASTANI;all'intersezione con;VIA DEI GELSI;VIA DEI GELSI;;;Scontro frontale/laterale SX fra veicoli in marcia;Incrocio;Una carreggiata a doppio senso;Asciutto;Asfaltata;Verticale ed orizzontale;Sereno;Intenso;Sufficiente;Sufficiente;1;0;0;5;12.5683;41.8891;-1;2;Autocarro inferiore 35 q.;In marcia / fermata / arresto;Conducente;M;Illeso;0;;Non accertato;Inesploso
4684206;8;30/11/2019 00:45:00;Strada Urbana;VIA DEI CASTANI;all'intersezione con;VIA DEI GELSI;VIA DEI GELSI;;;Scontro frontale/laterale SX fra veicoli in marcia;Incrocio;Una carreggiata a doppio senso;Asciutto;Asfaltata;Verticale ed orizzontale;Sereno;Intenso;Sufficiente;Sufficiente;1;0;0;5;12.5683;41.8891;-1;2;Autocarro inferiore 35 q.;In marcia / fermata / arresto;Passeggero;M;Illeso;0;;Non accertato;Inesploso
4684209;8;30/11/2019 05:27:00;Provinciale entro l'abitato;VIA PRENESTINA;da specificare;;;;m 30 dopo incrocio via C. Tiratelli dir. Roma;Scontro frontale/laterale DX fra veicoli in marcia;Rettilineo;Una carreggiata a doppio senso;Bagnato (umidit� in atto);Asfaltata;Verticale ed orizzontale;Nebbia;Scarso;Sufficiente;Sufficiente;2;0;0;1;12.6155;41.8933;-1;1;Autocarro inferiore 35 q.;In marcia / fermata / arresto;Conducente;M;Illeso;0;;Non accertato;Inesploso
4684209;8;30/11/2019 05:27:00;Provinciale entro l'abitato;VIA PRENESTINA;da specificare;;;;m 30 dopo incrocio via C. Tiratelli dir. Roma;Scontro frontale/laterale DX fra veicoli in marcia;Rettilineo;Una carreggiata a doppio senso;Bagnato (umidit� in atto);Asfaltata;Verticale ed orizzontale;Nebbia;Scarso;Sufficiente;Sufficiente;2;0;0;1;12.6155;41.8933;-1;2;Motociclo con passeggero;In marcia / fermata / arresto;Conducente;M;Rimandato;0;NON DECEDUTO;Non accertato;
4684209;8;30/11/2019 05:27:00;Provinciale entro l'abitato;VIA PRENESTINA;da specificare;;;;m 30 dopo incrocio via C. Tiratelli dir. Roma;Scontro frontale/laterale DX fra veicoli in marcia;Rettilineo;Una carreggiata a doppio senso;Bagnato (umidit� in atto);Asfaltata;Verticale ed orizzontale;Nebbia;Scarso;Sufficiente;Sufficiente;2;0;0;1;12.6155;41.8933;-1;2;Motociclo con passeggero;In marcia / fermata / arresto;Passeggero;M;Rimandato;0;NON DECEDUTO;Non accertato;
4684217;13;30/11/2019 01:30:00;Provinciale;VIA DEL MARE;in prossimit�;;della chilometrica;20.5;;Veicolo in marcia contro ostacolo fisso;Rettilineo;Una carreggiata a senso unico di marcia;Ghiacciato;Asfaltata;Orizzontale;Nebbia;Scarso;Sufficiente;Inesistente;0;0;0;1;12.4632;41.8403;-1;1;Autovettura privata;In marcia / fermata / arresto;Conducente;F;Illeso;0;;Non accertato;Esploso
4684237;1;29/11/2019 15:50:00;Strada Urbana;PIAZZA DI MONTE CITORIO;all'intersezione con;VIA IN AQUIRO;VIA IN AQUIRO;;;Tamponamento;Incrocio;Una carreggiata a senso unico di marcia;Bagnato (pioggia);Acciotolata;Verticale ed orizzontale;Nuvoloso;Scarso;Buona;Ore Diurne;0;0;0;2;12.4788;41.9007;-1;1;Autovettura privata;In marcia / fermata / arresto;Conducente;M;Illeso;0;;Non accertato;
4684237;1;29/11/2019 15:50:00;Strada Urbana;PIAZZA DI MONTE CITORIO;all'intersezione con;VIA IN AQUIRO;VIA IN AQUIRO;;;Tamponamento;Incrocio;Una carreggiata a senso unico di marcia;Bagnato (pioggia);Acciotolata;Verticale ed orizzontale;Nuvoloso;Scarso;Buona;Ore Diurne;0;0;0;2;12.4788;41.9007;-1;2;Autocarro inferiore 35 q.;In marcia / fermata / arresto;Conducente;M;Illeso;0;;Non accertato;
4684237;1;29/11/2019 15:50:00;Strada Urbana;PIAZZA DI MONTE CITORIO;all'intersezione con;VIA IN AQUIRO;VIA IN AQUIRO;;;Tamponamento;Incrocio;Una carreggiata a senso unico di marcia;Bagnato (pioggia);Acciotolata;Verticale ed orizzontale;Nuvoloso;Scarso;Buona;Ore Diurne;0;0;0;2;12.4788;41.9007;-1;3;Autovettura pubblica;Sosta;;;;;;;
4684285;23;29/11/2019 23:30:00;Strada Urbana;VIA TULLIO LEVI CIVITA;all'intersezione semaforizzata con;VIALE FERDINANDO BALDELLI;VIALE FERDINANDO BALDELLI;;;Scontro frontale/laterale DX fra veicoli in marcia;Intersezione semaforizzata;Due carreggiate;Asciutto;Asfaltata;Verticale ed orizzontale;Sereno;Scarso;Buona;Sufficiente;2;0;0;3;12.4739;41.857;-1;1;Autovettura privata;In marcia / fermata / arresto;Conducente;F;Illeso;0;;Non accertato;Inesploso
4684285;23;29/11/2019 23:30:00;Strada Urbana;VIA TULLIO LEVI CIVITA;all'intersezione semaforizzata con;VIALE FERDINANDO BALDELLI;VIALE FERDINANDO BALDELLI;;;Scontro frontale/laterale DX fra veicoli in marcia;Intersezione semaforizzata;Due carreggiate;Asciutto;Asfaltata;Verticale ed orizzontale;Sereno;Scarso;Buona;Sufficiente;2;0;0;3;12.4739;41.857;-1;1;Autovettura privata;In marcia / fermata / arresto;Passeggero;M;Illeso;0;;Non accertato;Inesploso
4684285;23;29/11/2019 23:30:00;Strada Urbana;VIA TULLIO LEVI CIVITA;all'intersezione semaforizzata con;VIALE FERDINANDO BALDELLI;VIALE FERDINANDO BALDELLI;;;Scontro frontale/laterale DX fra veicoli in marcia;Intersezione semaforizzata;Due carreggiate;Asciutto;Asfaltata;Verticale ed orizzontale;Sereno;Scarso;Buona;Sufficiente;2;0;0;3;12.4739;41.857;-1;2;Autovettura privata;In marcia / fermata / arresto;Conducente;M;Illeso;0;;Non accertato;Inesploso
4684285;23;29/11/2019 23:30:00;Strada Urbana;VIA TULLIO LEVI CIVITA;all'intersezione semaforizzata con;VIALE FERDINANDO BALDELLI;VIALE FERDINANDO BALDELLI;;;Scontro frontale/laterale DX fra veicoli in marcia;Intersezione semaforizzata;Due carreggiate;Asciutto;Asfaltata;Verticale ed orizzontale;Sereno;Scarso;Buona;Sufficiente;2;0;0;3;12.4739;41.857;-1;2;Autovettura privata;In marcia / fermata / arresto;Passeggero;F;Rimandato;0;NON DECEDUTO;Non accertato;Inesploso
4684285;23;29/11/2019 23:30:00;Strada Urbana;VIA TULLIO LEVI CIVITA;all'intersezione semaforizzata con;VIALE FERDINANDO BALDELLI;VIALE FERDINANDO BALDELLI;;;Scontro frontale/laterale DX fra veicoli in marcia;Intersezione semaforizzata;Due carreggiate;Asciutto;Asfaltata;Verticale ed orizzontale;Sereno;Scarso;Buona;Sufficiente;2;0;0;3;12.4739;41.857;-1;2;Autovettura privata;In marcia / fermata / arresto;Passeggero;F;Rimandato;0;NON DECEDUTO;Non accertato;Inesploso